{ ok: 1, dropped: 'iot_backup' }
2026-04-21T02:00:02.276+0700	writing iot.sensors to /tmp/mongo_clone/iot/sensors.bson
2026-04-21T02:00:02.276+0700	writing iot.prvdatas to /tmp/mongo_clone/iot/prvdatas.bson
2026-04-21T02:00:02.276+0700	writing iot.alarms to /tmp/mongo_clone/iot/alarms.bson
2026-04-21T02:00:02.276+0700	writing iot.prvcontrols to /tmp/mongo_clone/iot/prvcontrols.bson
2026-04-21T02:00:02.284+0700	done dumping iot.prvcontrols (325 documents)
2026-04-21T02:00:02.284+0700	writing iot.infos to /tmp/mongo_clone/iot/infos.bson
2026-04-21T02:00:02.284+0700	done dumping iot.infos (22 documents)
2026-04-21T02:00:02.284+0700	writing iot.groups to /tmp/mongo_clone/iot/groups.bson
2026-04-21T02:00:02.284+0700	done dumping iot.groups (9 documents)
2026-04-21T02:00:02.284+0700	writing iot.prvs to /tmp/mongo_clone/iot/prvs.bson
2026-04-21T02:00:02.285+0700	done dumping iot.prvs (3 documents)
2026-04-21T02:00:02.285+0700	writing iot.users to /tmp/mongo_clone/iot/users.bson
2026-04-21T02:00:02.285+0700	done dumping iot.users (2 documents)
2026-04-21T02:00:02.285+0700	writing iot.prvtimes to /tmp/mongo_clone/iot/prvtimes.bson
2026-04-21T02:00:02.285+0700	done dumping iot.prvtimes (0 documents)
2026-04-21T02:00:02.305+0700	done dumping iot.alarms (19640 documents)
2026-04-21T02:00:02.345+0700	done dumping iot.prvdatas (38927 documents)
2026-04-21T02:00:02.522+0700	done dumping iot.sensors (221923 documents)
2026-04-21T02:00:02.535+0700	The --db and --collection flags are deprecated for this use-case; please use --nsInclude instead, i.e. with --nsInclude=${DATABASE}.${COLLECTION}
2026-04-21T02:00:02.535+0700	building a list of collections to restore from /tmp/mongo_clone/iot dir
2026-04-21T02:00:02.535+0700	don't know what to do with file "/tmp/mongo_clone/iot/prelude.json", skipping...
2026-04-21T02:00:02.535+0700	reading metadata for iot_backup.users from /tmp/mongo_clone/iot/users.metadata.json
2026-04-21T02:00:02.535+0700	reading metadata for iot_backup.alarms from /tmp/mongo_clone/iot/alarms.metadata.json
2026-04-21T02:00:02.535+0700	reading metadata for iot_backup.groups from /tmp/mongo_clone/iot/groups.metadata.json
2026-04-21T02:00:02.535+0700	reading metadata for iot_backup.infos from /tmp/mongo_clone/iot/infos.metadata.json
2026-04-21T02:00:02.535+0700	reading metadata for iot_backup.prvdatas from /tmp/mongo_clone/iot/prvdatas.metadata.json
2026-04-21T02:00:02.535+0700	reading metadata for iot_backup.prvs from /tmp/mongo_clone/iot/prvs.metadata.json
2026-04-21T02:00:02.535+0700	reading metadata for iot_backup.sensors from /tmp/mongo_clone/iot/sensors.metadata.json
2026-04-21T02:00:02.535+0700	reading metadata for iot_backup.prvcontrols from /tmp/mongo_clone/iot/prvcontrols.metadata.json
2026-04-21T02:00:02.535+0700	reading metadata for iot_backup.prvtimes from /tmp/mongo_clone/iot/prvtimes.metadata.json
2026-04-21T02:00:02.570+0700	restoring iot_backup.sensors from /tmp/mongo_clone/iot/sensors.bson
2026-04-21T02:00:02.576+0700	restoring iot_backup.prvdatas from /tmp/mongo_clone/iot/prvdatas.bson
2026-04-21T02:00:02.584+0700	restoring iot_backup.alarms from /tmp/mongo_clone/iot/alarms.bson
2026-04-21T02:00:02.590+0700	restoring iot_backup.prvcontrols from /tmp/mongo_clone/iot/prvcontrols.bson
2026-04-21T02:00:02.601+0700	finished restoring iot_backup.prvcontrols (325 documents, 0 failures)
2026-04-21T02:00:02.625+0700	restoring iot_backup.infos from /tmp/mongo_clone/iot/infos.bson
2026-04-21T02:00:02.635+0700	finished restoring iot_backup.infos (22 documents, 0 failures)
2026-04-21T02:00:02.664+0700	restoring iot_backup.prvs from /tmp/mongo_clone/iot/prvs.bson
2026-04-21T02:00:02.678+0700	finished restoring iot_backup.prvs (3 documents, 0 failures)
2026-04-21T02:00:02.711+0700	restoring iot_backup.groups from /tmp/mongo_clone/iot/groups.bson
2026-04-21T02:00:02.730+0700	finished restoring iot_backup.groups (9 documents, 0 failures)
2026-04-21T02:00:02.749+0700	finished restoring iot_backup.alarms (19640 documents, 0 failures)
2026-04-21T02:00:02.759+0700	restoring iot_backup.users from /tmp/mongo_clone/iot/users.bson
2026-04-21T02:00:02.777+0700	finished restoring iot_backup.users (2 documents, 0 failures)
2026-04-21T02:00:02.784+0700	restoring iot_backup.prvtimes from /tmp/mongo_clone/iot/prvtimes.bson
2026-04-21T02:00:02.797+0700	finished restoring iot_backup.prvtimes (0 documents, 0 failures)
2026-04-21T02:00:02.968+0700	finished restoring iot_backup.prvdatas (38927 documents, 0 failures)
2026-04-21T02:00:04.425+0700	finished restoring iot_backup.sensors (221923 documents, 0 failures)
2026-04-21T02:00:04.425+0700	no indexes to restore for collection iot_backup.users
2026-04-21T02:00:04.425+0700	no indexes to restore for collection iot_backup.alarms
2026-04-21T02:00:04.425+0700	no indexes to restore for collection iot_backup.infos
2026-04-21T02:00:04.425+0700	restoring indexes for collection iot_backup.prvdatas from metadata
2026-04-21T02:00:04.425+0700	index: &idx.IndexDocument{Options:primitive.M{"background":true, "expireAfterSeconds":2592000, "name":"createAt_1", "v":2}, Key:primitive.D{primitive.E{Key:"createAt", Value:1}}, PartialFilterExpression:primitive.D(nil)}
2026-04-21T02:00:04.425+0700	restoring indexes for collection iot_backup.sensors from metadata
2026-04-21T02:00:04.425+0700	index: &idx.IndexDocument{Options:primitive.M{"background":true, "name":"user_1_createAt_1_index_1", "v":2}, Key:primitive.D{primitive.E{Key:"user", Value:1}, primitive.E{Key:"createAt", Value:1}, primitive.E{Key:"index", Value:1}}, PartialFilterExpression:primitive.D(nil)}
2026-04-21T02:00:04.425+0700	no indexes to restore for collection iot_backup.groups
2026-04-21T02:00:04.425+0700	no indexes to restore for collection iot_backup.prvs
2026-04-21T02:00:04.425+0700	restoring indexes for collection iot_backup.prvcontrols from metadata
2026-04-21T02:00:04.425+0700	index: &idx.IndexDocument{Options:primitive.M{"background":true, "expireAfterSeconds":86400, "name":"createAt_-1", "v":2}, Key:primitive.D{primitive.E{Key:"createAt", Value:-1}}, PartialFilterExpression:primitive.D(nil)}
2026-04-21T02:00:04.425+0700	no indexes to restore for collection iot_backup.prvtimes
2026-04-21T02:00:04.865+0700	280851 document(s) restored successfully. 0 document(s) failed to restore.
Backup clone done at Tue Apr 21 02:00:04 +07 2026
{ ok: 1, dropped: 'iot_backup' }
2026-04-22T02:00:01.500+0700	writing iot.sensors to /tmp/mongo_clone/iot/sensors.bson
2026-04-22T02:00:01.500+0700	writing iot.prvdatas to /tmp/mongo_clone/iot/prvdatas.bson
2026-04-22T02:00:01.500+0700	writing iot.alarms to /tmp/mongo_clone/iot/alarms.bson
2026-04-22T02:00:01.500+0700	writing iot.prvcontrols to /tmp/mongo_clone/iot/prvcontrols.bson
2026-04-22T02:00:01.502+0700	done dumping iot.prvcontrols (370 documents)
2026-04-22T02:00:01.502+0700	writing iot.infos to /tmp/mongo_clone/iot/infos.bson
2026-04-22T02:00:01.503+0700	done dumping iot.infos (22 documents)
2026-04-22T02:00:01.503+0700	writing iot.groups to /tmp/mongo_clone/iot/groups.bson
2026-04-22T02:00:01.503+0700	done dumping iot.groups (9 documents)
2026-04-22T02:00:01.503+0700	writing iot.prvs to /tmp/mongo_clone/iot/prvs.bson
2026-04-22T02:00:01.503+0700	done dumping iot.prvs (3 documents)
2026-04-22T02:00:01.503+0700	writing iot.users to /tmp/mongo_clone/iot/users.bson
2026-04-22T02:00:01.504+0700	done dumping iot.users (2 documents)
2026-04-22T02:00:01.504+0700	writing iot.prvtimes to /tmp/mongo_clone/iot/prvtimes.bson
2026-04-22T02:00:01.504+0700	done dumping iot.prvtimes (0 documents)
2026-04-22T02:00:01.530+0700	done dumping iot.alarms (21386 documents)
2026-04-22T02:00:01.554+0700	done dumping iot.prvdatas (42273 documents)
2026-04-22T02:00:01.754+0700	done dumping iot.sensors (247784 documents)
2026-04-22T02:00:01.766+0700	The --db and --collection flags are deprecated for this use-case; please use --nsInclude instead, i.e. with --nsInclude=${DATABASE}.${COLLECTION}
2026-04-22T02:00:01.766+0700	building a list of collections to restore from /tmp/mongo_clone/iot dir
2026-04-22T02:00:01.766+0700	don't know what to do with file "/tmp/mongo_clone/iot/prelude.json", skipping...
2026-04-22T02:00:01.766+0700	reading metadata for iot_backup.infos from /tmp/mongo_clone/iot/infos.metadata.json
2026-04-22T02:00:01.766+0700	reading metadata for iot_backup.prvdatas from /tmp/mongo_clone/iot/prvdatas.metadata.json
2026-04-22T02:00:01.766+0700	reading metadata for iot_backup.users from /tmp/mongo_clone/iot/users.metadata.json
2026-04-22T02:00:01.766+0700	reading metadata for iot_backup.alarms from /tmp/mongo_clone/iot/alarms.metadata.json
2026-04-22T02:00:01.766+0700	reading metadata for iot_backup.groups from /tmp/mongo_clone/iot/groups.metadata.json
2026-04-22T02:00:01.766+0700	reading metadata for iot_backup.prvtimes from /tmp/mongo_clone/iot/prvtimes.metadata.json
2026-04-22T02:00:01.766+0700	reading metadata for iot_backup.sensors from /tmp/mongo_clone/iot/sensors.metadata.json
2026-04-22T02:00:01.766+0700	reading metadata for iot_backup.prvcontrols from /tmp/mongo_clone/iot/prvcontrols.metadata.json
2026-04-22T02:00:01.766+0700	reading metadata for iot_backup.prvs from /tmp/mongo_clone/iot/prvs.metadata.json
2026-04-22T02:00:01.809+0700	restoring iot_backup.sensors from /tmp/mongo_clone/iot/sensors.bson
2026-04-22T02:00:01.823+0700	restoring iot_backup.prvdatas from /tmp/mongo_clone/iot/prvdatas.bson
2026-04-22T02:00:01.835+0700	restoring iot_backup.alarms from /tmp/mongo_clone/iot/alarms.bson
2026-04-22T02:00:01.861+0700	restoring iot_backup.prvcontrols from /tmp/mongo_clone/iot/prvcontrols.bson
2026-04-22T02:00:01.872+0700	finished restoring iot_backup.prvcontrols (370 documents, 0 failures)
2026-04-22T02:00:01.899+0700	restoring iot_backup.infos from /tmp/mongo_clone/iot/infos.bson
2026-04-22T02:00:01.910+0700	finished restoring iot_backup.infos (22 documents, 0 failures)
2026-04-22T02:00:01.936+0700	restoring iot_backup.prvs from /tmp/mongo_clone/iot/prvs.bson
2026-04-22T02:00:01.946+0700	finished restoring iot_backup.prvs (3 documents, 0 failures)
2026-04-22T02:00:01.969+0700	restoring iot_backup.groups from /tmp/mongo_clone/iot/groups.bson
2026-04-22T02:00:01.983+0700	finished restoring iot_backup.groups (9 documents, 0 failures)
2026-04-22T02:00:02.005+0700	finished restoring iot_backup.alarms (21386 documents, 0 failures)
2026-04-22T02:00:02.018+0700	restoring iot_backup.users from /tmp/mongo_clone/iot/users.bson
2026-04-22T02:00:02.036+0700	finished restoring iot_backup.users (2 documents, 0 failures)
2026-04-22T02:00:02.046+0700	restoring iot_backup.prvtimes from /tmp/mongo_clone/iot/prvtimes.bson
2026-04-22T02:00:02.065+0700	finished restoring iot_backup.prvtimes (0 documents, 0 failures)
2026-04-22T02:00:02.229+0700	finished restoring iot_backup.prvdatas (42273 documents, 0 failures)
2026-04-22T02:00:03.862+0700	finished restoring iot_backup.sensors (247784 documents, 0 failures)
2026-04-22T02:00:03.862+0700	no indexes to restore for collection iot_backup.groups
2026-04-22T02:00:03.862+0700	restoring indexes for collection iot_backup.sensors from metadata
2026-04-22T02:00:03.862+0700	index: &idx.IndexDocument{Options:primitive.M{"background":true, "name":"user_1_createAt_1_index_1", "v":2}, Key:primitive.D{primitive.E{Key:"user", Value:1}, primitive.E{Key:"createAt", Value:1}, primitive.E{Key:"index", Value:1}}, PartialFilterExpression:primitive.D(nil)}
2026-04-22T02:00:03.862+0700	no indexes to restore for collection iot_backup.users
2026-04-22T02:00:03.862+0700	no indexes to restore for collection iot_backup.alarms
2026-04-22T02:00:03.862+0700	no indexes to restore for collection iot_backup.prvtimes
2026-04-22T02:00:03.862+0700	restoring indexes for collection iot_backup.prvcontrols from metadata
2026-04-22T02:00:03.862+0700	index: &idx.IndexDocument{Options:primitive.M{"background":true, "expireAfterSeconds":86400, "name":"createAt_-1", "v":2}, Key:primitive.D{primitive.E{Key:"createAt", Value:-1}}, PartialFilterExpression:primitive.D(nil)}
2026-04-22T02:00:03.862+0700	no indexes to restore for collection iot_backup.prvs
2026-04-22T02:00:03.862+0700	no indexes to restore for collection iot_backup.infos
2026-04-22T02:00:03.862+0700	restoring indexes for collection iot_backup.prvdatas from metadata
2026-04-22T02:00:03.862+0700	index: &idx.IndexDocument{Options:primitive.M{"background":true, "expireAfterSeconds":2592000, "name":"createAt_1", "v":2}, Key:primitive.D{primitive.E{Key:"createAt", Value:1}}, PartialFilterExpression:primitive.D(nil)}
2026-04-22T02:00:04.348+0700	311849 document(s) restored successfully. 0 document(s) failed to restore.
Backup clone done at Wed Apr 22 02:00:04 +07 2026
{ ok: 1, dropped: 'iot_backup' }
2026-04-23T02:00:01.958+0700	writing iot.sensors to /tmp/mongo_clone/iot/sensors.bson
2026-04-23T02:00:01.958+0700	writing iot.prvdatas to /tmp/mongo_clone/iot/prvdatas.bson
2026-04-23T02:00:01.958+0700	writing iot.alarms to /tmp/mongo_clone/iot/alarms.bson
2026-04-23T02:00:01.958+0700	writing iot.prvcontrols to /tmp/mongo_clone/iot/prvcontrols.bson
2026-04-23T02:00:01.964+0700	done dumping iot.prvcontrols (417 documents)
2026-04-23T02:00:01.964+0700	writing iot.infos to /tmp/mongo_clone/iot/infos.bson
2026-04-23T02:00:01.964+0700	done dumping iot.infos (22 documents)
2026-04-23T02:00:01.964+0700	writing iot.groups to /tmp/mongo_clone/iot/groups.bson
2026-04-23T02:00:01.965+0700	done dumping iot.groups (9 documents)
2026-04-23T02:00:01.965+0700	writing iot.prvs to /tmp/mongo_clone/iot/prvs.bson
2026-04-23T02:00:01.965+0700	done dumping iot.prvs (3 documents)
2026-04-23T02:00:01.965+0700	writing iot.users to /tmp/mongo_clone/iot/users.bson
2026-04-23T02:00:01.965+0700	done dumping iot.users (2 documents)
2026-04-23T02:00:01.965+0700	writing iot.prvtimes to /tmp/mongo_clone/iot/prvtimes.bson
2026-04-23T02:00:01.966+0700	done dumping iot.prvtimes (0 documents)
2026-04-23T02:00:01.989+0700	done dumping iot.alarms (22319 documents)
2026-04-23T02:00:02.014+0700	done dumping iot.prvdatas (45648 documents)
2026-04-23T02:00:02.248+0700	done dumping iot.sensors (274342 documents)
2026-04-23T02:00:02.260+0700	The --db and --collection flags are deprecated for this use-case; please use --nsInclude instead, i.e. with --nsInclude=${DATABASE}.${COLLECTION}
2026-04-23T02:00:02.261+0700	building a list of collections to restore from /tmp/mongo_clone/iot dir
2026-04-23T02:00:02.261+0700	don't know what to do with file "/tmp/mongo_clone/iot/prelude.json", skipping...
2026-04-23T02:00:02.261+0700	reading metadata for iot_backup.prvtimes from /tmp/mongo_clone/iot/prvtimes.metadata.json
2026-04-23T02:00:02.261+0700	reading metadata for iot_backup.sensors from /tmp/mongo_clone/iot/sensors.metadata.json
2026-04-23T02:00:02.261+0700	reading metadata for iot_backup.users from /tmp/mongo_clone/iot/users.metadata.json
2026-04-23T02:00:02.261+0700	reading metadata for iot_backup.alarms from /tmp/mongo_clone/iot/alarms.metadata.json
2026-04-23T02:00:02.261+0700	reading metadata for iot_backup.groups from /tmp/mongo_clone/iot/groups.metadata.json
2026-04-23T02:00:02.261+0700	reading metadata for iot_backup.prvdatas from /tmp/mongo_clone/iot/prvdatas.metadata.json
2026-04-23T02:00:02.261+0700	reading metadata for iot_backup.prvs from /tmp/mongo_clone/iot/prvs.metadata.json
2026-04-23T02:00:02.261+0700	reading metadata for iot_backup.infos from /tmp/mongo_clone/iot/infos.metadata.json
2026-04-23T02:00:02.261+0700	reading metadata for iot_backup.prvcontrols from /tmp/mongo_clone/iot/prvcontrols.metadata.json
2026-04-23T02:00:02.295+0700	restoring iot_backup.sensors from /tmp/mongo_clone/iot/sensors.bson
2026-04-23T02:00:02.302+0700	restoring iot_backup.prvdatas from /tmp/mongo_clone/iot/prvdatas.bson
2026-04-23T02:00:02.313+0700	restoring iot_backup.alarms from /tmp/mongo_clone/iot/alarms.bson
2026-04-23T02:00:02.323+0700	restoring iot_backup.prvcontrols from /tmp/mongo_clone/iot/prvcontrols.bson
2026-04-23T02:00:02.334+0700	finished restoring iot_backup.prvcontrols (417 documents, 0 failures)
2026-04-23T02:00:02.363+0700	restoring iot_backup.infos from /tmp/mongo_clone/iot/infos.bson
2026-04-23T02:00:02.373+0700	finished restoring iot_backup.infos (22 documents, 0 failures)
2026-04-23T02:00:02.395+0700	restoring iot_backup.prvs from /tmp/mongo_clone/iot/prvs.bson
2026-04-23T02:00:02.409+0700	finished restoring iot_backup.prvs (3 documents, 0 failures)
2026-04-23T02:00:02.430+0700	restoring iot_backup.groups from /tmp/mongo_clone/iot/groups.bson
2026-04-23T02:00:02.448+0700	finished restoring iot_backup.groups (9 documents, 0 failures)
2026-04-23T02:00:02.469+0700	restoring iot_backup.users from /tmp/mongo_clone/iot/users.bson
2026-04-23T02:00:02.479+0700	finished restoring iot_backup.users (2 documents, 0 failures)
2026-04-23T02:00:02.498+0700	finished restoring iot_backup.alarms (22319 documents, 0 failures)
2026-04-23T02:00:02.505+0700	restoring iot_backup.prvtimes from /tmp/mongo_clone/iot/prvtimes.bson
2026-04-23T02:00:02.517+0700	finished restoring iot_backup.prvtimes (0 documents, 0 failures)
2026-04-23T02:00:02.754+0700	finished restoring iot_backup.prvdatas (45648 documents, 0 failures)
2026-04-23T02:00:04.612+0700	finished restoring iot_backup.sensors (274342 documents, 0 failures)
2026-04-23T02:00:04.612+0700	no indexes to restore for collection iot_backup.prvtimes
2026-04-23T02:00:04.612+0700	restoring indexes for collection iot_backup.sensors from metadata
2026-04-23T02:00:04.612+0700	index: &idx.IndexDocument{Options:primitive.M{"background":true, "name":"user_1_createAt_1_index_1", "v":2}, Key:primitive.D{primitive.E{Key:"user", Value:1}, primitive.E{Key:"createAt", Value:1}, primitive.E{Key:"index", Value:1}}, PartialFilterExpression:primitive.D(nil)}
2026-04-23T02:00:04.612+0700	no indexes to restore for collection iot_backup.users
2026-04-23T02:00:04.612+0700	no indexes to restore for collection iot_backup.alarms
2026-04-23T02:00:04.612+0700	no indexes to restore for collection iot_backup.groups
2026-04-23T02:00:04.612+0700	restoring indexes for collection iot_backup.prvdatas from metadata
2026-04-23T02:00:04.612+0700	index: &idx.IndexDocument{Options:primitive.M{"background":true, "expireAfterSeconds":2592000, "name":"createAt_1", "v":2}, Key:primitive.D{primitive.E{Key:"createAt", Value:1}}, PartialFilterExpression:primitive.D(nil)}
2026-04-23T02:00:04.613+0700	no indexes to restore for collection iot_backup.prvs
2026-04-23T02:00:04.613+0700	no indexes to restore for collection iot_backup.infos
2026-04-23T02:00:04.613+0700	restoring indexes for collection iot_backup.prvcontrols from metadata
2026-04-23T02:00:04.613+0700	index: &idx.IndexDocument{Options:primitive.M{"background":true, "expireAfterSeconds":86400, "name":"createAt_-1", "v":2}, Key:primitive.D{primitive.E{Key:"createAt", Value:-1}}, PartialFilterExpression:primitive.D(nil)}
2026-04-23T02:00:05.135+0700	342762 document(s) restored successfully. 0 document(s) failed to restore.
Backup clone done at Thu Apr 23 02:00:05 +07 2026
{ ok: 1, dropped: 'iot_backup' }
2026-04-24T02:00:01.750+0700	writing iot.sensors to /tmp/mongo_clone/iot/sensors.bson
2026-04-24T02:00:01.750+0700	writing iot.prvdatas to /tmp/mongo_clone/iot/prvdatas.bson
2026-04-24T02:00:01.750+0700	writing iot.alarms to /tmp/mongo_clone/iot/alarms.bson
2026-04-24T02:00:01.750+0700	writing iot.prvcontrols to /tmp/mongo_clone/iot/prvcontrols.bson
2026-04-24T02:00:01.755+0700	done dumping iot.prvcontrols (480 documents)
2026-04-24T02:00:01.755+0700	writing iot.infos to /tmp/mongo_clone/iot/infos.bson
2026-04-24T02:00:01.756+0700	done dumping iot.infos (22 documents)
2026-04-24T02:00:01.756+0700	writing iot.groups to /tmp/mongo_clone/iot/groups.bson
2026-04-24T02:00:01.756+0700	done dumping iot.groups (9 documents)
2026-04-24T02:00:01.756+0700	writing iot.prvs to /tmp/mongo_clone/iot/prvs.bson
2026-04-24T02:00:01.757+0700	done dumping iot.prvs (3 documents)
2026-04-24T02:00:01.757+0700	writing iot.users to /tmp/mongo_clone/iot/users.bson
2026-04-24T02:00:01.757+0700	done dumping iot.users (2 documents)
2026-04-24T02:00:01.757+0700	writing iot.prvtimes to /tmp/mongo_clone/iot/prvtimes.bson
2026-04-24T02:00:01.757+0700	done dumping iot.prvtimes (0 documents)
2026-04-24T02:00:01.780+0700	done dumping iot.alarms (23606 documents)
2026-04-24T02:00:01.819+0700	done dumping iot.prvdatas (49564 documents)
2026-04-24T02:00:02.067+0700	done dumping iot.sensors (301782 documents)
2026-04-24T02:00:02.079+0700	The --db and --collection flags are deprecated for this use-case; please use --nsInclude instead, i.e. with --nsInclude=${DATABASE}.${COLLECTION}
2026-04-24T02:00:02.079+0700	building a list of collections to restore from /tmp/mongo_clone/iot dir
2026-04-24T02:00:02.079+0700	don't know what to do with file "/tmp/mongo_clone/iot/prelude.json", skipping...
2026-04-24T02:00:02.079+0700	reading metadata for iot_backup.alarms from /tmp/mongo_clone/iot/alarms.metadata.json
2026-04-24T02:00:02.079+0700	reading metadata for iot_backup.groups from /tmp/mongo_clone/iot/groups.metadata.json
2026-04-24T02:00:02.079+0700	reading metadata for iot_backup.prvdatas from /tmp/mongo_clone/iot/prvdatas.metadata.json
2026-04-24T02:00:02.079+0700	reading metadata for iot_backup.prvs from /tmp/mongo_clone/iot/prvs.metadata.json
2026-04-24T02:00:02.079+0700	reading metadata for iot_backup.sensors from /tmp/mongo_clone/iot/sensors.metadata.json
2026-04-24T02:00:02.079+0700	reading metadata for iot_backup.users from /tmp/mongo_clone/iot/users.metadata.json
2026-04-24T02:00:02.079+0700	reading metadata for iot_backup.infos from /tmp/mongo_clone/iot/infos.metadata.json
2026-04-24T02:00:02.080+0700	reading metadata for iot_backup.prvcontrols from /tmp/mongo_clone/iot/prvcontrols.metadata.json
2026-04-24T02:00:02.080+0700	reading metadata for iot_backup.prvtimes from /tmp/mongo_clone/iot/prvtimes.metadata.json
2026-04-24T02:00:02.115+0700	restoring iot_backup.sensors from /tmp/mongo_clone/iot/sensors.bson
2026-04-24T02:00:02.122+0700	restoring iot_backup.prvdatas from /tmp/mongo_clone/iot/prvdatas.bson
2026-04-24T02:00:02.133+0700	restoring iot_backup.alarms from /tmp/mongo_clone/iot/alarms.bson
2026-04-24T02:00:02.159+0700	restoring iot_backup.prvcontrols from /tmp/mongo_clone/iot/prvcontrols.bson
2026-04-24T02:00:02.169+0700	finished restoring iot_backup.prvcontrols (480 documents, 0 failures)
2026-04-24T02:00:02.190+0700	restoring iot_backup.infos from /tmp/mongo_clone/iot/infos.bson
2026-04-24T02:00:02.201+0700	finished restoring iot_backup.infos (22 documents, 0 failures)
2026-04-24T02:00:02.228+0700	restoring iot_backup.prvs from /tmp/mongo_clone/iot/prvs.bson
2026-04-24T02:00:02.239+0700	finished restoring iot_backup.prvs (3 documents, 0 failures)
2026-04-24T02:00:02.272+0700	restoring iot_backup.groups from /tmp/mongo_clone/iot/groups.bson
2026-04-24T02:00:02.282+0700	finished restoring iot_backup.groups (9 documents, 0 failures)
2026-04-24T02:00:02.326+0700	finished restoring iot_backup.alarms (23606 documents, 0 failures)
2026-04-24T02:00:02.326+0700	restoring iot_backup.users from /tmp/mongo_clone/iot/users.bson
2026-04-24T02:00:02.345+0700	finished restoring iot_backup.users (2 documents, 0 failures)
2026-04-24T02:00:02.350+0700	restoring iot_backup.prvtimes from /tmp/mongo_clone/iot/prvtimes.bson
2026-04-24T02:00:02.361+0700	finished restoring iot_backup.prvtimes (0 documents, 0 failures)
2026-04-24T02:00:02.614+0700	finished restoring iot_backup.prvdatas (49564 documents, 0 failures)
2026-04-24T02:00:04.577+0700	finished restoring iot_backup.sensors (301782 documents, 0 failures)
2026-04-24T02:00:04.577+0700	restoring indexes for collection iot_backup.sensors from metadata
2026-04-24T02:00:04.577+0700	index: &idx.IndexDocument{Options:primitive.M{"background":true, "name":"user_1_createAt_1_index_1", "v":2}, Key:primitive.D{primitive.E{Key:"user", Value:1}, primitive.E{Key:"createAt", Value:1}, primitive.E{Key:"index", Value:1}}, PartialFilterExpression:primitive.D(nil)}
2026-04-24T02:00:04.577+0700	no indexes to restore for collection iot_backup.infos
2026-04-24T02:00:04.577+0700	no indexes to restore for collection iot_backup.prvtimes
2026-04-24T02:00:04.577+0700	no indexes to restore for collection iot_backup.alarms
2026-04-24T02:00:04.577+0700	no indexes to restore for collection iot_backup.groups
2026-04-24T02:00:04.577+0700	restoring indexes for collection iot_backup.prvdatas from metadata
2026-04-24T02:00:04.577+0700	index: &idx.IndexDocument{Options:primitive.M{"background":true, "expireAfterSeconds":2592000, "name":"createAt_1", "v":2}, Key:primitive.D{primitive.E{Key:"createAt", Value:1}}, PartialFilterExpression:primitive.D(nil)}
2026-04-24T02:00:04.577+0700	no indexes to restore for collection iot_backup.prvs
2026-04-24T02:00:04.577+0700	restoring indexes for collection iot_backup.prvcontrols from metadata
2026-04-24T02:00:04.577+0700	index: &idx.IndexDocument{Options:primitive.M{"background":true, "expireAfterSeconds":86400, "name":"createAt_-1", "v":2}, Key:primitive.D{primitive.E{Key:"createAt", Value:-1}}, PartialFilterExpression:primitive.D(nil)}
2026-04-24T02:00:04.577+0700	no indexes to restore for collection iot_backup.users
2026-04-24T02:00:05.168+0700	375468 document(s) restored successfully. 0 document(s) failed to restore.
Backup clone done at Fri Apr 24 02:00:05 +07 2026
{ ok: 1, dropped: 'iot_backup' }
2026-04-25T02:00:01.784+0700	writing iot.sensors to /tmp/mongo_clone/iot/sensors.bson
2026-04-25T02:00:01.784+0700	writing iot.prvdatas to /tmp/mongo_clone/iot/prvdatas.bson
2026-04-25T02:00:01.784+0700	writing iot.alarms to /tmp/mongo_clone/iot/alarms.bson
2026-04-25T02:00:01.784+0700	writing iot.prvcontrols to /tmp/mongo_clone/iot/prvcontrols.bson
2026-04-25T02:00:01.788+0700	done dumping iot.prvcontrols (479 documents)
2026-04-25T02:00:01.788+0700	writing iot.infos to /tmp/mongo_clone/iot/infos.bson
2026-04-25T02:00:01.789+0700	done dumping iot.infos (22 documents)
2026-04-25T02:00:01.789+0700	writing iot.groups to /tmp/mongo_clone/iot/groups.bson
2026-04-25T02:00:01.789+0700	done dumping iot.groups (9 documents)
2026-04-25T02:00:01.789+0700	writing iot.prvs to /tmp/mongo_clone/iot/prvs.bson
2026-04-25T02:00:01.789+0700	done dumping iot.prvs (3 documents)
2026-04-25T02:00:01.789+0700	writing iot.users to /tmp/mongo_clone/iot/users.bson
2026-04-25T02:00:01.790+0700	done dumping iot.users (2 documents)
2026-04-25T02:00:01.790+0700	writing iot.prvtimes to /tmp/mongo_clone/iot/prvtimes.bson
2026-04-25T02:00:01.790+0700	done dumping iot.prvtimes (0 documents)
2026-04-25T02:00:01.822+0700	done dumping iot.alarms (25088 documents)
2026-04-25T02:00:01.853+0700	done dumping iot.prvdatas (53510 documents)
2026-04-25T02:00:02.141+0700	done dumping iot.sensors (328937 documents)
2026-04-25T02:00:02.155+0700	The --db and --collection flags are deprecated for this use-case; please use --nsInclude instead, i.e. with --nsInclude=${DATABASE}.${COLLECTION}
2026-04-25T02:00:02.155+0700	building a list of collections to restore from /tmp/mongo_clone/iot dir
2026-04-25T02:00:02.155+0700	don't know what to do with file "/tmp/mongo_clone/iot/prelude.json", skipping...
2026-04-25T02:00:02.155+0700	reading metadata for iot_backup.infos from /tmp/mongo_clone/iot/infos.metadata.json
2026-04-25T02:00:02.155+0700	reading metadata for iot_backup.prvdatas from /tmp/mongo_clone/iot/prvdatas.metadata.json
2026-04-25T02:00:02.155+0700	reading metadata for iot_backup.alarms from /tmp/mongo_clone/iot/alarms.metadata.json
2026-04-25T02:00:02.155+0700	reading metadata for iot_backup.groups from /tmp/mongo_clone/iot/groups.metadata.json
2026-04-25T02:00:02.155+0700	reading metadata for iot_backup.prvcontrols from /tmp/mongo_clone/iot/prvcontrols.metadata.json
2026-04-25T02:00:02.155+0700	reading metadata for iot_backup.prvs from /tmp/mongo_clone/iot/prvs.metadata.json
2026-04-25T02:00:02.155+0700	reading metadata for iot_backup.prvtimes from /tmp/mongo_clone/iot/prvtimes.metadata.json
2026-04-25T02:00:02.155+0700	reading metadata for iot_backup.sensors from /tmp/mongo_clone/iot/sensors.metadata.json
2026-04-25T02:00:02.155+0700	reading metadata for iot_backup.users from /tmp/mongo_clone/iot/users.metadata.json
2026-04-25T02:00:02.204+0700	restoring iot_backup.sensors from /tmp/mongo_clone/iot/sensors.bson
2026-04-25T02:00:02.210+0700	restoring iot_backup.prvdatas from /tmp/mongo_clone/iot/prvdatas.bson
2026-04-25T02:00:02.218+0700	restoring iot_backup.alarms from /tmp/mongo_clone/iot/alarms.bson
2026-04-25T02:00:02.225+0700	restoring iot_backup.prvcontrols from /tmp/mongo_clone/iot/prvcontrols.bson
2026-04-25T02:00:02.236+0700	finished restoring iot_backup.prvcontrols (479 documents, 0 failures)
2026-04-25T02:00:02.302+0700	restoring iot_backup.infos from /tmp/mongo_clone/iot/infos.bson
2026-04-25T02:00:02.313+0700	finished restoring iot_backup.infos (22 documents, 0 failures)
2026-04-25T02:00:02.353+0700	restoring iot_backup.prvs from /tmp/mongo_clone/iot/prvs.bson
2026-04-25T02:00:02.364+0700	finished restoring iot_backup.prvs (3 documents, 0 failures)
2026-04-25T02:00:02.405+0700	restoring iot_backup.groups from /tmp/mongo_clone/iot/groups.bson
2026-04-25T02:00:02.423+0700	finished restoring iot_backup.alarms (25088 documents, 0 failures)
2026-04-25T02:00:02.424+0700	finished restoring iot_backup.groups (9 documents, 0 failures)
2026-04-25T02:00:02.589+0700	restoring iot_backup.users from /tmp/mongo_clone/iot/users.bson
2026-04-25T02:00:02.598+0700	restoring iot_backup.prvtimes from /tmp/mongo_clone/iot/prvtimes.bson
2026-04-25T02:00:02.608+0700	finished restoring iot_backup.users (2 documents, 0 failures)
2026-04-25T02:00:02.617+0700	finished restoring iot_backup.prvtimes (0 documents, 0 failures)
2026-04-25T02:00:02.745+0700	finished restoring iot_backup.prvdatas (53510 documents, 0 failures)
2026-04-25T02:00:04.919+0700	finished restoring iot_backup.sensors (328937 documents, 0 failures)
2026-04-25T02:00:04.919+0700	restoring indexes for collection iot_backup.prvdatas from metadata
2026-04-25T02:00:04.919+0700	index: &idx.IndexDocument{Options:primitive.M{"background":true, "expireAfterSeconds":2592000, "name":"createAt_1", "v":2}, Key:primitive.D{primitive.E{Key:"createAt", Value:1}}, PartialFilterExpression:primitive.D(nil)}
2026-04-25T02:00:04.919+0700	no indexes to restore for collection iot_backup.groups
2026-04-25T02:00:04.919+0700	restoring indexes for collection iot_backup.prvcontrols from metadata
2026-04-25T02:00:04.919+0700	index: &idx.IndexDocument{Options:primitive.M{"background":true, "expireAfterSeconds":86400, "name":"createAt_-1", "v":2}, Key:primitive.D{primitive.E{Key:"createAt", Value:-1}}, PartialFilterExpression:primitive.D(nil)}
2026-04-25T02:00:04.919+0700	no indexes to restore for collection iot_backup.prvs
2026-04-25T02:00:04.919+0700	no indexes to restore for collection iot_backup.users
2026-04-25T02:00:04.919+0700	no indexes to restore for collection iot_backup.infos
2026-04-25T02:00:04.919+0700	no indexes to restore for collection iot_backup.alarms
2026-04-25T02:00:04.919+0700	no indexes to restore for collection iot_backup.prvtimes
2026-04-25T02:00:04.919+0700	restoring indexes for collection iot_backup.sensors from metadata
2026-04-25T02:00:04.919+0700	index: &idx.IndexDocument{Options:primitive.M{"background":true, "name":"user_1_createAt_1_index_1", "v":2}, Key:primitive.D{primitive.E{Key:"user", Value:1}, primitive.E{Key:"createAt", Value:1}, primitive.E{Key:"index", Value:1}}, PartialFilterExpression:primitive.D(nil)}
2026-04-25T02:00:05.591+0700	408050 document(s) restored successfully. 0 document(s) failed to restore.
Backup clone done at Sat Apr 25 02:00:05 +07 2026
{ ok: 1, dropped: 'iot_backup' }
2026-04-26T02:00:02.215+0700	writing iot.sensors to /tmp/mongo_clone/iot/sensors.bson
2026-04-26T02:00:02.215+0700	writing iot.prvdatas to /tmp/mongo_clone/iot/prvdatas.bson
2026-04-26T02:00:02.215+0700	writing iot.alarms to /tmp/mongo_clone/iot/alarms.bson
2026-04-26T02:00:02.215+0700	writing iot.prvcontrols to /tmp/mongo_clone/iot/prvcontrols.bson
2026-04-26T02:00:02.220+0700	done dumping iot.prvcontrols (512 documents)
2026-04-26T02:00:02.220+0700	writing iot.infos to /tmp/mongo_clone/iot/infos.bson
2026-04-26T02:00:02.220+0700	done dumping iot.infos (22 documents)
2026-04-26T02:00:02.220+0700	writing iot.groups to /tmp/mongo_clone/iot/groups.bson
2026-04-26T02:00:02.221+0700	done dumping iot.groups (9 documents)
2026-04-26T02:00:02.221+0700	writing iot.prvs to /tmp/mongo_clone/iot/prvs.bson
2026-04-26T02:00:02.221+0700	done dumping iot.prvs (3 documents)
2026-04-26T02:00:02.221+0700	writing iot.users to /tmp/mongo_clone/iot/users.bson
2026-04-26T02:00:02.222+0700	done dumping iot.users (2 documents)
2026-04-26T02:00:02.222+0700	writing iot.prvtimes to /tmp/mongo_clone/iot/prvtimes.bson
2026-04-26T02:00:02.222+0700	done dumping iot.prvtimes (0 documents)
2026-04-26T02:00:02.253+0700	done dumping iot.alarms (27517 documents)
2026-04-26T02:00:02.300+0700	done dumping iot.prvdatas (58225 documents)
2026-04-26T02:00:02.598+0700	done dumping iot.sensors (356853 documents)
2026-04-26T02:00:02.610+0700	The --db and --collection flags are deprecated for this use-case; please use --nsInclude instead, i.e. with --nsInclude=${DATABASE}.${COLLECTION}
2026-04-26T02:00:02.611+0700	building a list of collections to restore from /tmp/mongo_clone/iot dir
2026-04-26T02:00:02.611+0700	don't know what to do with file "/tmp/mongo_clone/iot/prelude.json", skipping...
2026-04-26T02:00:02.611+0700	reading metadata for iot_backup.prvtimes from /tmp/mongo_clone/iot/prvtimes.metadata.json
2026-04-26T02:00:02.611+0700	reading metadata for iot_backup.sensors from /tmp/mongo_clone/iot/sensors.metadata.json
2026-04-26T02:00:02.611+0700	reading metadata for iot_backup.users from /tmp/mongo_clone/iot/users.metadata.json
2026-04-26T02:00:02.611+0700	reading metadata for iot_backup.alarms from /tmp/mongo_clone/iot/alarms.metadata.json
2026-04-26T02:00:02.611+0700	reading metadata for iot_backup.infos from /tmp/mongo_clone/iot/infos.metadata.json
2026-04-26T02:00:02.611+0700	reading metadata for iot_backup.prvcontrols from /tmp/mongo_clone/iot/prvcontrols.metadata.json
2026-04-26T02:00:02.611+0700	reading metadata for iot_backup.prvdatas from /tmp/mongo_clone/iot/prvdatas.metadata.json
2026-04-26T02:00:02.611+0700	reading metadata for iot_backup.prvs from /tmp/mongo_clone/iot/prvs.metadata.json
2026-04-26T02:00:02.611+0700	reading metadata for iot_backup.groups from /tmp/mongo_clone/iot/groups.metadata.json
2026-04-26T02:00:02.667+0700	restoring iot_backup.sensors from /tmp/mongo_clone/iot/sensors.bson
2026-04-26T02:00:02.673+0700	restoring iot_backup.prvdatas from /tmp/mongo_clone/iot/prvdatas.bson
2026-04-26T02:00:02.690+0700	restoring iot_backup.prvcontrols from /tmp/mongo_clone/iot/prvcontrols.bson
2026-04-26T02:00:02.701+0700	finished restoring iot_backup.prvcontrols (512 documents, 0 failures)
2026-04-26T02:00:02.702+0700	restoring iot_backup.alarms from /tmp/mongo_clone/iot/alarms.bson
2026-04-26T02:00:02.731+0700	restoring iot_backup.infos from /tmp/mongo_clone/iot/infos.bson
2026-04-26T02:00:02.742+0700	finished restoring iot_backup.infos (22 documents, 0 failures)
2026-04-26T02:00:02.766+0700	restoring iot_backup.prvs from /tmp/mongo_clone/iot/prvs.bson
2026-04-26T02:00:02.783+0700	finished restoring iot_backup.prvs (3 documents, 0 failures)
2026-04-26T02:00:02.813+0700	restoring iot_backup.groups from /tmp/mongo_clone/iot/groups.bson
2026-04-26T02:00:02.824+0700	finished restoring iot_backup.groups (9 documents, 0 failures)
2026-04-26T02:00:02.862+0700	restoring iot_backup.users from /tmp/mongo_clone/iot/users.bson
2026-04-26T02:00:02.874+0700	finished restoring iot_backup.users (2 documents, 0 failures)
2026-04-26T02:00:02.911+0700	restoring iot_backup.prvtimes from /tmp/mongo_clone/iot/prvtimes.bson
2026-04-26T02:00:02.922+0700	finished restoring iot_backup.prvtimes (0 documents, 0 failures)
2026-04-26T02:00:02.949+0700	finished restoring iot_backup.alarms (27517 documents, 0 failures)
2026-04-26T02:00:03.263+0700	finished restoring iot_backup.prvdatas (58225 documents, 0 failures)
2026-04-26T02:00:05.610+0700	[########################]  iot_backup.sensors  41.1MB/41.1MB  (100.0%)
2026-04-26T02:00:05.612+0700	[########################]  iot_backup.sensors  41.1MB/41.1MB  (100.0%)
2026-04-26T02:00:05.612+0700	finished restoring iot_backup.sensors (356853 documents, 0 failures)
2026-04-26T02:00:05.612+0700	no indexes to restore for collection iot_backup.prvtimes
2026-04-26T02:00:05.612+0700	restoring indexes for collection iot_backup.sensors from metadata
2026-04-26T02:00:05.612+0700	index: &idx.IndexDocument{Options:primitive.M{"background":true, "name":"user_1_createAt_1_index_1", "v":2}, Key:primitive.D{primitive.E{Key:"user", Value:1}, primitive.E{Key:"createAt", Value:1}, primitive.E{Key:"index", Value:1}}, PartialFilterExpression:primitive.D(nil)}
2026-04-26T02:00:05.612+0700	no indexes to restore for collection iot_backup.alarms
2026-04-26T02:00:05.612+0700	restoring indexes for collection iot_backup.prvcontrols from metadata
2026-04-26T02:00:05.612+0700	index: &idx.IndexDocument{Options:primitive.M{"background":true, "expireAfterSeconds":86400, "name":"createAt_-1", "v":2}, Key:primitive.D{primitive.E{Key:"createAt", Value:-1}}, PartialFilterExpression:primitive.D(nil)}
2026-04-26T02:00:05.612+0700	restoring indexes for collection iot_backup.prvdatas from metadata
2026-04-26T02:00:05.612+0700	index: &idx.IndexDocument{Options:primitive.M{"background":true, "expireAfterSeconds":2592000, "name":"createAt_1", "v":2}, Key:primitive.D{primitive.E{Key:"createAt", Value:1}}, PartialFilterExpression:primitive.D(nil)}
2026-04-26T02:00:05.612+0700	no indexes to restore for collection iot_backup.prvs
2026-04-26T02:00:05.612+0700	no indexes to restore for collection iot_backup.users
2026-04-26T02:00:05.612+0700	no indexes to restore for collection iot_backup.infos
2026-04-26T02:00:05.612+0700	no indexes to restore for collection iot_backup.groups
2026-04-26T02:00:06.306+0700	443143 document(s) restored successfully. 0 document(s) failed to restore.
Backup clone done at Sun Apr 26 02:00:06 +07 2026
{ ok: 1, dropped: 'iot_backup' }
2026-04-27T02:00:01.935+0700	writing iot.sensors to /tmp/mongo_clone/iot/sensors.bson
2026-04-27T02:00:01.935+0700	writing iot.prvdatas to /tmp/mongo_clone/iot/prvdatas.bson
2026-04-27T02:00:01.935+0700	writing iot.alarms to /tmp/mongo_clone/iot/alarms.bson
2026-04-27T02:00:01.936+0700	writing iot.prvcontrols to /tmp/mongo_clone/iot/prvcontrols.bson
2026-04-27T02:00:01.939+0700	done dumping iot.prvcontrols (640 documents)
2026-04-27T02:00:01.939+0700	writing iot.infos to /tmp/mongo_clone/iot/infos.bson
2026-04-27T02:00:01.939+0700	done dumping iot.infos (22 documents)
2026-04-27T02:00:01.939+0700	writing iot.groups to /tmp/mongo_clone/iot/groups.bson
2026-04-27T02:00:01.940+0700	done dumping iot.groups (9 documents)
2026-04-27T02:00:01.940+0700	writing iot.prvs to /tmp/mongo_clone/iot/prvs.bson
2026-04-27T02:00:01.940+0700	done dumping iot.prvs (3 documents)
2026-04-27T02:00:01.940+0700	writing iot.users to /tmp/mongo_clone/iot/users.bson
2026-04-27T02:00:01.941+0700	done dumping iot.users (2 documents)
2026-04-27T02:00:01.941+0700	writing iot.prvtimes to /tmp/mongo_clone/iot/prvtimes.bson
2026-04-27T02:00:01.941+0700	done dumping iot.prvtimes (0 documents)
2026-04-27T02:00:01.979+0700	done dumping iot.alarms (29611 documents)
2026-04-27T02:00:02.023+0700	done dumping iot.prvdatas (62786 documents)
2026-04-27T02:00:02.332+0700	done dumping iot.sensors (382074 documents)
2026-04-27T02:00:02.345+0700	The --db and --collection flags are deprecated for this use-case; please use --nsInclude instead, i.e. with --nsInclude=${DATABASE}.${COLLECTION}
2026-04-27T02:00:02.345+0700	building a list of collections to restore from /tmp/mongo_clone/iot dir
2026-04-27T02:00:02.345+0700	don't know what to do with file "/tmp/mongo_clone/iot/prelude.json", skipping...
2026-04-27T02:00:02.345+0700	reading metadata for iot_backup.alarms from /tmp/mongo_clone/iot/alarms.metadata.json
2026-04-27T02:00:02.345+0700	reading metadata for iot_backup.infos from /tmp/mongo_clone/iot/infos.metadata.json
2026-04-27T02:00:02.345+0700	reading metadata for iot_backup.prvdatas from /tmp/mongo_clone/iot/prvdatas.metadata.json
2026-04-27T02:00:02.345+0700	reading metadata for iot_backup.prvs from /tmp/mongo_clone/iot/prvs.metadata.json
2026-04-27T02:00:02.345+0700	reading metadata for iot_backup.users from /tmp/mongo_clone/iot/users.metadata.json
2026-04-27T02:00:02.345+0700	reading metadata for iot_backup.groups from /tmp/mongo_clone/iot/groups.metadata.json
2026-04-27T02:00:02.345+0700	reading metadata for iot_backup.prvcontrols from /tmp/mongo_clone/iot/prvcontrols.metadata.json
2026-04-27T02:00:02.345+0700	reading metadata for iot_backup.prvtimes from /tmp/mongo_clone/iot/prvtimes.metadata.json
2026-04-27T02:00:02.345+0700	reading metadata for iot_backup.sensors from /tmp/mongo_clone/iot/sensors.metadata.json
2026-04-27T02:00:02.389+0700	restoring iot_backup.sensors from /tmp/mongo_clone/iot/sensors.bson
2026-04-27T02:00:02.401+0700	restoring iot_backup.prvdatas from /tmp/mongo_clone/iot/prvdatas.bson
2026-04-27T02:00:02.410+0700	restoring iot_backup.alarms from /tmp/mongo_clone/iot/alarms.bson
2026-04-27T02:00:02.438+0700	restoring iot_backup.prvcontrols from /tmp/mongo_clone/iot/prvcontrols.bson
2026-04-27T02:00:02.448+0700	finished restoring iot_backup.prvcontrols (640 documents, 0 failures)
2026-04-27T02:00:02.481+0700	restoring iot_backup.infos from /tmp/mongo_clone/iot/infos.bson
2026-04-27T02:00:02.492+0700	finished restoring iot_backup.infos (22 documents, 0 failures)
2026-04-27T02:00:02.515+0700	restoring iot_backup.prvs from /tmp/mongo_clone/iot/prvs.bson
2026-04-27T02:00:02.526+0700	finished restoring iot_backup.prvs (3 documents, 0 failures)
2026-04-27T02:00:02.573+0700	restoring iot_backup.groups from /tmp/mongo_clone/iot/groups.bson
2026-04-27T02:00:02.591+0700	finished restoring iot_backup.groups (9 documents, 0 failures)
2026-04-27T02:00:02.638+0700	restoring iot_backup.users from /tmp/mongo_clone/iot/users.bson
2026-04-27T02:00:02.649+0700	finished restoring iot_backup.alarms (29611 documents, 0 failures)
2026-04-27T02:00:02.651+0700	finished restoring iot_backup.users (2 documents, 0 failures)
2026-04-27T02:00:02.707+0700	restoring iot_backup.prvtimes from /tmp/mongo_clone/iot/prvtimes.bson
2026-04-27T02:00:02.726+0700	finished restoring iot_backup.prvtimes (0 documents, 0 failures)
2026-04-27T02:00:03.022+0700	finished restoring iot_backup.prvdatas (62786 documents, 0 failures)
2026-04-27T02:00:05.344+0700	[######################..]  iot_backup.sensors  41.0MB/44.0MB  (93.2%)
2026-04-27T02:00:05.558+0700	[########################]  iot_backup.sensors  44.0MB/44.0MB  (100.0%)
2026-04-27T02:00:05.558+0700	finished restoring iot_backup.sensors (382074 documents, 0 failures)
2026-04-27T02:00:05.558+0700	restoring indexes for collection iot_backup.sensors from metadata
2026-04-27T02:00:05.558+0700	index: &idx.IndexDocument{Options:primitive.M{"background":true, "name":"user_1_createAt_1_index_1", "v":2}, Key:primitive.D{primitive.E{Key:"user", Value:1}, primitive.E{Key:"createAt", Value:1}, primitive.E{Key:"index", Value:1}}, PartialFilterExpression:primitive.D(nil)}
2026-04-27T02:00:05.558+0700	restoring indexes for collection iot_backup.prvdatas from metadata
2026-04-27T02:00:05.558+0700	index: &idx.IndexDocument{Options:primitive.M{"background":true, "expireAfterSeconds":2592000, "name":"createAt_1", "v":2}, Key:primitive.D{primitive.E{Key:"createAt", Value:1}}, PartialFilterExpression:primitive.D(nil)}
2026-04-27T02:00:05.558+0700	no indexes to restore for collection iot_backup.prvs
2026-04-27T02:00:05.558+0700	no indexes to restore for collection iot_backup.users
2026-04-27T02:00:05.558+0700	restoring indexes for collection iot_backup.prvcontrols from metadata
2026-04-27T02:00:05.558+0700	index: &idx.IndexDocument{Options:primitive.M{"background":true, "expireAfterSeconds":86400, "name":"createAt_-1", "v":2}, Key:primitive.D{primitive.E{Key:"createAt", Value:-1}}, PartialFilterExpression:primitive.D(nil)}
2026-04-27T02:00:05.558+0700	no indexes to restore for collection iot_backup.prvtimes
2026-04-27T02:00:05.558+0700	no indexes to restore for collection iot_backup.alarms
2026-04-27T02:00:05.558+0700	no indexes to restore for collection iot_backup.infos
2026-04-27T02:00:05.558+0700	no indexes to restore for collection iot_backup.groups
2026-04-27T02:00:06.263+0700	475147 document(s) restored successfully. 0 document(s) failed to restore.
Backup clone done at Mon Apr 27 02:00:06 +07 2026
{ ok: 1, dropped: 'iot_backup' }
2026-04-28T02:00:01.875+0700	writing iot.sensors to /tmp/mongo_clone/iot/sensors.bson
2026-04-28T02:00:01.875+0700	writing iot.alarms to /tmp/mongo_clone/iot/alarms.bson
2026-04-28T02:00:01.875+0700	writing iot.prvdatas to /tmp/mongo_clone/iot/prvdatas.bson
2026-04-28T02:00:01.875+0700	writing iot.prvcontrols to /tmp/mongo_clone/iot/prvcontrols.bson
2026-04-28T02:00:01.879+0700	done dumping iot.prvcontrols (530 documents)
2026-04-28T02:00:01.879+0700	writing iot.infos to /tmp/mongo_clone/iot/infos.bson
2026-04-28T02:00:01.880+0700	done dumping iot.infos (22 documents)
2026-04-28T02:00:01.880+0700	writing iot.groups to /tmp/mongo_clone/iot/groups.bson
2026-04-28T02:00:01.880+0700	done dumping iot.groups (9 documents)
2026-04-28T02:00:01.880+0700	writing iot.prvs to /tmp/mongo_clone/iot/prvs.bson
2026-04-28T02:00:01.880+0700	done dumping iot.prvs (3 documents)
2026-04-28T02:00:01.880+0700	writing iot.users to /tmp/mongo_clone/iot/users.bson
2026-04-28T02:00:01.880+0700	done dumping iot.users (2 documents)
2026-04-28T02:00:01.880+0700	writing iot.prvtimes to /tmp/mongo_clone/iot/prvtimes.bson
2026-04-28T02:00:01.881+0700	done dumping iot.prvtimes (0 documents)
2026-04-28T02:00:01.912+0700	done dumping iot.alarms (30273 documents)
2026-04-28T02:00:01.964+0700	done dumping iot.prvdatas (67290 documents)
2026-04-28T02:00:02.299+0700	done dumping iot.sensors (409381 documents)
2026-04-28T02:00:02.311+0700	The --db and --collection flags are deprecated for this use-case; please use --nsInclude instead, i.e. with --nsInclude=${DATABASE}.${COLLECTION}
2026-04-28T02:00:02.312+0700	building a list of collections to restore from /tmp/mongo_clone/iot dir
2026-04-28T02:00:02.312+0700	don't know what to do with file "/tmp/mongo_clone/iot/prelude.json", skipping...
2026-04-28T02:00:02.312+0700	reading metadata for iot_backup.alarms from /tmp/mongo_clone/iot/alarms.metadata.json
2026-04-28T02:00:02.312+0700	reading metadata for iot_backup.groups from /tmp/mongo_clone/iot/groups.metadata.json
2026-04-28T02:00:02.312+0700	reading metadata for iot_backup.infos from /tmp/mongo_clone/iot/infos.metadata.json
2026-04-28T02:00:02.312+0700	reading metadata for iot_backup.prvs from /tmp/mongo_clone/iot/prvs.metadata.json
2026-04-28T02:00:02.312+0700	reading metadata for iot_backup.prvtimes from /tmp/mongo_clone/iot/prvtimes.metadata.json
2026-04-28T02:00:02.312+0700	reading metadata for iot_backup.users from /tmp/mongo_clone/iot/users.metadata.json
2026-04-28T02:00:02.312+0700	reading metadata for iot_backup.prvcontrols from /tmp/mongo_clone/iot/prvcontrols.metadata.json
2026-04-28T02:00:02.312+0700	reading metadata for iot_backup.prvdatas from /tmp/mongo_clone/iot/prvdatas.metadata.json
2026-04-28T02:00:02.312+0700	reading metadata for iot_backup.sensors from /tmp/mongo_clone/iot/sensors.metadata.json
2026-04-28T02:00:02.345+0700	restoring iot_backup.sensors from /tmp/mongo_clone/iot/sensors.bson
2026-04-28T02:00:02.353+0700	restoring iot_backup.prvdatas from /tmp/mongo_clone/iot/prvdatas.bson
2026-04-28T02:00:02.359+0700	restoring iot_backup.alarms from /tmp/mongo_clone/iot/alarms.bson
2026-04-28T02:00:02.372+0700	restoring iot_backup.prvcontrols from /tmp/mongo_clone/iot/prvcontrols.bson
2026-04-28T02:00:02.383+0700	finished restoring iot_backup.prvcontrols (530 documents, 0 failures)
2026-04-28T02:00:02.403+0700	restoring iot_backup.infos from /tmp/mongo_clone/iot/infos.bson
2026-04-28T02:00:02.414+0700	finished restoring iot_backup.infos (22 documents, 0 failures)
2026-04-28T02:00:02.444+0700	restoring iot_backup.prvs from /tmp/mongo_clone/iot/prvs.bson
2026-04-28T02:00:02.455+0700	finished restoring iot_backup.prvs (3 documents, 0 failures)
2026-04-28T02:00:02.474+0700	restoring iot_backup.groups from /tmp/mongo_clone/iot/groups.bson
2026-04-28T02:00:02.492+0700	finished restoring iot_backup.groups (9 documents, 0 failures)
2026-04-28T02:00:02.510+0700	restoring iot_backup.users from /tmp/mongo_clone/iot/users.bson
2026-04-28T02:00:02.521+0700	finished restoring iot_backup.users (2 documents, 0 failures)
2026-04-28T02:00:02.539+0700	restoring iot_backup.prvtimes from /tmp/mongo_clone/iot/prvtimes.bson
2026-04-28T02:00:02.551+0700	finished restoring iot_backup.prvtimes (0 documents, 0 failures)
2026-04-28T02:00:02.621+0700	finished restoring iot_backup.alarms (30273 documents, 0 failures)
2026-04-28T02:00:03.011+0700	finished restoring iot_backup.prvdatas (67290 documents, 0 failures)
2026-04-28T02:00:05.312+0700	[####################....]  iot_backup.sensors  41.1MB/47.2MB  (87.3%)
2026-04-28T02:00:05.741+0700	[########################]  iot_backup.sensors  47.2MB/47.2MB  (100.0%)
2026-04-28T02:00:05.741+0700	finished restoring iot_backup.sensors (409381 documents, 0 failures)
2026-04-28T02:00:05.742+0700	no indexes to restore for collection iot_backup.prvtimes
2026-04-28T02:00:05.742+0700	no indexes to restore for collection iot_backup.users
2026-04-28T02:00:05.742+0700	restoring indexes for collection iot_backup.prvdatas from metadata
2026-04-28T02:00:05.742+0700	index: &idx.IndexDocument{Options:primitive.M{"background":true, "expireAfterSeconds":2592000, "name":"createAt_1", "v":2}, Key:primitive.D{primitive.E{Key:"createAt", Value:1}}, PartialFilterExpression:primitive.D(nil)}
2026-04-28T02:00:05.742+0700	no indexes to restore for collection iot_backup.alarms
2026-04-28T02:00:05.742+0700	no indexes to restore for collection iot_backup.groups
2026-04-28T02:00:05.742+0700	no indexes to restore for collection iot_backup.infos
2026-04-28T02:00:05.742+0700	no indexes to restore for collection iot_backup.prvs
2026-04-28T02:00:05.742+0700	restoring indexes for collection iot_backup.prvcontrols from metadata
2026-04-28T02:00:05.742+0700	index: &idx.IndexDocument{Options:primitive.M{"background":true, "expireAfterSeconds":86400, "name":"createAt_-1", "v":2}, Key:primitive.D{primitive.E{Key:"createAt", Value:-1}}, PartialFilterExpression:primitive.D(nil)}
2026-04-28T02:00:05.742+0700	restoring indexes for collection iot_backup.sensors from metadata
2026-04-28T02:00:05.742+0700	index: &idx.IndexDocument{Options:primitive.M{"background":true, "name":"user_1_createAt_1_index_1", "v":2}, Key:primitive.D{primitive.E{Key:"user", Value:1}, primitive.E{Key:"createAt", Value:1}, primitive.E{Key:"index", Value:1}}, PartialFilterExpression:primitive.D(nil)}
2026-04-28T02:00:06.493+0700	507510 document(s) restored successfully. 0 document(s) failed to restore.
Backup clone done at Tue Apr 28 02:00:06 +07 2026
{ ok: 1, dropped: 'iot_backup' }
2026-04-29T02:00:02.110+0700	writing iot.sensors to /tmp/mongo_clone/iot/sensors.bson
2026-04-29T02:00:02.110+0700	writing iot.prvdatas to /tmp/mongo_clone/iot/prvdatas.bson
2026-04-29T02:00:02.110+0700	writing iot.alarms to /tmp/mongo_clone/iot/alarms.bson
2026-04-29T02:00:02.110+0700	writing iot.prvcontrols to /tmp/mongo_clone/iot/prvcontrols.bson
2026-04-29T02:00:02.112+0700	done dumping iot.prvcontrols (579 documents)
2026-04-29T02:00:02.112+0700	writing iot.infos to /tmp/mongo_clone/iot/infos.bson
2026-04-29T02:00:02.113+0700	done dumping iot.infos (22 documents)
2026-04-29T02:00:02.113+0700	writing iot.groups to /tmp/mongo_clone/iot/groups.bson
2026-04-29T02:00:02.113+0700	done dumping iot.groups (9 documents)
2026-04-29T02:00:02.113+0700	writing iot.prvs to /tmp/mongo_clone/iot/prvs.bson
2026-04-29T02:00:02.113+0700	done dumping iot.prvs (3 documents)
2026-04-29T02:00:02.113+0700	writing iot.users to /tmp/mongo_clone/iot/users.bson
2026-04-29T02:00:02.114+0700	done dumping iot.users (2 documents)
2026-04-29T02:00:02.114+0700	writing iot.prvtimes to /tmp/mongo_clone/iot/prvtimes.bson
2026-04-29T02:00:02.114+0700	done dumping iot.prvtimes (0 documents)
2026-04-29T02:00:02.148+0700	done dumping iot.alarms (30514 documents)
2026-04-29T02:00:02.196+0700	done dumping iot.prvdatas (72169 documents)
2026-04-29T02:00:02.549+0700	done dumping iot.sensors (436690 documents)
2026-04-29T02:00:02.561+0700	The --db and --collection flags are deprecated for this use-case; please use --nsInclude instead, i.e. with --nsInclude=${DATABASE}.${COLLECTION}
2026-04-29T02:00:02.561+0700	building a list of collections to restore from /tmp/mongo_clone/iot dir
2026-04-29T02:00:02.561+0700	don't know what to do with file "/tmp/mongo_clone/iot/prelude.json", skipping...
2026-04-29T02:00:02.561+0700	reading metadata for iot_backup.groups from /tmp/mongo_clone/iot/groups.metadata.json
2026-04-29T02:00:02.561+0700	reading metadata for iot_backup.infos from /tmp/mongo_clone/iot/infos.metadata.json
2026-04-29T02:00:02.561+0700	reading metadata for iot_backup.prvcontrols from /tmp/mongo_clone/iot/prvcontrols.metadata.json
2026-04-29T02:00:02.561+0700	reading metadata for iot_backup.prvdatas from /tmp/mongo_clone/iot/prvdatas.metadata.json
2026-04-29T02:00:02.561+0700	reading metadata for iot_backup.prvs from /tmp/mongo_clone/iot/prvs.metadata.json
2026-04-29T02:00:02.561+0700	reading metadata for iot_backup.users from /tmp/mongo_clone/iot/users.metadata.json
2026-04-29T02:00:02.561+0700	reading metadata for iot_backup.alarms from /tmp/mongo_clone/iot/alarms.metadata.json
2026-04-29T02:00:02.561+0700	reading metadata for iot_backup.prvtimes from /tmp/mongo_clone/iot/prvtimes.metadata.json
2026-04-29T02:00:02.561+0700	reading metadata for iot_backup.sensors from /tmp/mongo_clone/iot/sensors.metadata.json
2026-04-29T02:00:02.604+0700	restoring iot_backup.sensors from /tmp/mongo_clone/iot/sensors.bson
2026-04-29T02:00:02.611+0700	restoring iot_backup.prvdatas from /tmp/mongo_clone/iot/prvdatas.bson
2026-04-29T02:00:02.622+0700	restoring iot_backup.alarms from /tmp/mongo_clone/iot/alarms.bson
2026-04-29T02:00:02.633+0700	restoring iot_backup.prvcontrols from /tmp/mongo_clone/iot/prvcontrols.bson
2026-04-29T02:00:02.643+0700	finished restoring iot_backup.prvcontrols (579 documents, 0 failures)
2026-04-29T02:00:02.673+0700	restoring iot_backup.infos from /tmp/mongo_clone/iot/infos.bson
2026-04-29T02:00:02.683+0700	finished restoring iot_backup.infos (22 documents, 0 failures)
2026-04-29T02:00:02.867+0700	finished restoring iot_backup.alarms (30514 documents, 0 failures)
2026-04-29T02:00:02.983+0700	restoring iot_backup.prvs from /tmp/mongo_clone/iot/prvs.bson
2026-04-29T02:00:02.994+0700	restoring iot_backup.groups from /tmp/mongo_clone/iot/groups.bson
2026-04-29T02:00:03.003+0700	finished restoring iot_backup.prvs (3 documents, 0 failures)
2026-04-29T02:00:03.006+0700	finished restoring iot_backup.groups (9 documents, 0 failures)
2026-04-29T02:00:03.032+0700	restoring iot_backup.users from /tmp/mongo_clone/iot/users.bson
2026-04-29T02:00:03.043+0700	restoring iot_backup.prvtimes from /tmp/mongo_clone/iot/prvtimes.bson
2026-04-29T02:00:03.043+0700	finished restoring iot_backup.users (2 documents, 0 failures)
2026-04-29T02:00:03.056+0700	finished restoring iot_backup.prvtimes (0 documents, 0 failures)
2026-04-29T02:00:03.352+0700	finished restoring iot_backup.prvdatas (72169 documents, 0 failures)
2026-04-29T02:00:05.561+0700	[###################.....]  iot_backup.sensors  40.6MB/50.3MB  (80.7%)
2026-04-29T02:00:06.258+0700	[########################]  iot_backup.sensors  50.3MB/50.3MB  (100.0%)
2026-04-29T02:00:06.258+0700	finished restoring iot_backup.sensors (436690 documents, 0 failures)
2026-04-29T02:00:06.258+0700	no indexes to restore for collection iot_backup.groups
2026-04-29T02:00:06.258+0700	restoring indexes for collection iot_backup.prvcontrols from metadata
2026-04-29T02:00:06.258+0700	index: &idx.IndexDocument{Options:primitive.M{"background":true, "expireAfterSeconds":86400, "name":"createAt_-1", "v":2}, Key:primitive.D{primitive.E{Key:"createAt", Value:-1}}, PartialFilterExpression:primitive.D(nil)}
2026-04-29T02:00:06.258+0700	no indexes to restore for collection iot_backup.infos
2026-04-29T02:00:06.258+0700	no indexes to restore for collection iot_backup.users
2026-04-29T02:00:06.258+0700	no indexes to restore for collection iot_backup.alarms
2026-04-29T02:00:06.258+0700	restoring indexes for collection iot_backup.prvdatas from metadata
2026-04-29T02:00:06.258+0700	index: &idx.IndexDocument{Options:primitive.M{"background":true, "expireAfterSeconds":2592000, "name":"createAt_1", "v":2}, Key:primitive.D{primitive.E{Key:"createAt", Value:1}}, PartialFilterExpression:primitive.D(nil)}
2026-04-29T02:00:06.258+0700	no indexes to restore for collection iot_backup.prvs
2026-04-29T02:00:06.258+0700	no indexes to restore for collection iot_backup.prvtimes
2026-04-29T02:00:06.259+0700	restoring indexes for collection iot_backup.sensors from metadata
2026-04-29T02:00:06.259+0700	index: &idx.IndexDocument{Options:primitive.M{"background":true, "name":"user_1_createAt_1_index_1", "v":2}, Key:primitive.D{primitive.E{Key:"user", Value:1}, primitive.E{Key:"createAt", Value:1}, primitive.E{Key:"index", Value:1}}, PartialFilterExpression:primitive.D(nil)}
2026-04-29T02:00:07.091+0700	539988 document(s) restored successfully. 0 document(s) failed to restore.
Backup clone done at Wed Apr 29 02:00:07 +07 2026
{ ok: 1, dropped: 'iot_backup' }
2026-04-30T02:00:01.705+0700	writing iot.sensors to /tmp/mongo_clone/iot/sensors.bson
2026-04-30T02:00:01.706+0700	writing iot.prvdatas to /tmp/mongo_clone/iot/prvdatas.bson
2026-04-30T02:00:01.706+0700	writing iot.alarms to /tmp/mongo_clone/iot/alarms.bson
2026-04-30T02:00:01.706+0700	writing iot.prvcontrols to /tmp/mongo_clone/iot/prvcontrols.bson
2026-04-30T02:00:01.712+0700	done dumping iot.prvcontrols (640 documents)
2026-04-30T02:00:01.712+0700	writing iot.infos to /tmp/mongo_clone/iot/infos.bson
2026-04-30T02:00:01.713+0700	done dumping iot.infos (22 documents)
2026-04-30T02:00:01.713+0700	writing iot.groups to /tmp/mongo_clone/iot/groups.bson
2026-04-30T02:00:01.713+0700	done dumping iot.groups (9 documents)
2026-04-30T02:00:01.713+0700	writing iot.prvs to /tmp/mongo_clone/iot/prvs.bson
2026-04-30T02:00:01.714+0700	done dumping iot.prvs (3 documents)
2026-04-30T02:00:01.714+0700	writing iot.users to /tmp/mongo_clone/iot/users.bson
2026-04-30T02:00:01.714+0700	done dumping iot.users (2 documents)
2026-04-30T02:00:01.714+0700	writing iot.prvtimes to /tmp/mongo_clone/iot/prvtimes.bson
2026-04-30T02:00:01.714+0700	done dumping iot.prvtimes (0 documents)
2026-04-30T02:00:01.750+0700	done dumping iot.alarms (31129 documents)
2026-04-30T02:00:01.793+0700	done dumping iot.prvdatas (77263 documents)
2026-04-30T02:00:02.190+0700	done dumping iot.sensors (464189 documents)
2026-04-30T02:00:02.202+0700	The --db and --collection flags are deprecated for this use-case; please use --nsInclude instead, i.e. with --nsInclude=${DATABASE}.${COLLECTION}
2026-04-30T02:00:02.202+0700	building a list of collections to restore from /tmp/mongo_clone/iot dir
2026-04-30T02:00:02.202+0700	don't know what to do with file "/tmp/mongo_clone/iot/prelude.json", skipping...
2026-04-30T02:00:02.202+0700	reading metadata for iot_backup.infos from /tmp/mongo_clone/iot/infos.metadata.json
2026-04-30T02:00:02.202+0700	reading metadata for iot_backup.prvdatas from /tmp/mongo_clone/iot/prvdatas.metadata.json
2026-04-30T02:00:02.203+0700	reading metadata for iot_backup.users from /tmp/mongo_clone/iot/users.metadata.json
2026-04-30T02:00:02.203+0700	reading metadata for iot_backup.alarms from /tmp/mongo_clone/iot/alarms.metadata.json
2026-04-30T02:00:02.203+0700	reading metadata for iot_backup.groups from /tmp/mongo_clone/iot/groups.metadata.json
2026-04-30T02:00:02.203+0700	reading metadata for iot_backup.prvcontrols from /tmp/mongo_clone/iot/prvcontrols.metadata.json
2026-04-30T02:00:02.203+0700	reading metadata for iot_backup.prvs from /tmp/mongo_clone/iot/prvs.metadata.json
2026-04-30T02:00:02.203+0700	reading metadata for iot_backup.prvtimes from /tmp/mongo_clone/iot/prvtimes.metadata.json
2026-04-30T02:00:02.203+0700	reading metadata for iot_backup.sensors from /tmp/mongo_clone/iot/sensors.metadata.json
2026-04-30T02:00:02.243+0700	restoring iot_backup.sensors from /tmp/mongo_clone/iot/sensors.bson
2026-04-30T02:00:02.250+0700	restoring iot_backup.prvdatas from /tmp/mongo_clone/iot/prvdatas.bson
2026-04-30T02:00:02.256+0700	restoring iot_backup.prvcontrols from /tmp/mongo_clone/iot/prvcontrols.bson
2026-04-30T02:00:02.267+0700	finished restoring iot_backup.prvcontrols (640 documents, 0 failures)
2026-04-30T02:00:02.298+0700	restoring iot_backup.alarms from /tmp/mongo_clone/iot/alarms.bson
2026-04-30T02:00:02.331+0700	restoring iot_backup.infos from /tmp/mongo_clone/iot/infos.bson
2026-04-30T02:00:02.341+0700	finished restoring iot_backup.infos (22 documents, 0 failures)
2026-04-30T02:00:02.364+0700	restoring iot_backup.prvs from /tmp/mongo_clone/iot/prvs.bson
2026-04-30T02:00:02.375+0700	finished restoring iot_backup.prvs (3 documents, 0 failures)
2026-04-30T02:00:02.409+0700	restoring iot_backup.groups from /tmp/mongo_clone/iot/groups.bson
2026-04-30T02:00:02.427+0700	finished restoring iot_backup.groups (9 documents, 0 failures)
2026-04-30T02:00:02.460+0700	restoring iot_backup.users from /tmp/mongo_clone/iot/users.bson
2026-04-30T02:00:02.472+0700	finished restoring iot_backup.users (2 documents, 0 failures)
2026-04-30T02:00:02.495+0700	restoring iot_backup.prvtimes from /tmp/mongo_clone/iot/prvtimes.bson
2026-04-30T02:00:02.516+0700	finished restoring iot_backup.prvtimes (0 documents, 0 failures)
2026-04-30T02:00:02.545+0700	finished restoring iot_backup.alarms (31129 documents, 0 failures)
2026-04-30T02:00:03.002+0700	finished restoring iot_backup.prvdatas (77263 documents, 0 failures)
2026-04-30T02:00:05.202+0700	[##################......]  iot_backup.sensors  42.0MB/53.5MB  (78.5%)
2026-04-30T02:00:06.007+0700	[########################]  iot_backup.sensors  53.5MB/53.5MB  (100.0%)
2026-04-30T02:00:06.007+0700	finished restoring iot_backup.sensors (464189 documents, 0 failures)
2026-04-30T02:00:06.007+0700	restoring indexes for collection iot_backup.prvdatas from metadata
2026-04-30T02:00:06.007+0700	index: &idx.IndexDocument{Options:primitive.M{"background":true, "expireAfterSeconds":2592000, "name":"createAt_1", "v":2}, Key:primitive.D{primitive.E{Key:"createAt", Value:1}}, PartialFilterExpression:primitive.D(nil)}
2026-04-30T02:00:06.007+0700	no indexes to restore for collection iot_backup.prvs
2026-04-30T02:00:06.007+0700	no indexes to restore for collection iot_backup.prvtimes
2026-04-30T02:00:06.007+0700	no indexes to restore for collection iot_backup.infos
2026-04-30T02:00:06.007+0700	no indexes to restore for collection iot_backup.alarms
2026-04-30T02:00:06.007+0700	no indexes to restore for collection iot_backup.groups
2026-04-30T02:00:06.007+0700	restoring indexes for collection iot_backup.prvcontrols from metadata
2026-04-30T02:00:06.007+0700	index: &idx.IndexDocument{Options:primitive.M{"background":true, "expireAfterSeconds":86400, "name":"createAt_-1", "v":2}, Key:primitive.D{primitive.E{Key:"createAt", Value:-1}}, PartialFilterExpression:primitive.D(nil)}
2026-04-30T02:00:06.007+0700	no indexes to restore for collection iot_backup.users
2026-04-30T02:00:06.008+0700	restoring indexes for collection iot_backup.sensors from metadata
2026-04-30T02:00:06.008+0700	index: &idx.IndexDocument{Options:primitive.M{"background":true, "name":"user_1_createAt_1_index_1", "v":2}, Key:primitive.D{primitive.E{Key:"user", Value:1}, primitive.E{Key:"createAt", Value:1}, primitive.E{Key:"index", Value:1}}, PartialFilterExpression:primitive.D(nil)}
2026-04-30T02:00:06.861+0700	573257 document(s) restored successfully. 0 document(s) failed to restore.
Backup clone done at Thu Apr 30 02:00:06 +07 2026
{ ok: 1, dropped: 'iot_backup' }
2026-05-01T02:00:01.461+0700	writing iot.sensors to /tmp/mongo_clone/iot/sensors.bson
2026-05-01T02:00:01.461+0700	writing iot.prvdatas to /tmp/mongo_clone/iot/prvdatas.bson
2026-05-01T02:00:01.461+0700	writing iot.alarms to /tmp/mongo_clone/iot/alarms.bson
2026-05-01T02:00:01.461+0700	writing iot.prvcontrols to /tmp/mongo_clone/iot/prvcontrols.bson
2026-05-01T02:00:01.468+0700	done dumping iot.prvcontrols (561 documents)
2026-05-01T02:00:01.468+0700	writing iot.infos to /tmp/mongo_clone/iot/infos.bson
2026-05-01T02:00:01.468+0700	done dumping iot.infos (22 documents)
2026-05-01T02:00:01.468+0700	writing iot.groups to /tmp/mongo_clone/iot/groups.bson
2026-05-01T02:00:01.469+0700	done dumping iot.groups (9 documents)
2026-05-01T02:00:01.469+0700	writing iot.prvs to /tmp/mongo_clone/iot/prvs.bson
2026-05-01T02:00:01.469+0700	done dumping iot.prvs (3 documents)
2026-05-01T02:00:01.469+0700	writing iot.users to /tmp/mongo_clone/iot/users.bson
2026-05-01T02:00:01.469+0700	done dumping iot.users (2 documents)
2026-05-01T02:00:01.469+0700	writing iot.prvtimes to /tmp/mongo_clone/iot/prvtimes.bson
2026-05-01T02:00:01.470+0700	done dumping iot.prvtimes (0 documents)
2026-05-01T02:00:01.506+0700	done dumping iot.alarms (31752 documents)
2026-05-01T02:00:01.560+0700	done dumping iot.prvdatas (82203 documents)
2026-05-01T02:00:01.961+0700	done dumping iot.sensors (492066 documents)
2026-05-01T02:00:01.974+0700	The --db and --collection flags are deprecated for this use-case; please use --nsInclude instead, i.e. with --nsInclude=${DATABASE}.${COLLECTION}
2026-05-01T02:00:01.974+0700	building a list of collections to restore from /tmp/mongo_clone/iot dir
2026-05-01T02:00:01.974+0700	don't know what to do with file "/tmp/mongo_clone/iot/prelude.json", skipping...
2026-05-01T02:00:01.974+0700	reading metadata for iot_backup.prvcontrols from /tmp/mongo_clone/iot/prvcontrols.metadata.json
2026-05-01T02:00:01.974+0700	reading metadata for iot_backup.prvdatas from /tmp/mongo_clone/iot/prvdatas.metadata.json
2026-05-01T02:00:01.974+0700	reading metadata for iot_backup.users from /tmp/mongo_clone/iot/users.metadata.json
2026-05-01T02:00:01.974+0700	reading metadata for iot_backup.alarms from /tmp/mongo_clone/iot/alarms.metadata.json
2026-05-01T02:00:01.974+0700	reading metadata for iot_backup.infos from /tmp/mongo_clone/iot/infos.metadata.json
2026-05-01T02:00:01.974+0700	reading metadata for iot_backup.prvs from /tmp/mongo_clone/iot/prvs.metadata.json
2026-05-01T02:00:01.974+0700	reading metadata for iot_backup.prvtimes from /tmp/mongo_clone/iot/prvtimes.metadata.json
2026-05-01T02:00:01.974+0700	reading metadata for iot_backup.sensors from /tmp/mongo_clone/iot/sensors.metadata.json
2026-05-01T02:00:01.974+0700	reading metadata for iot_backup.groups from /tmp/mongo_clone/iot/groups.metadata.json
2026-05-01T02:00:02.029+0700	restoring iot_backup.sensors from /tmp/mongo_clone/iot/sensors.bson
2026-05-01T02:00:02.038+0700	restoring iot_backup.prvdatas from /tmp/mongo_clone/iot/prvdatas.bson
2026-05-01T02:00:02.046+0700	restoring iot_backup.alarms from /tmp/mongo_clone/iot/alarms.bson
2026-05-01T02:00:02.063+0700	restoring iot_backup.prvcontrols from /tmp/mongo_clone/iot/prvcontrols.bson
2026-05-01T02:00:02.074+0700	finished restoring iot_backup.prvcontrols (561 documents, 0 failures)
2026-05-01T02:00:02.099+0700	restoring iot_backup.infos from /tmp/mongo_clone/iot/infos.bson
2026-05-01T02:00:02.110+0700	finished restoring iot_backup.infos (22 documents, 0 failures)
2026-05-01T02:00:02.141+0700	restoring iot_backup.prvs from /tmp/mongo_clone/iot/prvs.bson
2026-05-01T02:00:02.152+0700	finished restoring iot_backup.prvs (3 documents, 0 failures)
2026-05-01T02:00:02.188+0700	restoring iot_backup.groups from /tmp/mongo_clone/iot/groups.bson
2026-05-01T02:00:02.209+0700	finished restoring iot_backup.groups (9 documents, 0 failures)
2026-05-01T02:00:02.234+0700	restoring iot_backup.users from /tmp/mongo_clone/iot/users.bson
2026-05-01T02:00:02.246+0700	finished restoring iot_backup.users (2 documents, 0 failures)
2026-05-01T02:00:02.275+0700	restoring iot_backup.prvtimes from /tmp/mongo_clone/iot/prvtimes.bson
2026-05-01T02:00:02.287+0700	finished restoring iot_backup.prvtimes (0 documents, 0 failures)
2026-05-01T02:00:02.292+0700	finished restoring iot_backup.alarms (31752 documents, 0 failures)
2026-05-01T02:00:02.819+0700	finished restoring iot_backup.prvdatas (82203 documents, 0 failures)
2026-05-01T02:00:04.974+0700	[#################.......]  iot_backup.sensors  41.8MB/56.6MB  (73.9%)
2026-05-01T02:00:06.012+0700	[########################]  iot_backup.sensors  56.6MB/56.6MB  (100.0%)
2026-05-01T02:00:06.012+0700	finished restoring iot_backup.sensors (492066 documents, 0 failures)
2026-05-01T02:00:06.012+0700	restoring indexes for collection iot_backup.prvdatas from metadata
2026-05-01T02:00:06.012+0700	index: &idx.IndexDocument{Options:primitive.M{"background":true, "expireAfterSeconds":2592000, "name":"createAt_1", "v":2}, Key:primitive.D{primitive.E{Key:"createAt", Value:1}}, PartialFilterExpression:primitive.D(nil)}
2026-05-01T02:00:06.012+0700	no indexes to restore for collection iot_backup.users
2026-05-01T02:00:06.012+0700	no indexes to restore for collection iot_backup.alarms
2026-05-01T02:00:06.012+0700	no indexes to restore for collection iot_backup.infos
2026-05-01T02:00:06.012+0700	no indexes to restore for collection iot_backup.prvtimes
2026-05-01T02:00:06.012+0700	no indexes to restore for collection iot_backup.groups
2026-05-01T02:00:06.012+0700	restoring indexes for collection iot_backup.prvcontrols from metadata
2026-05-01T02:00:06.012+0700	index: &idx.IndexDocument{Options:primitive.M{"background":true, "expireAfterSeconds":86400, "name":"createAt_-1", "v":2}, Key:primitive.D{primitive.E{Key:"createAt", Value:-1}}, PartialFilterExpression:primitive.D(nil)}
2026-05-01T02:00:06.012+0700	no indexes to restore for collection iot_backup.prvs
2026-05-01T02:00:06.012+0700	restoring indexes for collection iot_backup.sensors from metadata
2026-05-01T02:00:06.012+0700	index: &idx.IndexDocument{Options:primitive.M{"background":true, "name":"user_1_createAt_1_index_1", "v":2}, Key:primitive.D{primitive.E{Key:"user", Value:1}, primitive.E{Key:"createAt", Value:1}, primitive.E{Key:"index", Value:1}}, PartialFilterExpression:primitive.D(nil)}
2026-05-01T02:00:06.902+0700	606618 document(s) restored successfully. 0 document(s) failed to restore.
Backup clone done at Fri May  1 02:00:06 +07 2026
{ ok: 1, dropped: 'iot_backup' }
2026-05-02T02:00:01.530+0700	writing iot.sensors to /tmp/mongo_clone/iot/sensors.bson
2026-05-02T02:00:01.530+0700	writing iot.prvdatas to /tmp/mongo_clone/iot/prvdatas.bson
2026-05-02T02:00:01.530+0700	writing iot.alarms to /tmp/mongo_clone/iot/alarms.bson
2026-05-02T02:00:01.530+0700	writing iot.prvcontrols to /tmp/mongo_clone/iot/prvcontrols.bson
2026-05-02T02:00:01.536+0700	done dumping iot.prvcontrols (593 documents)
2026-05-02T02:00:01.536+0700	writing iot.infos to /tmp/mongo_clone/iot/infos.bson
2026-05-02T02:00:01.536+0700	done dumping iot.infos (22 documents)
2026-05-02T02:00:01.536+0700	writing iot.groups to /tmp/mongo_clone/iot/groups.bson
2026-05-02T02:00:01.537+0700	done dumping iot.groups (9 documents)
2026-05-02T02:00:01.537+0700	writing iot.prvs to /tmp/mongo_clone/iot/prvs.bson
2026-05-02T02:00:01.537+0700	done dumping iot.prvs (3 documents)
2026-05-02T02:00:01.537+0700	writing iot.users to /tmp/mongo_clone/iot/users.bson
2026-05-02T02:00:01.537+0700	done dumping iot.users (2 documents)
2026-05-02T02:00:01.537+0700	writing iot.prvtimes to /tmp/mongo_clone/iot/prvtimes.bson
2026-05-02T02:00:01.538+0700	done dumping iot.prvtimes (0 documents)
2026-05-02T02:00:01.567+0700	done dumping iot.alarms (31982 documents)
2026-05-02T02:00:01.637+0700	done dumping iot.prvdatas (86906 documents)
2026-05-02T02:00:02.050+0700	done dumping iot.sensors (519747 documents)
2026-05-02T02:00:02.062+0700	The --db and --collection flags are deprecated for this use-case; please use --nsInclude instead, i.e. with --nsInclude=${DATABASE}.${COLLECTION}
2026-05-02T02:00:02.062+0700	building a list of collections to restore from /tmp/mongo_clone/iot dir
2026-05-02T02:00:02.062+0700	don't know what to do with file "/tmp/mongo_clone/iot/prelude.json", skipping...
2026-05-02T02:00:02.062+0700	reading metadata for iot_backup.prvdatas from /tmp/mongo_clone/iot/prvdatas.metadata.json
2026-05-02T02:00:02.062+0700	reading metadata for iot_backup.prvs from /tmp/mongo_clone/iot/prvs.metadata.json
2026-05-02T02:00:02.062+0700	reading metadata for iot_backup.prvtimes from /tmp/mongo_clone/iot/prvtimes.metadata.json
2026-05-02T02:00:02.062+0700	reading metadata for iot_backup.users from /tmp/mongo_clone/iot/users.metadata.json
2026-05-02T02:00:02.062+0700	reading metadata for iot_backup.alarms from /tmp/mongo_clone/iot/alarms.metadata.json
2026-05-02T02:00:02.063+0700	reading metadata for iot_backup.groups from /tmp/mongo_clone/iot/groups.metadata.json
2026-05-02T02:00:02.063+0700	reading metadata for iot_backup.infos from /tmp/mongo_clone/iot/infos.metadata.json
2026-05-02T02:00:02.063+0700	reading metadata for iot_backup.prvcontrols from /tmp/mongo_clone/iot/prvcontrols.metadata.json
2026-05-02T02:00:02.063+0700	reading metadata for iot_backup.sensors from /tmp/mongo_clone/iot/sensors.metadata.json
2026-05-02T02:00:02.105+0700	restoring iot_backup.sensors from /tmp/mongo_clone/iot/sensors.bson
2026-05-02T02:00:02.119+0700	restoring iot_backup.prvdatas from /tmp/mongo_clone/iot/prvdatas.bson
2026-05-02T02:00:02.126+0700	restoring iot_backup.alarms from /tmp/mongo_clone/iot/alarms.bson
2026-05-02T02:00:02.136+0700	restoring iot_backup.prvcontrols from /tmp/mongo_clone/iot/prvcontrols.bson
2026-05-02T02:00:02.149+0700	finished restoring iot_backup.prvcontrols (593 documents, 0 failures)
2026-05-02T02:00:02.175+0700	restoring iot_backup.infos from /tmp/mongo_clone/iot/infos.bson
2026-05-02T02:00:02.186+0700	finished restoring iot_backup.infos (22 documents, 0 failures)
2026-05-02T02:00:02.214+0700	restoring iot_backup.prvs from /tmp/mongo_clone/iot/prvs.bson
2026-05-02T02:00:02.225+0700	finished restoring iot_backup.prvs (3 documents, 0 failures)
2026-05-02T02:00:02.262+0700	restoring iot_backup.groups from /tmp/mongo_clone/iot/groups.bson
2026-05-02T02:00:02.282+0700	finished restoring iot_backup.groups (9 documents, 0 failures)
2026-05-02T02:00:02.320+0700	restoring iot_backup.users from /tmp/mongo_clone/iot/users.bson
2026-05-02T02:00:02.332+0700	finished restoring iot_backup.users (2 documents, 0 failures)
2026-05-02T02:00:02.369+0700	restoring iot_backup.prvtimes from /tmp/mongo_clone/iot/prvtimes.bson
2026-05-02T02:00:02.380+0700	finished restoring iot_backup.prvtimes (0 documents, 0 failures)
2026-05-02T02:00:02.394+0700	finished restoring iot_backup.alarms (31982 documents, 0 failures)
2026-05-02T02:00:02.952+0700	finished restoring iot_backup.prvdatas (86906 documents, 0 failures)
2026-05-02T02:00:05.062+0700	[################........]  iot_backup.sensors  41.3MB/59.8MB  (69.0%)
2026-05-02T02:00:06.427+0700	[########################]  iot_backup.sensors  59.8MB/59.8MB  (100.0%)
2026-05-02T02:00:06.427+0700	finished restoring iot_backup.sensors (519747 documents, 0 failures)
2026-05-02T02:00:06.427+0700	no indexes to restore for collection iot_backup.users
2026-05-02T02:00:06.427+0700	no indexes to restore for collection iot_backup.alarms
2026-05-02T02:00:06.427+0700	no indexes to restore for collection iot_backup.groups
2026-05-02T02:00:06.427+0700	restoring indexes for collection iot_backup.prvcontrols from metadata
2026-05-02T02:00:06.427+0700	index: &idx.IndexDocument{Options:primitive.M{"background":true, "expireAfterSeconds":86400, "name":"createAt_-1", "v":2}, Key:primitive.D{primitive.E{Key:"createAt", Value:-1}}, PartialFilterExpression:primitive.D(nil)}
2026-05-02T02:00:06.427+0700	restoring indexes for collection iot_backup.sensors from metadata
2026-05-02T02:00:06.427+0700	index: &idx.IndexDocument{Options:primitive.M{"background":true, "name":"user_1_createAt_1_index_1", "v":2}, Key:primitive.D{primitive.E{Key:"user", Value:1}, primitive.E{Key:"createAt", Value:1}, primitive.E{Key:"index", Value:1}}, PartialFilterExpression:primitive.D(nil)}
2026-05-02T02:00:06.427+0700	restoring indexes for collection iot_backup.prvdatas from metadata
2026-05-02T02:00:06.427+0700	index: &idx.IndexDocument{Options:primitive.M{"background":true, "expireAfterSeconds":2592000, "name":"createAt_1", "v":2}, Key:primitive.D{primitive.E{Key:"createAt", Value:1}}, PartialFilterExpression:primitive.D(nil)}
2026-05-02T02:00:06.427+0700	no indexes to restore for collection iot_backup.prvtimes
2026-05-02T02:00:06.427+0700	no indexes to restore for collection iot_backup.prvs
2026-05-02T02:00:06.427+0700	no indexes to restore for collection iot_backup.infos
2026-05-02T02:00:07.376+0700	639264 document(s) restored successfully. 0 document(s) failed to restore.
Backup clone done at Sat May  2 02:00:07 +07 2026
{ ok: 1, dropped: 'iot_backup' }
2026-05-03T02:00:01.972+0700	writing iot.sensors to /tmp/mongo_clone/iot/sensors.bson
2026-05-03T02:00:01.972+0700	writing iot.prvdatas to /tmp/mongo_clone/iot/prvdatas.bson
2026-05-03T02:00:01.972+0700	writing iot.alarms to /tmp/mongo_clone/iot/alarms.bson
2026-05-03T02:00:01.972+0700	writing iot.prvcontrols to /tmp/mongo_clone/iot/prvcontrols.bson
2026-05-03T02:00:01.975+0700	done dumping iot.prvcontrols (687 documents)
2026-05-03T02:00:01.975+0700	writing iot.infos to /tmp/mongo_clone/iot/infos.bson
2026-05-03T02:00:01.975+0700	done dumping iot.infos (22 documents)
2026-05-03T02:00:01.975+0700	writing iot.groups to /tmp/mongo_clone/iot/groups.bson
2026-05-03T02:00:01.976+0700	done dumping iot.groups (9 documents)
2026-05-03T02:00:01.976+0700	writing iot.prvs to /tmp/mongo_clone/iot/prvs.bson
2026-05-03T02:00:01.976+0700	done dumping iot.prvs (3 documents)
2026-05-03T02:00:01.976+0700	writing iot.users to /tmp/mongo_clone/iot/users.bson
2026-05-03T02:00:01.976+0700	done dumping iot.users (2 documents)
2026-05-03T02:00:01.976+0700	writing iot.prvtimes to /tmp/mongo_clone/iot/prvtimes.bson
2026-05-03T02:00:01.977+0700	done dumping iot.prvtimes (0 documents)
2026-05-03T02:00:02.012+0700	done dumping iot.alarms (32284 documents)
2026-05-03T02:00:02.079+0700	done dumping iot.prvdatas (91548 documents)
2026-05-03T02:00:02.532+0700	done dumping iot.sensors (547231 documents)
2026-05-03T02:00:02.543+0700	The --db and --collection flags are deprecated for this use-case; please use --nsInclude instead, i.e. with --nsInclude=${DATABASE}.${COLLECTION}
2026-05-03T02:00:02.543+0700	building a list of collections to restore from /tmp/mongo_clone/iot dir
2026-05-03T02:00:02.544+0700	don't know what to do with file "/tmp/mongo_clone/iot/prelude.json", skipping...
2026-05-03T02:00:02.544+0700	reading metadata for iot_backup.alarms from /tmp/mongo_clone/iot/alarms.metadata.json
2026-05-03T02:00:02.544+0700	reading metadata for iot_backup.groups from /tmp/mongo_clone/iot/groups.metadata.json
2026-05-03T02:00:02.544+0700	reading metadata for iot_backup.prvcontrols from /tmp/mongo_clone/iot/prvcontrols.metadata.json
2026-05-03T02:00:02.544+0700	reading metadata for iot_backup.prvtimes from /tmp/mongo_clone/iot/prvtimes.metadata.json
2026-05-03T02:00:02.544+0700	reading metadata for iot_backup.users from /tmp/mongo_clone/iot/users.metadata.json
2026-05-03T02:00:02.544+0700	reading metadata for iot_backup.infos from /tmp/mongo_clone/iot/infos.metadata.json
2026-05-03T02:00:02.544+0700	reading metadata for iot_backup.prvdatas from /tmp/mongo_clone/iot/prvdatas.metadata.json
2026-05-03T02:00:02.544+0700	reading metadata for iot_backup.prvs from /tmp/mongo_clone/iot/prvs.metadata.json
2026-05-03T02:00:02.544+0700	reading metadata for iot_backup.sensors from /tmp/mongo_clone/iot/sensors.metadata.json
2026-05-03T02:00:02.584+0700	restoring iot_backup.sensors from /tmp/mongo_clone/iot/sensors.bson
2026-05-03T02:00:02.591+0700	restoring iot_backup.prvdatas from /tmp/mongo_clone/iot/prvdatas.bson
2026-05-03T02:00:02.600+0700	restoring iot_backup.alarms from /tmp/mongo_clone/iot/alarms.bson
2026-05-03T02:00:02.609+0700	restoring iot_backup.prvcontrols from /tmp/mongo_clone/iot/prvcontrols.bson
2026-05-03T02:00:02.620+0700	finished restoring iot_backup.prvcontrols (687 documents, 0 failures)
2026-05-03T02:00:02.648+0700	restoring iot_backup.infos from /tmp/mongo_clone/iot/infos.bson
2026-05-03T02:00:02.658+0700	finished restoring iot_backup.infos (22 documents, 0 failures)
2026-05-03T02:00:02.695+0700	restoring iot_backup.prvs from /tmp/mongo_clone/iot/prvs.bson
2026-05-03T02:00:02.712+0700	finished restoring iot_backup.prvs (3 documents, 0 failures)
2026-05-03T02:00:02.754+0700	restoring iot_backup.groups from /tmp/mongo_clone/iot/groups.bson
2026-05-03T02:00:02.766+0700	finished restoring iot_backup.groups (9 documents, 0 failures)
2026-05-03T02:00:02.794+0700	restoring iot_backup.users from /tmp/mongo_clone/iot/users.bson
2026-05-03T02:00:02.813+0700	finished restoring iot_backup.users (2 documents, 0 failures)
2026-05-03T02:00:02.842+0700	restoring iot_backup.prvtimes from /tmp/mongo_clone/iot/prvtimes.bson
2026-05-03T02:00:02.846+0700	finished restoring iot_backup.alarms (32284 documents, 0 failures)
2026-05-03T02:00:02.853+0700	finished restoring iot_backup.prvtimes (0 documents, 0 failures)
2026-05-03T02:00:03.445+0700	finished restoring iot_backup.prvdatas (91548 documents, 0 failures)
2026-05-03T02:00:05.543+0700	[################........]  iot_backup.sensors  42.2MB/63.0MB  (67.0%)
2026-05-03T02:00:07.018+0700	[########################]  iot_backup.sensors  63.0MB/63.0MB  (100.0%)
2026-05-03T02:00:07.018+0700	finished restoring iot_backup.sensors (547231 documents, 0 failures)
2026-05-03T02:00:07.018+0700	no indexes to restore for collection iot_backup.alarms
2026-05-03T02:00:07.018+0700	no indexes to restore for collection iot_backup.infos
2026-05-03T02:00:07.018+0700	restoring indexes for collection iot_backup.sensors from metadata
2026-05-03T02:00:07.018+0700	index: &idx.IndexDocument{Options:primitive.M{"background":true, "name":"user_1_createAt_1_index_1", "v":2}, Key:primitive.D{primitive.E{Key:"user", Value:1}, primitive.E{Key:"createAt", Value:1}, primitive.E{Key:"index", Value:1}}, PartialFilterExpression:primitive.D(nil)}
2026-05-03T02:00:07.018+0700	no indexes to restore for collection iot_backup.users
2026-05-03T02:00:07.018+0700	no indexes to restore for collection iot_backup.prvs
2026-05-03T02:00:07.018+0700	no indexes to restore for collection iot_backup.groups
2026-05-03T02:00:07.018+0700	restoring indexes for collection iot_backup.prvcontrols from metadata
2026-05-03T02:00:07.018+0700	index: &idx.IndexDocument{Options:primitive.M{"background":true, "expireAfterSeconds":86400, "name":"createAt_-1", "v":2}, Key:primitive.D{primitive.E{Key:"createAt", Value:-1}}, PartialFilterExpression:primitive.D(nil)}
2026-05-03T02:00:07.018+0700	no indexes to restore for collection iot_backup.prvtimes
2026-05-03T02:00:07.018+0700	restoring indexes for collection iot_backup.prvdatas from metadata
2026-05-03T02:00:07.018+0700	index: &idx.IndexDocument{Options:primitive.M{"background":true, "expireAfterSeconds":2592000, "name":"createAt_1", "v":2}, Key:primitive.D{primitive.E{Key:"createAt", Value:1}}, PartialFilterExpression:primitive.D(nil)}
2026-05-03T02:00:08.000+0700	671786 document(s) restored successfully. 0 document(s) failed to restore.
Backup clone done at Sun May  3 02:00:08 +07 2026
{ ok: 1, dropped: 'iot_backup' }
2026-05-04T02:00:01.603+0700	writing iot.sensors to /tmp/mongo_clone/iot/sensors.bson
2026-05-04T02:00:01.603+0700	writing iot.prvdatas to /tmp/mongo_clone/iot/prvdatas.bson
2026-05-04T02:00:01.604+0700	writing iot.alarms to /tmp/mongo_clone/iot/alarms.bson
2026-05-04T02:00:01.604+0700	writing iot.prvcontrols to /tmp/mongo_clone/iot/prvcontrols.bson
2026-05-04T02:00:01.606+0700	done dumping iot.prvcontrols (597 documents)
2026-05-04T02:00:01.606+0700	writing iot.infos to /tmp/mongo_clone/iot/infos.bson
2026-05-04T02:00:01.607+0700	done dumping iot.infos (22 documents)
2026-05-04T02:00:01.607+0700	writing iot.groups to /tmp/mongo_clone/iot/groups.bson
2026-05-04T02:00:01.607+0700	done dumping iot.groups (9 documents)
2026-05-04T02:00:01.607+0700	writing iot.prvs to /tmp/mongo_clone/iot/prvs.bson
2026-05-04T02:00:01.608+0700	done dumping iot.prvs (3 documents)
2026-05-04T02:00:01.608+0700	writing iot.users to /tmp/mongo_clone/iot/users.bson
2026-05-04T02:00:01.608+0700	done dumping iot.users (2 documents)
2026-05-04T02:00:01.608+0700	writing iot.prvtimes to /tmp/mongo_clone/iot/prvtimes.bson
2026-05-04T02:00:01.608+0700	done dumping iot.prvtimes (0 documents)
2026-05-04T02:00:01.643+0700	done dumping iot.alarms (32422 documents)
2026-05-04T02:00:01.719+0700	done dumping iot.prvdatas (96139 documents)
2026-05-04T02:00:02.180+0700	done dumping iot.sensors (574542 documents)
2026-05-04T02:00:02.191+0700	The --db and --collection flags are deprecated for this use-case; please use --nsInclude instead, i.e. with --nsInclude=${DATABASE}.${COLLECTION}
2026-05-04T02:00:02.192+0700	building a list of collections to restore from /tmp/mongo_clone/iot dir
2026-05-04T02:00:02.192+0700	don't know what to do with file "/tmp/mongo_clone/iot/prelude.json", skipping...
2026-05-04T02:00:02.192+0700	reading metadata for iot_backup.prvs from /tmp/mongo_clone/iot/prvs.metadata.json
2026-05-04T02:00:02.192+0700	reading metadata for iot_backup.sensors from /tmp/mongo_clone/iot/sensors.metadata.json
2026-05-04T02:00:02.192+0700	reading metadata for iot_backup.users from /tmp/mongo_clone/iot/users.metadata.json
2026-05-04T02:00:02.192+0700	reading metadata for iot_backup.alarms from /tmp/mongo_clone/iot/alarms.metadata.json
2026-05-04T02:00:02.192+0700	reading metadata for iot_backup.infos from /tmp/mongo_clone/iot/infos.metadata.json
2026-05-04T02:00:02.192+0700	reading metadata for iot_backup.prvcontrols from /tmp/mongo_clone/iot/prvcontrols.metadata.json
2026-05-04T02:00:02.192+0700	reading metadata for iot_backup.groups from /tmp/mongo_clone/iot/groups.metadata.json
2026-05-04T02:00:02.192+0700	reading metadata for iot_backup.prvdatas from /tmp/mongo_clone/iot/prvdatas.metadata.json
2026-05-04T02:00:02.192+0700	reading metadata for iot_backup.prvtimes from /tmp/mongo_clone/iot/prvtimes.metadata.json
2026-05-04T02:00:02.228+0700	restoring iot_backup.sensors from /tmp/mongo_clone/iot/sensors.bson
2026-05-04T02:00:02.233+0700	restoring iot_backup.prvdatas from /tmp/mongo_clone/iot/prvdatas.bson
2026-05-04T02:00:02.241+0700	restoring iot_backup.alarms from /tmp/mongo_clone/iot/alarms.bson
2026-05-04T02:00:02.265+0700	restoring iot_backup.prvcontrols from /tmp/mongo_clone/iot/prvcontrols.bson
2026-05-04T02:00:02.276+0700	finished restoring iot_backup.prvcontrols (597 documents, 0 failures)
2026-05-04T02:00:02.300+0700	restoring iot_backup.infos from /tmp/mongo_clone/iot/infos.bson
2026-05-04T02:00:02.311+0700	finished restoring iot_backup.infos (22 documents, 0 failures)
2026-05-04T02:00:02.345+0700	restoring iot_backup.prvs from /tmp/mongo_clone/iot/prvs.bson
2026-05-04T02:00:02.356+0700	finished restoring iot_backup.prvs (3 documents, 0 failures)
2026-05-04T02:00:02.377+0700	restoring iot_backup.groups from /tmp/mongo_clone/iot/groups.bson
2026-05-04T02:00:02.394+0700	finished restoring iot_backup.groups (9 documents, 0 failures)
2026-05-04T02:00:02.417+0700	restoring iot_backup.users from /tmp/mongo_clone/iot/users.bson
2026-05-04T02:00:02.443+0700	finished restoring iot_backup.users (2 documents, 0 failures)
2026-05-04T02:00:02.466+0700	restoring iot_backup.prvtimes from /tmp/mongo_clone/iot/prvtimes.bson
2026-05-04T02:00:02.478+0700	finished restoring iot_backup.prvtimes (0 documents, 0 failures)
2026-05-04T02:00:02.488+0700	finished restoring iot_backup.alarms (32422 documents, 0 failures)
2026-05-04T02:00:03.163+0700	finished restoring iot_backup.prvdatas (96139 documents, 0 failures)
2026-05-04T02:00:05.191+0700	[###############.........]  iot_backup.sensors  41.6MB/66.1MB  (62.9%)
2026-05-04T02:00:06.914+0700	[########################]  iot_backup.sensors  66.1MB/66.1MB  (100.0%)
2026-05-04T02:00:06.915+0700	finished restoring iot_backup.sensors (574542 documents, 0 failures)
2026-05-04T02:00:06.915+0700	restoring indexes for collection iot_backup.prvdatas from metadata
2026-05-04T02:00:06.915+0700	index: &idx.IndexDocument{Options:primitive.M{"background":true, "expireAfterSeconds":2592000, "name":"createAt_1", "v":2}, Key:primitive.D{primitive.E{Key:"createAt", Value:1}}, PartialFilterExpression:primitive.D(nil)}
2026-05-04T02:00:06.915+0700	no indexes to restore for collection iot_backup.prvtimes
2026-05-04T02:00:06.915+0700	restoring indexes for collection iot_backup.sensors from metadata
2026-05-04T02:00:06.915+0700	index: &idx.IndexDocument{Options:primitive.M{"background":true, "name":"user_1_createAt_1_index_1", "v":2}, Key:primitive.D{primitive.E{Key:"user", Value:1}, primitive.E{Key:"createAt", Value:1}, primitive.E{Key:"index", Value:1}}, PartialFilterExpression:primitive.D(nil)}
2026-05-04T02:00:06.915+0700	no indexes to restore for collection iot_backup.users
2026-05-04T02:00:06.915+0700	no indexes to restore for collection iot_backup.alarms
2026-05-04T02:00:06.915+0700	no indexes to restore for collection iot_backup.infos
2026-05-04T02:00:06.915+0700	no indexes to restore for collection iot_backup.prvs
2026-05-04T02:00:06.915+0700	restoring indexes for collection iot_backup.prvcontrols from metadata
2026-05-04T02:00:06.915+0700	index: &idx.IndexDocument{Options:primitive.M{"background":true, "expireAfterSeconds":86400, "name":"createAt_-1", "v":2}, Key:primitive.D{primitive.E{Key:"createAt", Value:-1}}, PartialFilterExpression:primitive.D(nil)}
2026-05-04T02:00:06.915+0700	no indexes to restore for collection iot_backup.groups
2026-05-04T02:00:07.957+0700	703736 document(s) restored successfully. 0 document(s) failed to restore.
Backup clone done at Mon May  4 02:00:07 +07 2026
{ ok: 1, dropped: 'iot_backup' }
2026-05-05T02:00:01.568+0700	writing iot.sensors to /tmp/mongo_clone/iot/sensors.bson
2026-05-05T02:00:01.568+0700	writing iot.prvdatas to /tmp/mongo_clone/iot/prvdatas.bson
2026-05-05T02:00:01.568+0700	writing iot.alarms to /tmp/mongo_clone/iot/alarms.bson
2026-05-05T02:00:01.568+0700	writing iot.prvcontrols to /tmp/mongo_clone/iot/prvcontrols.bson
2026-05-05T02:00:01.572+0700	done dumping iot.prvcontrols (611 documents)
2026-05-05T02:00:01.572+0700	writing iot.infos to /tmp/mongo_clone/iot/infos.bson
2026-05-05T02:00:01.573+0700	done dumping iot.infos (22 documents)
2026-05-05T02:00:01.573+0700	writing iot.groups to /tmp/mongo_clone/iot/groups.bson
2026-05-05T02:00:01.573+0700	done dumping iot.groups (9 documents)
2026-05-05T02:00:01.573+0700	writing iot.prvs to /tmp/mongo_clone/iot/prvs.bson
2026-05-05T02:00:01.573+0700	done dumping iot.prvs (3 documents)
2026-05-05T02:00:01.573+0700	writing iot.users to /tmp/mongo_clone/iot/users.bson
2026-05-05T02:00:01.574+0700	done dumping iot.users (2 documents)
2026-05-05T02:00:01.574+0700	writing iot.prvtimes to /tmp/mongo_clone/iot/prvtimes.bson
2026-05-05T02:00:01.574+0700	done dumping iot.prvtimes (0 documents)
2026-05-05T02:00:01.610+0700	done dumping iot.alarms (32556 documents)
2026-05-05T02:00:01.680+0700	done dumping iot.prvdatas (100440 documents)
2026-05-05T02:00:02.178+0700	done dumping iot.sensors (601855 documents)
2026-05-05T02:00:02.189+0700	The --db and --collection flags are deprecated for this use-case; please use --nsInclude instead, i.e. with --nsInclude=${DATABASE}.${COLLECTION}
2026-05-05T02:00:02.190+0700	building a list of collections to restore from /tmp/mongo_clone/iot dir
2026-05-05T02:00:02.190+0700	don't know what to do with file "/tmp/mongo_clone/iot/prelude.json", skipping...
2026-05-05T02:00:02.190+0700	reading metadata for iot_backup.infos from /tmp/mongo_clone/iot/infos.metadata.json
2026-05-05T02:00:02.190+0700	reading metadata for iot_backup.sensors from /tmp/mongo_clone/iot/sensors.metadata.json
2026-05-05T02:00:02.190+0700	reading metadata for iot_backup.users from /tmp/mongo_clone/iot/users.metadata.json
2026-05-05T02:00:02.190+0700	reading metadata for iot_backup.prvs from /tmp/mongo_clone/iot/prvs.metadata.json
2026-05-05T02:00:02.190+0700	reading metadata for iot_backup.prvtimes from /tmp/mongo_clone/iot/prvtimes.metadata.json
2026-05-05T02:00:02.190+0700	reading metadata for iot_backup.alarms from /tmp/mongo_clone/iot/alarms.metadata.json
2026-05-05T02:00:02.190+0700	reading metadata for iot_backup.groups from /tmp/mongo_clone/iot/groups.metadata.json
2026-05-05T02:00:02.190+0700	reading metadata for iot_backup.prvcontrols from /tmp/mongo_clone/iot/prvcontrols.metadata.json
2026-05-05T02:00:02.190+0700	reading metadata for iot_backup.prvdatas from /tmp/mongo_clone/iot/prvdatas.metadata.json
2026-05-05T02:00:02.255+0700	restoring iot_backup.sensors from /tmp/mongo_clone/iot/sensors.bson
2026-05-05T02:00:02.270+0700	restoring iot_backup.prvdatas from /tmp/mongo_clone/iot/prvdatas.bson
2026-05-05T02:00:02.279+0700	restoring iot_backup.alarms from /tmp/mongo_clone/iot/alarms.bson
2026-05-05T02:00:02.286+0700	restoring iot_backup.prvcontrols from /tmp/mongo_clone/iot/prvcontrols.bson
2026-05-05T02:00:02.299+0700	finished restoring iot_backup.prvcontrols (611 documents, 0 failures)
2026-05-05T02:00:02.351+0700	restoring iot_backup.infos from /tmp/mongo_clone/iot/infos.bson
2026-05-05T02:00:02.361+0700	finished restoring iot_backup.infos (22 documents, 0 failures)
2026-05-05T02:00:02.387+0700	restoring iot_backup.prvs from /tmp/mongo_clone/iot/prvs.bson
2026-05-05T02:00:02.410+0700	finished restoring iot_backup.prvs (3 documents, 0 failures)
2026-05-05T02:00:02.431+0700	restoring iot_backup.groups from /tmp/mongo_clone/iot/groups.bson
2026-05-05T02:00:02.449+0700	finished restoring iot_backup.groups (9 documents, 0 failures)
2026-05-05T02:00:02.473+0700	restoring iot_backup.users from /tmp/mongo_clone/iot/users.bson
2026-05-05T02:00:02.491+0700	finished restoring iot_backup.users (2 documents, 0 failures)
2026-05-05T02:00:02.515+0700	restoring iot_backup.prvtimes from /tmp/mongo_clone/iot/prvtimes.bson
2026-05-05T02:00:02.528+0700	finished restoring iot_backup.prvtimes (0 documents, 0 failures)
2026-05-05T02:00:02.545+0700	finished restoring iot_backup.alarms (32556 documents, 0 failures)
2026-05-05T02:00:03.210+0700	finished restoring iot_backup.prvdatas (100440 documents, 0 failures)
2026-05-05T02:00:05.190+0700	[##############..........]  iot_backup.sensors  42.0MB/69.2MB  (60.6%)
2026-05-05T02:00:07.065+0700	[########################]  iot_backup.sensors  69.2MB/69.2MB  (100.0%)
2026-05-05T02:00:07.065+0700	finished restoring iot_backup.sensors (601855 documents, 0 failures)
2026-05-05T02:00:07.065+0700	no indexes to restore for collection iot_backup.prvtimes
2026-05-05T02:00:07.065+0700	restoring indexes for collection iot_backup.prvdatas from metadata
2026-05-05T02:00:07.065+0700	index: &idx.IndexDocument{Options:primitive.M{"background":true, "expireAfterSeconds":2592000, "name":"createAt_1", "v":2}, Key:primitive.D{primitive.E{Key:"createAt", Value:1}}, PartialFilterExpression:primitive.D(nil)}
2026-05-05T02:00:07.066+0700	no indexes to restore for collection iot_backup.infos
2026-05-05T02:00:07.066+0700	no indexes to restore for collection iot_backup.prvs
2026-05-05T02:00:07.066+0700	no indexes to restore for collection iot_backup.alarms
2026-05-05T02:00:07.066+0700	restoring indexes for collection iot_backup.prvcontrols from metadata
2026-05-05T02:00:07.066+0700	index: &idx.IndexDocument{Options:primitive.M{"background":true, "expireAfterSeconds":86400, "name":"createAt_-1", "v":2}, Key:primitive.D{primitive.E{Key:"createAt", Value:-1}}, PartialFilterExpression:primitive.D(nil)}
2026-05-05T02:00:07.066+0700	no indexes to restore for collection iot_backup.groups
2026-05-05T02:00:07.066+0700	restoring indexes for collection iot_backup.sensors from metadata
2026-05-05T02:00:07.066+0700	index: &idx.IndexDocument{Options:primitive.M{"background":true, "name":"user_1_createAt_1_index_1", "v":2}, Key:primitive.D{primitive.E{Key:"user", Value:1}, primitive.E{Key:"createAt", Value:1}, primitive.E{Key:"index", Value:1}}, PartialFilterExpression:primitive.D(nil)}
2026-05-05T02:00:07.066+0700	no indexes to restore for collection iot_backup.users
2026-05-05T02:00:08.166+0700	735498 document(s) restored successfully. 0 document(s) failed to restore.
Backup clone done at Tue May  5 02:00:08 +07 2026
{ ok: 1, dropped: 'iot_backup' }
2026-05-06T02:00:01.771+0700	writing iot.sensors to /tmp/mongo_clone/iot/sensors.bson
2026-05-06T02:00:01.771+0700	writing iot.prvdatas to /tmp/mongo_clone/iot/prvdatas.bson
2026-05-06T02:00:01.771+0700	writing iot.alarms to /tmp/mongo_clone/iot/alarms.bson
2026-05-06T02:00:01.771+0700	writing iot.prvcontrols to /tmp/mongo_clone/iot/prvcontrols.bson
2026-05-06T02:00:01.776+0700	done dumping iot.prvcontrols (683 documents)
2026-05-06T02:00:01.776+0700	writing iot.infos to /tmp/mongo_clone/iot/infos.bson
2026-05-06T02:00:01.777+0700	done dumping iot.infos (22 documents)
2026-05-06T02:00:01.777+0700	writing iot.groups to /tmp/mongo_clone/iot/groups.bson
2026-05-06T02:00:01.777+0700	done dumping iot.groups (9 documents)
2026-05-06T02:00:01.777+0700	writing iot.prvs to /tmp/mongo_clone/iot/prvs.bson
2026-05-06T02:00:01.777+0700	done dumping iot.prvs (3 documents)
2026-05-06T02:00:01.777+0700	writing iot.users to /tmp/mongo_clone/iot/users.bson
2026-05-06T02:00:01.778+0700	done dumping iot.users (2 documents)
2026-05-06T02:00:01.778+0700	writing iot.prvtimes to /tmp/mongo_clone/iot/prvtimes.bson
2026-05-06T02:00:01.778+0700	done dumping iot.prvtimes (0 documents)
2026-05-06T02:00:01.807+0700	done dumping iot.alarms (32695 documents)
2026-05-06T02:00:01.883+0700	done dumping iot.prvdatas (105425 documents)
2026-05-06T02:00:02.300+0700	done dumping iot.sensors (629167 documents)
2026-05-06T02:00:02.311+0700	The --db and --collection flags are deprecated for this use-case; please use --nsInclude instead, i.e. with --nsInclude=${DATABASE}.${COLLECTION}
2026-05-06T02:00:02.311+0700	building a list of collections to restore from /tmp/mongo_clone/iot dir
2026-05-06T02:00:02.312+0700	don't know what to do with file "/tmp/mongo_clone/iot/prelude.json", skipping...
2026-05-06T02:00:02.312+0700	reading metadata for iot_backup.groups from /tmp/mongo_clone/iot/groups.metadata.json
2026-05-06T02:00:02.312+0700	reading metadata for iot_backup.infos from /tmp/mongo_clone/iot/infos.metadata.json
2026-05-06T02:00:02.312+0700	reading metadata for iot_backup.users from /tmp/mongo_clone/iot/users.metadata.json
2026-05-06T02:00:02.312+0700	reading metadata for iot_backup.alarms from /tmp/mongo_clone/iot/alarms.metadata.json
2026-05-06T02:00:02.312+0700	reading metadata for iot_backup.prvcontrols from /tmp/mongo_clone/iot/prvcontrols.metadata.json
2026-05-06T02:00:02.312+0700	reading metadata for iot_backup.prvdatas from /tmp/mongo_clone/iot/prvdatas.metadata.json
2026-05-06T02:00:02.312+0700	reading metadata for iot_backup.prvs from /tmp/mongo_clone/iot/prvs.metadata.json
2026-05-06T02:00:02.312+0700	reading metadata for iot_backup.prvtimes from /tmp/mongo_clone/iot/prvtimes.metadata.json
2026-05-06T02:00:02.312+0700	reading metadata for iot_backup.sensors from /tmp/mongo_clone/iot/sensors.metadata.json
2026-05-06T02:00:02.374+0700	restoring iot_backup.sensors from /tmp/mongo_clone/iot/sensors.bson
2026-05-06T02:00:02.383+0700	restoring iot_backup.prvdatas from /tmp/mongo_clone/iot/prvdatas.bson
2026-05-06T02:00:02.402+0700	restoring iot_backup.alarms from /tmp/mongo_clone/iot/alarms.bson
2026-05-06T02:00:02.417+0700	restoring iot_backup.prvcontrols from /tmp/mongo_clone/iot/prvcontrols.bson
2026-05-06T02:00:02.428+0700	finished restoring iot_backup.prvcontrols (683 documents, 0 failures)
2026-05-06T02:00:02.480+0700	restoring iot_backup.infos from /tmp/mongo_clone/iot/infos.bson
2026-05-06T02:00:02.496+0700	finished restoring iot_backup.infos (22 documents, 0 failures)
2026-05-06T02:00:02.571+0700	restoring iot_backup.prvs from /tmp/mongo_clone/iot/prvs.bson
2026-05-06T02:00:02.582+0700	finished restoring iot_backup.prvs (3 documents, 0 failures)
2026-05-06T02:00:02.634+0700	restoring iot_backup.groups from /tmp/mongo_clone/iot/groups.bson
2026-05-06T02:00:02.645+0700	finished restoring iot_backup.groups (9 documents, 0 failures)
2026-05-06T02:00:02.652+0700	finished restoring iot_backup.alarms (32695 documents, 0 failures)
2026-05-06T02:00:02.707+0700	restoring iot_backup.users from /tmp/mongo_clone/iot/users.bson
2026-05-06T02:00:02.725+0700	finished restoring iot_backup.users (2 documents, 0 failures)
2026-05-06T02:00:02.727+0700	restoring iot_backup.prvtimes from /tmp/mongo_clone/iot/prvtimes.bson
2026-05-06T02:00:02.744+0700	finished restoring iot_backup.prvtimes (0 documents, 0 failures)
2026-05-06T02:00:03.306+0700	finished restoring iot_backup.prvdatas (105425 documents, 0 failures)
2026-05-06T02:00:05.311+0700	[###############.........]  iot_backup.sensors  48.1MB/72.4MB  (66.5%)
2026-05-06T02:00:06.732+0700	[########################]  iot_backup.sensors  72.4MB/72.4MB  (100.0%)
2026-05-06T02:00:06.732+0700	finished restoring iot_backup.sensors (629167 documents, 0 failures)
2026-05-06T02:00:06.732+0700	no indexes to restore for collection iot_backup.infos
2026-05-06T02:00:06.732+0700	no indexes to restore for collection iot_backup.users
2026-05-06T02:00:06.732+0700	restoring indexes for collection iot_backup.prvcontrols from metadata
2026-05-06T02:00:06.732+0700	index: &idx.IndexDocument{Options:primitive.M{"background":true, "expireAfterSeconds":86400, "name":"createAt_-1", "v":2}, Key:primitive.D{primitive.E{Key:"createAt", Value:-1}}, PartialFilterExpression:primitive.D(nil)}
2026-05-06T02:00:06.732+0700	no indexes to restore for collection iot_backup.prvtimes
2026-05-06T02:00:06.732+0700	restoring indexes for collection iot_backup.sensors from metadata
2026-05-06T02:00:06.732+0700	index: &idx.IndexDocument{Options:primitive.M{"background":true, "name":"user_1_createAt_1_index_1", "v":2}, Key:primitive.D{primitive.E{Key:"user", Value:1}, primitive.E{Key:"createAt", Value:1}, primitive.E{Key:"index", Value:1}}, PartialFilterExpression:primitive.D(nil)}
2026-05-06T02:00:06.732+0700	no indexes to restore for collection iot_backup.groups
2026-05-06T02:00:06.732+0700	no indexes to restore for collection iot_backup.alarms
2026-05-06T02:00:06.732+0700	restoring indexes for collection iot_backup.prvdatas from metadata
2026-05-06T02:00:06.732+0700	index: &idx.IndexDocument{Options:primitive.M{"background":true, "expireAfterSeconds":2592000, "name":"createAt_1", "v":2}, Key:primitive.D{primitive.E{Key:"createAt", Value:1}}, PartialFilterExpression:primitive.D(nil)}
2026-05-06T02:00:06.732+0700	no indexes to restore for collection iot_backup.prvs
2026-05-06T02:00:07.672+0700	768006 document(s) restored successfully. 0 document(s) failed to restore.
Backup clone done at Wed May  6 02:00:07 +07 2026
{ ok: 1, dropped: 'iot_backup' }
2026-05-07T02:00:02.275+0700	writing iot.sensors to /tmp/mongo_clone/iot/sensors.bson
2026-05-07T02:00:02.275+0700	writing iot.prvdatas to /tmp/mongo_clone/iot/prvdatas.bson
2026-05-07T02:00:02.275+0700	writing iot.alarms to /tmp/mongo_clone/iot/alarms.bson
2026-05-07T02:00:02.275+0700	writing iot.prvcontrols to /tmp/mongo_clone/iot/prvcontrols.bson
2026-05-07T02:00:02.277+0700	done dumping iot.prvcontrols (634 documents)
2026-05-07T02:00:02.277+0700	writing iot.infos to /tmp/mongo_clone/iot/infos.bson
2026-05-07T02:00:02.277+0700	done dumping iot.infos (22 documents)
2026-05-07T02:00:02.277+0700	writing iot.groups to /tmp/mongo_clone/iot/groups.bson
2026-05-07T02:00:02.278+0700	done dumping iot.groups (9 documents)
2026-05-07T02:00:02.278+0700	writing iot.prvs to /tmp/mongo_clone/iot/prvs.bson
2026-05-07T02:00:02.278+0700	done dumping iot.prvs (3 documents)
2026-05-07T02:00:02.278+0700	writing iot.users to /tmp/mongo_clone/iot/users.bson
2026-05-07T02:00:02.278+0700	done dumping iot.users (2 documents)
2026-05-07T02:00:02.278+0700	writing iot.prvtimes to /tmp/mongo_clone/iot/prvtimes.bson
2026-05-07T02:00:02.279+0700	done dumping iot.prvtimes (0 documents)
2026-05-07T02:00:02.318+0700	done dumping iot.alarms (32974 documents)
2026-05-07T02:00:02.408+0700	done dumping iot.prvdatas (110483 documents)
2026-05-07T02:00:02.880+0700	done dumping iot.sensors (657039 documents)
2026-05-07T02:00:02.892+0700	The --db and --collection flags are deprecated for this use-case; please use --nsInclude instead, i.e. with --nsInclude=${DATABASE}.${COLLECTION}
2026-05-07T02:00:02.892+0700	building a list of collections to restore from /tmp/mongo_clone/iot dir
2026-05-07T02:00:02.892+0700	don't know what to do with file "/tmp/mongo_clone/iot/prelude.json", skipping...
2026-05-07T02:00:02.892+0700	reading metadata for iot_backup.alarms from /tmp/mongo_clone/iot/alarms.metadata.json
2026-05-07T02:00:02.892+0700	reading metadata for iot_backup.groups from /tmp/mongo_clone/iot/groups.metadata.json
2026-05-07T02:00:02.892+0700	reading metadata for iot_backup.infos from /tmp/mongo_clone/iot/infos.metadata.json
2026-05-07T02:00:02.892+0700	reading metadata for iot_backup.prvdatas from /tmp/mongo_clone/iot/prvdatas.metadata.json
2026-05-07T02:00:02.893+0700	reading metadata for iot_backup.prvs from /tmp/mongo_clone/iot/prvs.metadata.json
2026-05-07T02:00:02.893+0700	reading metadata for iot_backup.prvtimes from /tmp/mongo_clone/iot/prvtimes.metadata.json
2026-05-07T02:00:02.893+0700	reading metadata for iot_backup.sensors from /tmp/mongo_clone/iot/sensors.metadata.json
2026-05-07T02:00:02.893+0700	reading metadata for iot_backup.prvcontrols from /tmp/mongo_clone/iot/prvcontrols.metadata.json
2026-05-07T02:00:02.893+0700	reading metadata for iot_backup.users from /tmp/mongo_clone/iot/users.metadata.json
2026-05-07T02:00:02.959+0700	restoring iot_backup.prvdatas from /tmp/mongo_clone/iot/prvdatas.bson
2026-05-07T02:00:02.969+0700	restoring iot_backup.sensors from /tmp/mongo_clone/iot/sensors.bson
2026-05-07T02:00:03.027+0700	restoring iot_backup.alarms from /tmp/mongo_clone/iot/alarms.bson
2026-05-07T02:00:03.038+0700	restoring iot_backup.prvcontrols from /tmp/mongo_clone/iot/prvcontrols.bson
2026-05-07T02:00:03.049+0700	finished restoring iot_backup.prvcontrols (634 documents, 0 failures)
2026-05-07T02:00:03.080+0700	restoring iot_backup.infos from /tmp/mongo_clone/iot/infos.bson
2026-05-07T02:00:03.097+0700	finished restoring iot_backup.infos (22 documents, 0 failures)
2026-05-07T02:00:03.167+0700	restoring iot_backup.prvs from /tmp/mongo_clone/iot/prvs.bson
2026-05-07T02:00:03.179+0700	finished restoring iot_backup.prvs (3 documents, 0 failures)
2026-05-07T02:00:03.213+0700	restoring iot_backup.groups from /tmp/mongo_clone/iot/groups.bson
2026-05-07T02:00:03.223+0700	finished restoring iot_backup.groups (9 documents, 0 failures)
2026-05-07T02:00:03.263+0700	finished restoring iot_backup.alarms (32974 documents, 0 failures)
2026-05-07T02:00:03.274+0700	restoring iot_backup.users from /tmp/mongo_clone/iot/users.bson
2026-05-07T02:00:03.287+0700	finished restoring iot_backup.users (2 documents, 0 failures)
2026-05-07T02:00:03.303+0700	restoring iot_backup.prvtimes from /tmp/mongo_clone/iot/prvtimes.bson
2026-05-07T02:00:03.320+0700	finished restoring iot_backup.prvtimes (0 documents, 0 failures)
2026-05-07T02:00:03.890+0700	finished restoring iot_backup.prvdatas (110483 documents, 0 failures)
2026-05-07T02:00:05.892+0700	[###############.........]  iot_backup.sensors  48.8MB/75.6MB  (64.6%)
2026-05-07T02:00:07.485+0700	[########################]  iot_backup.sensors  75.6MB/75.6MB  (100.0%)
2026-05-07T02:00:07.485+0700	finished restoring iot_backup.sensors (657039 documents, 0 failures)
2026-05-07T02:00:07.485+0700	no indexes to restore for collection iot_backup.prvtimes
2026-05-07T02:00:07.485+0700	restoring indexes for collection iot_backup.sensors from metadata
2026-05-07T02:00:07.485+0700	index: &idx.IndexDocument{Options:primitive.M{"background":true, "name":"user_1_createAt_1_index_1", "v":2}, Key:primitive.D{primitive.E{Key:"user", Value:1}, primitive.E{Key:"createAt", Value:1}, primitive.E{Key:"index", Value:1}}, PartialFilterExpression:primitive.D(nil)}
2026-05-07T02:00:07.485+0700	restoring indexes for collection iot_backup.prvcontrols from metadata
2026-05-07T02:00:07.485+0700	index: &idx.IndexDocument{Options:primitive.M{"background":true, "expireAfterSeconds":86400, "name":"createAt_-1", "v":2}, Key:primitive.D{primitive.E{Key:"createAt", Value:-1}}, PartialFilterExpression:primitive.D(nil)}
2026-05-07T02:00:07.485+0700	no indexes to restore for collection iot_backup.alarms
2026-05-07T02:00:07.485+0700	no indexes to restore for collection iot_backup.groups
2026-05-07T02:00:07.485+0700	restoring indexes for collection iot_backup.prvdatas from metadata
2026-05-07T02:00:07.485+0700	index: &idx.IndexDocument{Options:primitive.M{"background":true, "expireAfterSeconds":2592000, "name":"createAt_1", "v":2}, Key:primitive.D{primitive.E{Key:"createAt", Value:1}}, PartialFilterExpression:primitive.D(nil)}
2026-05-07T02:00:07.485+0700	no indexes to restore for collection iot_backup.infos
2026-05-07T02:00:07.486+0700	no indexes to restore for collection iot_backup.prvs
2026-05-07T02:00:07.486+0700	no indexes to restore for collection iot_backup.users
2026-05-07T02:00:08.498+0700	801166 document(s) restored successfully. 0 document(s) failed to restore.
Backup clone done at Thu May  7 02:00:08 +07 2026
{ ok: 1, dropped: 'iot_backup' }
2026-05-08T02:00:02.111+0700	writing iot.sensors to /tmp/mongo_clone/iot/sensors.bson
2026-05-08T02:00:02.111+0700	writing iot.prvdatas to /tmp/mongo_clone/iot/prvdatas.bson
2026-05-08T02:00:02.111+0700	writing iot.alarms to /tmp/mongo_clone/iot/alarms.bson
2026-05-08T02:00:02.111+0700	writing iot.prvcontrols to /tmp/mongo_clone/iot/prvcontrols.bson
2026-05-08T02:00:02.116+0700	done dumping iot.prvcontrols (652 documents)
2026-05-08T02:00:02.116+0700	writing iot.infos to /tmp/mongo_clone/iot/infos.bson
2026-05-08T02:00:02.117+0700	done dumping iot.infos (22 documents)
2026-05-08T02:00:02.117+0700	writing iot.groups to /tmp/mongo_clone/iot/groups.bson
2026-05-08T02:00:02.117+0700	done dumping iot.groups (9 documents)
2026-05-08T02:00:02.117+0700	writing iot.prvs to /tmp/mongo_clone/iot/prvs.bson
2026-05-08T02:00:02.118+0700	done dumping iot.prvs (3 documents)
2026-05-08T02:00:02.118+0700	writing iot.users to /tmp/mongo_clone/iot/users.bson
2026-05-08T02:00:02.118+0700	done dumping iot.users (2 documents)
2026-05-08T02:00:02.118+0700	writing iot.prvtimes to /tmp/mongo_clone/iot/prvtimes.bson
2026-05-08T02:00:02.118+0700	done dumping iot.prvtimes (0 documents)
2026-05-08T02:00:02.147+0700	done dumping iot.alarms (33358 documents)
2026-05-08T02:00:02.225+0700	done dumping iot.prvdatas (115431 documents)
2026-05-08T02:00:02.667+0700	done dumping iot.sensors (684463 documents)
2026-05-08T02:00:02.678+0700	The --db and --collection flags are deprecated for this use-case; please use --nsInclude instead, i.e. with --nsInclude=${DATABASE}.${COLLECTION}
2026-05-08T02:00:02.678+0700	building a list of collections to restore from /tmp/mongo_clone/iot dir
2026-05-08T02:00:02.678+0700	don't know what to do with file "/tmp/mongo_clone/iot/prelude.json", skipping...
2026-05-08T02:00:02.679+0700	reading metadata for iot_backup.prvcontrols from /tmp/mongo_clone/iot/prvcontrols.metadata.json
2026-05-08T02:00:02.679+0700	reading metadata for iot_backup.prvdatas from /tmp/mongo_clone/iot/prvdatas.metadata.json
2026-05-08T02:00:02.679+0700	reading metadata for iot_backup.prvtimes from /tmp/mongo_clone/iot/prvtimes.metadata.json
2026-05-08T02:00:02.679+0700	reading metadata for iot_backup.sensors from /tmp/mongo_clone/iot/sensors.metadata.json
2026-05-08T02:00:02.679+0700	reading metadata for iot_backup.alarms from /tmp/mongo_clone/iot/alarms.metadata.json
2026-05-08T02:00:02.679+0700	reading metadata for iot_backup.groups from /tmp/mongo_clone/iot/groups.metadata.json
2026-05-08T02:00:02.679+0700	reading metadata for iot_backup.infos from /tmp/mongo_clone/iot/infos.metadata.json
2026-05-08T02:00:02.679+0700	reading metadata for iot_backup.prvs from /tmp/mongo_clone/iot/prvs.metadata.json
2026-05-08T02:00:02.679+0700	reading metadata for iot_backup.users from /tmp/mongo_clone/iot/users.metadata.json
2026-05-08T02:00:02.743+0700	restoring iot_backup.sensors from /tmp/mongo_clone/iot/sensors.bson
2026-05-08T02:00:02.754+0700	restoring iot_backup.prvdatas from /tmp/mongo_clone/iot/prvdatas.bson
2026-05-08T02:00:02.795+0700	restoring iot_backup.alarms from /tmp/mongo_clone/iot/alarms.bson
2026-05-08T02:00:02.812+0700	restoring iot_backup.prvcontrols from /tmp/mongo_clone/iot/prvcontrols.bson
2026-05-08T02:00:02.822+0700	finished restoring iot_backup.prvcontrols (652 documents, 0 failures)
2026-05-08T02:00:02.863+0700	restoring iot_backup.infos from /tmp/mongo_clone/iot/infos.bson
2026-05-08T02:00:02.881+0700	finished restoring iot_backup.infos (22 documents, 0 failures)
2026-05-08T02:00:03.018+0700	finished restoring iot_backup.alarms (33358 documents, 0 failures)
2026-05-08T02:00:03.035+0700	restoring iot_backup.prvs from /tmp/mongo_clone/iot/prvs.bson
2026-05-08T02:00:03.055+0700	finished restoring iot_backup.prvs (3 documents, 0 failures)
2026-05-08T02:00:03.072+0700	restoring iot_backup.groups from /tmp/mongo_clone/iot/groups.bson
2026-05-08T02:00:03.083+0700	finished restoring iot_backup.groups (9 documents, 0 failures)
2026-05-08T02:00:03.125+0700	restoring iot_backup.users from /tmp/mongo_clone/iot/users.bson
2026-05-08T02:00:03.136+0700	restoring iot_backup.prvtimes from /tmp/mongo_clone/iot/prvtimes.bson
2026-05-08T02:00:03.137+0700	finished restoring iot_backup.users (2 documents, 0 failures)
2026-05-08T02:00:03.154+0700	finished restoring iot_backup.prvtimes (0 documents, 0 failures)
2026-05-08T02:00:03.698+0700	finished restoring iot_backup.prvdatas (115431 documents, 0 failures)
2026-05-08T02:00:05.678+0700	[##############..........]  iot_backup.sensors  47.5MB/78.7MB  (60.3%)
2026-05-08T02:00:07.507+0700	[########################]  iot_backup.sensors  78.7MB/78.7MB  (100.0%)
2026-05-08T02:00:07.507+0700	finished restoring iot_backup.sensors (684463 documents, 0 failures)
2026-05-08T02:00:07.507+0700	restoring indexes for collection iot_backup.sensors from metadata
2026-05-08T02:00:07.507+0700	index: &idx.IndexDocument{Options:primitive.M{"background":true, "name":"user_1_createAt_1_index_1", "v":2}, Key:primitive.D{primitive.E{Key:"user", Value:1}, primitive.E{Key:"createAt", Value:1}, primitive.E{Key:"index", Value:1}}, PartialFilterExpression:primitive.D(nil)}
2026-05-08T02:00:07.507+0700	no indexes to restore for collection iot_backup.alarms
2026-05-08T02:00:07.507+0700	no indexes to restore for collection iot_backup.groups
2026-05-08T02:00:07.507+0700	no indexes to restore for collection iot_backup.infos
2026-05-08T02:00:07.507+0700	restoring indexes for collection iot_backup.prvcontrols from metadata
2026-05-08T02:00:07.507+0700	index: &idx.IndexDocument{Options:primitive.M{"background":true, "expireAfterSeconds":86400, "name":"createAt_-1", "v":2}, Key:primitive.D{primitive.E{Key:"createAt", Value:-1}}, PartialFilterExpression:primitive.D(nil)}
2026-05-08T02:00:07.507+0700	no indexes to restore for collection iot_backup.users
2026-05-08T02:00:07.507+0700	restoring indexes for collection iot_backup.prvdatas from metadata
2026-05-08T02:00:07.507+0700	index: &idx.IndexDocument{Options:primitive.M{"background":true, "expireAfterSeconds":2592000, "name":"createAt_1", "v":2}, Key:primitive.D{primitive.E{Key:"createAt", Value:1}}, PartialFilterExpression:primitive.D(nil)}
2026-05-08T02:00:07.507+0700	no indexes to restore for collection iot_backup.prvtimes
2026-05-08T02:00:07.507+0700	no indexes to restore for collection iot_backup.prvs
2026-05-08T02:00:08.549+0700	833940 document(s) restored successfully. 0 document(s) failed to restore.
Backup clone done at Fri May  8 02:00:08 +07 2026
{ ok: 1, dropped: 'iot_backup' }
2026-05-09T02:00:02.182+0700	writing iot.sensors to /tmp/mongo_clone/iot/sensors.bson
2026-05-09T02:00:02.182+0700	writing iot.prvdatas to /tmp/mongo_clone/iot/prvdatas.bson
2026-05-09T02:00:02.182+0700	writing iot.alarms to /tmp/mongo_clone/iot/alarms.bson
2026-05-09T02:00:02.182+0700	writing iot.prvcontrols to /tmp/mongo_clone/iot/prvcontrols.bson
2026-05-09T02:00:02.184+0700	done dumping iot.prvcontrols (653 documents)
2026-05-09T02:00:02.184+0700	writing iot.infos to /tmp/mongo_clone/iot/infos.bson
2026-05-09T02:00:02.185+0700	done dumping iot.infos (22 documents)
2026-05-09T02:00:02.185+0700	writing iot.groups to /tmp/mongo_clone/iot/groups.bson
2026-05-09T02:00:02.185+0700	done dumping iot.groups (9 documents)
2026-05-09T02:00:02.185+0700	writing iot.prvs to /tmp/mongo_clone/iot/prvs.bson
2026-05-09T02:00:02.185+0700	done dumping iot.prvs (3 documents)
2026-05-09T02:00:02.185+0700	writing iot.users to /tmp/mongo_clone/iot/users.bson
2026-05-09T02:00:02.186+0700	done dumping iot.users (2 documents)
2026-05-09T02:00:02.186+0700	writing iot.prvtimes to /tmp/mongo_clone/iot/prvtimes.bson
2026-05-09T02:00:02.186+0700	done dumping iot.prvtimes (0 documents)
2026-05-09T02:00:02.218+0700	done dumping iot.alarms (33600 documents)
2026-05-09T02:00:02.306+0700	done dumping iot.prvdatas (120199 documents)
2026-05-09T02:00:02.763+0700	done dumping iot.sensors (712458 documents)
2026-05-09T02:00:02.774+0700	The --db and --collection flags are deprecated for this use-case; please use --nsInclude instead, i.e. with --nsInclude=${DATABASE}.${COLLECTION}
2026-05-09T02:00:02.775+0700	building a list of collections to restore from /tmp/mongo_clone/iot dir
2026-05-09T02:00:02.775+0700	don't know what to do with file "/tmp/mongo_clone/iot/prelude.json", skipping...
2026-05-09T02:00:02.775+0700	reading metadata for iot_backup.groups from /tmp/mongo_clone/iot/groups.metadata.json
2026-05-09T02:00:02.775+0700	reading metadata for iot_backup.infos from /tmp/mongo_clone/iot/infos.metadata.json
2026-05-09T02:00:02.775+0700	reading metadata for iot_backup.prvs from /tmp/mongo_clone/iot/prvs.metadata.json
2026-05-09T02:00:02.775+0700	reading metadata for iot_backup.prvtimes from /tmp/mongo_clone/iot/prvtimes.metadata.json
2026-05-09T02:00:02.775+0700	reading metadata for iot_backup.alarms from /tmp/mongo_clone/iot/alarms.metadata.json
2026-05-09T02:00:02.775+0700	reading metadata for iot_backup.prvdatas from /tmp/mongo_clone/iot/prvdatas.metadata.json
2026-05-09T02:00:02.775+0700	reading metadata for iot_backup.sensors from /tmp/mongo_clone/iot/sensors.metadata.json
2026-05-09T02:00:02.775+0700	reading metadata for iot_backup.users from /tmp/mongo_clone/iot/users.metadata.json
2026-05-09T02:00:02.775+0700	reading metadata for iot_backup.prvcontrols from /tmp/mongo_clone/iot/prvcontrols.metadata.json
2026-05-09T02:00:02.830+0700	restoring iot_backup.sensors from /tmp/mongo_clone/iot/sensors.bson
2026-05-09T02:00:02.840+0700	restoring iot_backup.prvdatas from /tmp/mongo_clone/iot/prvdatas.bson
2026-05-09T02:00:02.853+0700	restoring iot_backup.alarms from /tmp/mongo_clone/iot/alarms.bson
2026-05-09T02:00:02.865+0700	restoring iot_backup.prvcontrols from /tmp/mongo_clone/iot/prvcontrols.bson
2026-05-09T02:00:02.877+0700	finished restoring iot_backup.prvcontrols (653 documents, 0 failures)
2026-05-09T02:00:02.924+0700	restoring iot_backup.infos from /tmp/mongo_clone/iot/infos.bson
2026-05-09T02:00:02.940+0700	finished restoring iot_backup.infos (22 documents, 0 failures)
2026-05-09T02:00:02.977+0700	restoring iot_backup.prvs from /tmp/mongo_clone/iot/prvs.bson
2026-05-09T02:00:02.989+0700	finished restoring iot_backup.prvs (3 documents, 0 failures)
2026-05-09T02:00:03.026+0700	restoring iot_backup.groups from /tmp/mongo_clone/iot/groups.bson
2026-05-09T02:00:03.039+0700	finished restoring iot_backup.groups (9 documents, 0 failures)
2026-05-09T02:00:03.064+0700	restoring iot_backup.users from /tmp/mongo_clone/iot/users.bson
2026-05-09T02:00:03.082+0700	finished restoring iot_backup.users (2 documents, 0 failures)
2026-05-09T02:00:03.109+0700	finished restoring iot_backup.alarms (33600 documents, 0 failures)
2026-05-09T02:00:03.133+0700	restoring iot_backup.prvtimes from /tmp/mongo_clone/iot/prvtimes.bson
2026-05-09T02:00:03.144+0700	finished restoring iot_backup.prvtimes (0 documents, 0 failures)
2026-05-09T02:00:03.848+0700	finished restoring iot_backup.prvdatas (120199 documents, 0 failures)
2026-05-09T02:00:05.774+0700	[##############..........]  iot_backup.sensors  48.5MB/81.9MB  (59.2%)
2026-05-09T02:00:07.731+0700	[########################]  iot_backup.sensors  81.9MB/81.9MB  (100.0%)
2026-05-09T02:00:07.731+0700	finished restoring iot_backup.sensors (712458 documents, 0 failures)
2026-05-09T02:00:07.731+0700	no indexes to restore for collection iot_backup.users
2026-05-09T02:00:07.731+0700	restoring indexes for collection iot_backup.prvcontrols from metadata
2026-05-09T02:00:07.731+0700	index: &idx.IndexDocument{Options:primitive.M{"background":true, "expireAfterSeconds":86400, "name":"createAt_-1", "v":2}, Key:primitive.D{primitive.E{Key:"createAt", Value:-1}}, PartialFilterExpression:primitive.D(nil)}
2026-05-09T02:00:07.731+0700	no indexes to restore for collection iot_backup.groups
2026-05-09T02:00:07.731+0700	no indexes to restore for collection iot_backup.infos
2026-05-09T02:00:07.731+0700	no indexes to restore for collection iot_backup.prvtimes
2026-05-09T02:00:07.731+0700	no indexes to restore for collection iot_backup.alarms
2026-05-09T02:00:07.731+0700	restoring indexes for collection iot_backup.sensors from metadata
2026-05-09T02:00:07.731+0700	index: &idx.IndexDocument{Options:primitive.M{"background":true, "name":"user_1_createAt_1_index_1", "v":2}, Key:primitive.D{primitive.E{Key:"user", Value:1}, primitive.E{Key:"createAt", Value:1}, primitive.E{Key:"index", Value:1}}, PartialFilterExpression:primitive.D(nil)}
2026-05-09T02:00:07.731+0700	no indexes to restore for collection iot_backup.prvs
2026-05-09T02:00:07.731+0700	restoring indexes for collection iot_backup.prvdatas from metadata
2026-05-09T02:00:07.731+0700	index: &idx.IndexDocument{Options:primitive.M{"background":true, "expireAfterSeconds":2592000, "name":"createAt_1", "v":2}, Key:primitive.D{primitive.E{Key:"createAt", Value:1}}, PartialFilterExpression:primitive.D(nil)}
2026-05-09T02:00:08.785+0700	866946 document(s) restored successfully. 0 document(s) failed to restore.
Backup clone done at Sat May  9 02:00:08 +07 2026
{ ok: 1, dropped: 'iot_backup' }
2026-05-10T02:00:01.408+0700	writing iot.sensors to /tmp/mongo_clone/iot/sensors.bson
2026-05-10T02:00:01.408+0700	writing iot.prvdatas to /tmp/mongo_clone/iot/prvdatas.bson
2026-05-10T02:00:01.408+0700	writing iot.alarms to /tmp/mongo_clone/iot/alarms.bson
2026-05-10T02:00:01.408+0700	writing iot.prvcontrols to /tmp/mongo_clone/iot/prvcontrols.bson
2026-05-10T02:00:01.410+0700	done dumping iot.prvcontrols (478 documents)
2026-05-10T02:00:01.410+0700	writing iot.infos to /tmp/mongo_clone/iot/infos.bson
2026-05-10T02:00:01.411+0700	done dumping iot.infos (22 documents)
2026-05-10T02:00:01.411+0700	writing iot.groups to /tmp/mongo_clone/iot/groups.bson
2026-05-10T02:00:01.411+0700	done dumping iot.groups (9 documents)
2026-05-10T02:00:01.411+0700	writing iot.prvs to /tmp/mongo_clone/iot/prvs.bson
2026-05-10T02:00:01.411+0700	done dumping iot.prvs (3 documents)
2026-05-10T02:00:01.411+0700	writing iot.users to /tmp/mongo_clone/iot/users.bson
2026-05-10T02:00:01.412+0700	done dumping iot.users (2 documents)
2026-05-10T02:00:01.412+0700	writing iot.prvtimes to /tmp/mongo_clone/iot/prvtimes.bson
2026-05-10T02:00:01.412+0700	done dumping iot.prvtimes (0 documents)
2026-05-10T02:00:01.448+0700	done dumping iot.alarms (33756 documents)
2026-05-10T02:00:01.533+0700	done dumping iot.prvdatas (124956 documents)
2026-05-10T02:00:02.051+0700	done dumping iot.sensors (739847 documents)
2026-05-10T02:00:02.062+0700	The --db and --collection flags are deprecated for this use-case; please use --nsInclude instead, i.e. with --nsInclude=${DATABASE}.${COLLECTION}
2026-05-10T02:00:02.062+0700	building a list of collections to restore from /tmp/mongo_clone/iot dir
2026-05-10T02:00:02.062+0700	don't know what to do with file "/tmp/mongo_clone/iot/prelude.json", skipping...
2026-05-10T02:00:02.062+0700	reading metadata for iot_backup.users from /tmp/mongo_clone/iot/users.metadata.json
2026-05-10T02:00:02.063+0700	reading metadata for iot_backup.alarms from /tmp/mongo_clone/iot/alarms.metadata.json
2026-05-10T02:00:02.063+0700	reading metadata for iot_backup.infos from /tmp/mongo_clone/iot/infos.metadata.json
2026-05-10T02:00:02.063+0700	reading metadata for iot_backup.prvcontrols from /tmp/mongo_clone/iot/prvcontrols.metadata.json
2026-05-10T02:00:02.063+0700	reading metadata for iot_backup.prvdatas from /tmp/mongo_clone/iot/prvdatas.metadata.json
2026-05-10T02:00:02.063+0700	reading metadata for iot_backup.prvs from /tmp/mongo_clone/iot/prvs.metadata.json
2026-05-10T02:00:02.063+0700	reading metadata for iot_backup.prvtimes from /tmp/mongo_clone/iot/prvtimes.metadata.json
2026-05-10T02:00:02.063+0700	reading metadata for iot_backup.groups from /tmp/mongo_clone/iot/groups.metadata.json
2026-05-10T02:00:02.063+0700	reading metadata for iot_backup.sensors from /tmp/mongo_clone/iot/sensors.metadata.json
2026-05-10T02:00:02.126+0700	restoring iot_backup.sensors from /tmp/mongo_clone/iot/sensors.bson
2026-05-10T02:00:02.140+0700	restoring iot_backup.prvdatas from /tmp/mongo_clone/iot/prvdatas.bson
2026-05-10T02:00:02.155+0700	restoring iot_backup.alarms from /tmp/mongo_clone/iot/alarms.bson
2026-05-10T02:00:02.167+0700	restoring iot_backup.prvcontrols from /tmp/mongo_clone/iot/prvcontrols.bson
2026-05-10T02:00:02.177+0700	finished restoring iot_backup.prvcontrols (478 documents, 0 failures)
2026-05-10T02:00:02.209+0700	restoring iot_backup.infos from /tmp/mongo_clone/iot/infos.bson
2026-05-10T02:00:02.220+0700	finished restoring iot_backup.infos (22 documents, 0 failures)
2026-05-10T02:00:02.290+0700	restoring iot_backup.prvs from /tmp/mongo_clone/iot/prvs.bson
2026-05-10T02:00:02.307+0700	finished restoring iot_backup.prvs (3 documents, 0 failures)
2026-05-10T02:00:02.370+0700	restoring iot_backup.groups from /tmp/mongo_clone/iot/groups.bson
2026-05-10T02:00:02.394+0700	finished restoring iot_backup.groups (9 documents, 0 failures)
2026-05-10T02:00:02.406+0700	finished restoring iot_backup.alarms (33756 documents, 0 failures)
2026-05-10T02:00:02.451+0700	restoring iot_backup.users from /tmp/mongo_clone/iot/users.bson
2026-05-10T02:00:02.463+0700	finished restoring iot_backup.users (2 documents, 0 failures)
2026-05-10T02:00:02.467+0700	restoring iot_backup.prvtimes from /tmp/mongo_clone/iot/prvtimes.bson
2026-05-10T02:00:02.478+0700	finished restoring iot_backup.prvtimes (0 documents, 0 failures)
2026-05-10T02:00:03.223+0700	finished restoring iot_backup.prvdatas (124956 documents, 0 failures)
2026-05-10T02:00:05.062+0700	[#############...........]  iot_backup.sensors  47.1MB/85.1MB  (55.4%)
2026-05-10T02:00:07.329+0700	[########################]  iot_backup.sensors  85.1MB/85.1MB  (100.0%)
2026-05-10T02:00:07.329+0700	finished restoring iot_backup.sensors (739847 documents, 0 failures)
2026-05-10T02:00:07.329+0700	restoring indexes for collection iot_backup.prvcontrols from metadata
2026-05-10T02:00:07.329+0700	index: &idx.IndexDocument{Options:primitive.M{"background":true, "expireAfterSeconds":86400, "name":"createAt_-1", "v":2}, Key:primitive.D{primitive.E{Key:"createAt", Value:-1}}, PartialFilterExpression:primitive.D(nil)}
2026-05-10T02:00:07.329+0700	restoring indexes for collection iot_backup.prvdatas from metadata
2026-05-10T02:00:07.329+0700	index: &idx.IndexDocument{Options:primitive.M{"background":true, "expireAfterSeconds":2592000, "name":"createAt_1", "v":2}, Key:primitive.D{primitive.E{Key:"createAt", Value:1}}, PartialFilterExpression:primitive.D(nil)}
2026-05-10T02:00:07.329+0700	no indexes to restore for collection iot_backup.prvtimes
2026-05-10T02:00:07.329+0700	no indexes to restore for collection iot_backup.groups
2026-05-10T02:00:07.329+0700	no indexes to restore for collection iot_backup.users
2026-05-10T02:00:07.329+0700	no indexes to restore for collection iot_backup.alarms
2026-05-10T02:00:07.329+0700	no indexes to restore for collection iot_backup.infos
2026-05-10T02:00:07.329+0700	no indexes to restore for collection iot_backup.prvs
2026-05-10T02:00:07.329+0700	restoring indexes for collection iot_backup.sensors from metadata
2026-05-10T02:00:07.329+0700	index: &idx.IndexDocument{Options:primitive.M{"background":true, "name":"user_1_createAt_1_index_1", "v":2}, Key:primitive.D{primitive.E{Key:"user", Value:1}, primitive.E{Key:"createAt", Value:1}, primitive.E{Key:"index", Value:1}}, PartialFilterExpression:primitive.D(nil)}
2026-05-10T02:00:08.429+0700	899073 document(s) restored successfully. 0 document(s) failed to restore.
Backup clone done at Sun May 10 02:00:08 +07 2026
{ ok: 1, dropped: 'iot_backup' }
2026-05-11T02:00:02.064+0700	writing iot.sensors to /tmp/mongo_clone/iot/sensors.bson
2026-05-11T02:00:02.064+0700	writing iot.prvdatas to /tmp/mongo_clone/iot/prvdatas.bson
2026-05-11T02:00:02.064+0700	writing iot.alarms to /tmp/mongo_clone/iot/alarms.bson
2026-05-11T02:00:02.064+0700	writing iot.prvcontrols to /tmp/mongo_clone/iot/prvcontrols.bson
2026-05-11T02:00:02.066+0700	done dumping iot.prvcontrols (550 documents)
2026-05-11T02:00:02.066+0700	writing iot.infos to /tmp/mongo_clone/iot/infos.bson
2026-05-11T02:00:02.067+0700	done dumping iot.infos (22 documents)
2026-05-11T02:00:02.067+0700	writing iot.groups to /tmp/mongo_clone/iot/groups.bson
2026-05-11T02:00:02.067+0700	done dumping iot.groups (9 documents)
2026-05-11T02:00:02.067+0700	writing iot.prvs to /tmp/mongo_clone/iot/prvs.bson
2026-05-11T02:00:02.068+0700	done dumping iot.prvs (3 documents)
2026-05-11T02:00:02.068+0700	writing iot.users to /tmp/mongo_clone/iot/users.bson
2026-05-11T02:00:02.068+0700	done dumping iot.users (2 documents)
2026-05-11T02:00:02.068+0700	writing iot.prvtimes to /tmp/mongo_clone/iot/prvtimes.bson
2026-05-11T02:00:02.068+0700	done dumping iot.prvtimes (0 documents)
2026-05-11T02:00:02.101+0700	done dumping iot.alarms (33946 documents)
2026-05-11T02:00:02.193+0700	done dumping iot.prvdatas (129665 documents)
2026-05-11T02:00:02.710+0700	done dumping iot.sensors (767436 documents)
2026-05-11T02:00:02.722+0700	The --db and --collection flags are deprecated for this use-case; please use --nsInclude instead, i.e. with --nsInclude=${DATABASE}.${COLLECTION}
2026-05-11T02:00:02.722+0700	building a list of collections to restore from /tmp/mongo_clone/iot dir
2026-05-11T02:00:02.722+0700	don't know what to do with file "/tmp/mongo_clone/iot/prelude.json", skipping...
2026-05-11T02:00:02.722+0700	reading metadata for iot_backup.infos from /tmp/mongo_clone/iot/infos.metadata.json
2026-05-11T02:00:02.722+0700	reading metadata for iot_backup.prvcontrols from /tmp/mongo_clone/iot/prvcontrols.metadata.json
2026-05-11T02:00:02.722+0700	reading metadata for iot_backup.alarms from /tmp/mongo_clone/iot/alarms.metadata.json
2026-05-11T02:00:02.722+0700	reading metadata for iot_backup.prvdatas from /tmp/mongo_clone/iot/prvdatas.metadata.json
2026-05-11T02:00:02.722+0700	reading metadata for iot_backup.prvs from /tmp/mongo_clone/iot/prvs.metadata.json
2026-05-11T02:00:02.722+0700	reading metadata for iot_backup.prvtimes from /tmp/mongo_clone/iot/prvtimes.metadata.json
2026-05-11T02:00:02.722+0700	reading metadata for iot_backup.sensors from /tmp/mongo_clone/iot/sensors.metadata.json
2026-05-11T02:00:02.722+0700	reading metadata for iot_backup.users from /tmp/mongo_clone/iot/users.metadata.json
2026-05-11T02:00:02.722+0700	reading metadata for iot_backup.groups from /tmp/mongo_clone/iot/groups.metadata.json
2026-05-11T02:00:02.790+0700	restoring iot_backup.sensors from /tmp/mongo_clone/iot/sensors.bson
2026-05-11T02:00:02.798+0700	restoring iot_backup.prvdatas from /tmp/mongo_clone/iot/prvdatas.bson
2026-05-11T02:00:02.818+0700	restoring iot_backup.prvcontrols from /tmp/mongo_clone/iot/prvcontrols.bson
2026-05-11T02:00:02.828+0700	finished restoring iot_backup.prvcontrols (550 documents, 0 failures)
2026-05-11T02:00:02.845+0700	restoring iot_backup.alarms from /tmp/mongo_clone/iot/alarms.bson
2026-05-11T02:00:02.883+0700	restoring iot_backup.infos from /tmp/mongo_clone/iot/infos.bson
2026-05-11T02:00:02.899+0700	finished restoring iot_backup.infos (22 documents, 0 failures)
2026-05-11T02:00:02.943+0700	restoring iot_backup.prvs from /tmp/mongo_clone/iot/prvs.bson
2026-05-11T02:00:02.954+0700	finished restoring iot_backup.prvs (3 documents, 0 failures)
2026-05-11T02:00:02.988+0700	restoring iot_backup.groups from /tmp/mongo_clone/iot/groups.bson
2026-05-11T02:00:03.002+0700	finished restoring iot_backup.groups (9 documents, 0 failures)
2026-05-11T02:00:03.040+0700	restoring iot_backup.users from /tmp/mongo_clone/iot/users.bson
2026-05-11T02:00:03.051+0700	finished restoring iot_backup.users (2 documents, 0 failures)
2026-05-11T02:00:03.090+0700	restoring iot_backup.prvtimes from /tmp/mongo_clone/iot/prvtimes.bson
2026-05-11T02:00:03.099+0700	finished restoring iot_backup.alarms (33946 documents, 0 failures)
2026-05-11T02:00:03.101+0700	finished restoring iot_backup.prvtimes (0 documents, 0 failures)
2026-05-11T02:00:03.914+0700	finished restoring iot_backup.prvdatas (129665 documents, 0 failures)
2026-05-11T02:00:05.722+0700	[############............]  iot_backup.sensors  47.4MB/88.2MB  (53.7%)
2026-05-11T02:00:08.180+0700	[########################]  iot_backup.sensors  88.2MB/88.2MB  (100.0%)
2026-05-11T02:00:08.180+0700	finished restoring iot_backup.sensors (767436 documents, 0 failures)
2026-05-11T02:00:08.180+0700	no indexes to restore for collection iot_backup.alarms
2026-05-11T02:00:08.180+0700	restoring indexes for collection iot_backup.prvdatas from metadata
2026-05-11T02:00:08.180+0700	index: &idx.IndexDocument{Options:primitive.M{"background":true, "expireAfterSeconds":2592000, "name":"createAt_1", "v":2}, Key:primitive.D{primitive.E{Key:"createAt", Value:1}}, PartialFilterExpression:primitive.D(nil)}
2026-05-11T02:00:08.180+0700	no indexes to restore for collection iot_backup.prvs
2026-05-11T02:00:08.180+0700	no indexes to restore for collection iot_backup.users
2026-05-11T02:00:08.180+0700	no indexes to restore for collection iot_backup.infos
2026-05-11T02:00:08.180+0700	restoring indexes for collection iot_backup.prvcontrols from metadata
2026-05-11T02:00:08.180+0700	index: &idx.IndexDocument{Options:primitive.M{"background":true, "expireAfterSeconds":86400, "name":"createAt_-1", "v":2}, Key:primitive.D{primitive.E{Key:"createAt", Value:-1}}, PartialFilterExpression:primitive.D(nil)}
2026-05-11T02:00:08.180+0700	no indexes to restore for collection iot_backup.groups
2026-05-11T02:00:08.180+0700	no indexes to restore for collection iot_backup.prvtimes
2026-05-11T02:00:08.180+0700	restoring indexes for collection iot_backup.sensors from metadata
2026-05-11T02:00:08.180+0700	index: &idx.IndexDocument{Options:primitive.M{"background":true, "name":"user_1_createAt_1_index_1", "v":2}, Key:primitive.D{primitive.E{Key:"user", Value:1}, primitive.E{Key:"createAt", Value:1}, primitive.E{Key:"index", Value:1}}, PartialFilterExpression:primitive.D(nil)}
2026-05-11T02:00:09.350+0700	931633 document(s) restored successfully. 0 document(s) failed to restore.
Backup clone done at Mon May 11 02:00:09 +07 2026
{ ok: 1, dropped: 'iot_backup' }
2026-05-12T02:00:01.977+0700	writing iot.sensors to /tmp/mongo_clone/iot/sensors.bson
2026-05-12T02:00:01.978+0700	writing iot.prvdatas to /tmp/mongo_clone/iot/prvdatas.bson
2026-05-12T02:00:01.978+0700	writing iot.alarms to /tmp/mongo_clone/iot/alarms.bson
2026-05-12T02:00:01.978+0700	writing iot.prvcontrols to /tmp/mongo_clone/iot/prvcontrols.bson
2026-05-12T02:00:01.983+0700	done dumping iot.prvcontrols (531 documents)
2026-05-12T02:00:01.983+0700	writing iot.infos to /tmp/mongo_clone/iot/infos.bson
2026-05-12T02:00:01.987+0700	done dumping iot.infos (22 documents)
2026-05-12T02:00:01.987+0700	writing iot.groups to /tmp/mongo_clone/iot/groups.bson
2026-05-12T02:00:01.988+0700	done dumping iot.groups (9 documents)
2026-05-12T02:00:01.988+0700	writing iot.prvs to /tmp/mongo_clone/iot/prvs.bson
2026-05-12T02:00:01.988+0700	done dumping iot.prvs (3 documents)
2026-05-12T02:00:01.988+0700	writing iot.users to /tmp/mongo_clone/iot/users.bson
2026-05-12T02:00:01.988+0700	done dumping iot.users (2 documents)
2026-05-12T02:00:01.988+0700	writing iot.prvtimes to /tmp/mongo_clone/iot/prvtimes.bson
2026-05-12T02:00:01.989+0700	done dumping iot.prvtimes (0 documents)
2026-05-12T02:00:02.015+0700	done dumping iot.alarms (34100 documents)
2026-05-12T02:00:02.105+0700	done dumping iot.prvdatas (134391 documents)
2026-05-12T02:00:02.630+0700	done dumping iot.sensors (794746 documents)
2026-05-12T02:00:02.641+0700	The --db and --collection flags are deprecated for this use-case; please use --nsInclude instead, i.e. with --nsInclude=${DATABASE}.${COLLECTION}
2026-05-12T02:00:02.641+0700	building a list of collections to restore from /tmp/mongo_clone/iot dir
2026-05-12T02:00:02.641+0700	don't know what to do with file "/tmp/mongo_clone/iot/prelude.json", skipping...
2026-05-12T02:00:02.641+0700	reading metadata for iot_backup.alarms from /tmp/mongo_clone/iot/alarms.metadata.json
2026-05-12T02:00:02.641+0700	reading metadata for iot_backup.prvdatas from /tmp/mongo_clone/iot/prvdatas.metadata.json
2026-05-12T02:00:02.641+0700	reading metadata for iot_backup.prvtimes from /tmp/mongo_clone/iot/prvtimes.metadata.json
2026-05-12T02:00:02.642+0700	reading metadata for iot_backup.users from /tmp/mongo_clone/iot/users.metadata.json
2026-05-12T02:00:02.642+0700	reading metadata for iot_backup.groups from /tmp/mongo_clone/iot/groups.metadata.json
2026-05-12T02:00:02.642+0700	reading metadata for iot_backup.infos from /tmp/mongo_clone/iot/infos.metadata.json
2026-05-12T02:00:02.642+0700	reading metadata for iot_backup.prvcontrols from /tmp/mongo_clone/iot/prvcontrols.metadata.json
2026-05-12T02:00:02.642+0700	reading metadata for iot_backup.prvs from /tmp/mongo_clone/iot/prvs.metadata.json
2026-05-12T02:00:02.642+0700	reading metadata for iot_backup.sensors from /tmp/mongo_clone/iot/sensors.metadata.json
2026-05-12T02:00:02.730+0700	restoring iot_backup.sensors from /tmp/mongo_clone/iot/sensors.bson
2026-05-12T02:00:02.740+0700	restoring iot_backup.prvdatas from /tmp/mongo_clone/iot/prvdatas.bson
2026-05-12T02:00:02.750+0700	restoring iot_backup.alarms from /tmp/mongo_clone/iot/alarms.bson
2026-05-12T02:00:02.760+0700	restoring iot_backup.prvcontrols from /tmp/mongo_clone/iot/prvcontrols.bson
2026-05-12T02:00:02.771+0700	finished restoring iot_backup.prvcontrols (531 documents, 0 failures)
2026-05-12T02:00:02.805+0700	restoring iot_backup.infos from /tmp/mongo_clone/iot/infos.bson
2026-05-12T02:00:02.816+0700	finished restoring iot_backup.infos (22 documents, 0 failures)
2026-05-12T02:00:02.863+0700	restoring iot_backup.prvs from /tmp/mongo_clone/iot/prvs.bson
2026-05-12T02:00:02.882+0700	finished restoring iot_backup.prvs (3 documents, 0 failures)
2026-05-12T02:00:02.930+0700	restoring iot_backup.groups from /tmp/mongo_clone/iot/groups.bson
2026-05-12T02:00:02.941+0700	finished restoring iot_backup.groups (9 documents, 0 failures)
2026-05-12T02:00:02.987+0700	restoring iot_backup.users from /tmp/mongo_clone/iot/users.bson
2026-05-12T02:00:03.000+0700	finished restoring iot_backup.alarms (34100 documents, 0 failures)
2026-05-12T02:00:03.003+0700	finished restoring iot_backup.users (2 documents, 0 failures)
2026-05-12T02:00:03.051+0700	restoring iot_backup.prvtimes from /tmp/mongo_clone/iot/prvtimes.bson
2026-05-12T02:00:03.063+0700	finished restoring iot_backup.prvtimes (0 documents, 0 failures)
2026-05-12T02:00:03.870+0700	finished restoring iot_backup.prvdatas (134391 documents, 0 failures)
2026-05-12T02:00:05.642+0700	[############............]  iot_backup.sensors  46.2MB/91.4MB  (50.6%)
2026-05-12T02:00:08.268+0700	[########################]  iot_backup.sensors  91.4MB/91.4MB  (100.0%)
2026-05-12T02:00:08.268+0700	finished restoring iot_backup.sensors (794746 documents, 0 failures)
2026-05-12T02:00:08.268+0700	no indexes to restore for collection iot_backup.alarms
2026-05-12T02:00:08.268+0700	no indexes to restore for collection iot_backup.prvtimes
2026-05-12T02:00:08.268+0700	no indexes to restore for collection iot_backup.groups
2026-05-12T02:00:08.268+0700	no indexes to restore for collection iot_backup.infos
2026-05-12T02:00:08.268+0700	no indexes to restore for collection iot_backup.prvs
2026-05-12T02:00:08.268+0700	restoring indexes for collection iot_backup.prvdatas from metadata
2026-05-12T02:00:08.268+0700	index: &idx.IndexDocument{Options:primitive.M{"background":true, "expireAfterSeconds":2592000, "name":"createAt_1", "v":2}, Key:primitive.D{primitive.E{Key:"createAt", Value:1}}, PartialFilterExpression:primitive.D(nil)}
2026-05-12T02:00:08.268+0700	no indexes to restore for collection iot_backup.users
2026-05-12T02:00:08.268+0700	restoring indexes for collection iot_backup.prvcontrols from metadata
2026-05-12T02:00:08.268+0700	index: &idx.IndexDocument{Options:primitive.M{"background":true, "expireAfterSeconds":86400, "name":"createAt_-1", "v":2}, Key:primitive.D{primitive.E{Key:"createAt", Value:-1}}, PartialFilterExpression:primitive.D(nil)}
2026-05-12T02:00:08.268+0700	restoring indexes for collection iot_backup.sensors from metadata
2026-05-12T02:00:08.268+0700	index: &idx.IndexDocument{Options:primitive.M{"background":true, "name":"user_1_createAt_1_index_1", "v":2}, Key:primitive.D{primitive.E{Key:"user", Value:1}, primitive.E{Key:"createAt", Value:1}, primitive.E{Key:"index", Value:1}}, PartialFilterExpression:primitive.D(nil)}
2026-05-12T02:00:09.438+0700	963804 document(s) restored successfully. 0 document(s) failed to restore.
Backup clone done at Tue May 12 02:00:09 +07 2026
{ ok: 1, dropped: 'iot_backup' }
2026-05-13T02:00:02.774+0700	writing iot.sensors to /tmp/mongo_clone/iot/sensors.bson
2026-05-13T02:00:02.774+0700	writing iot.prvdatas to /tmp/mongo_clone/iot/prvdatas.bson
2026-05-13T02:00:02.774+0700	writing iot.alarms to /tmp/mongo_clone/iot/alarms.bson
2026-05-13T02:00:02.774+0700	writing iot.prvcontrols to /tmp/mongo_clone/iot/prvcontrols.bson
2026-05-13T02:00:02.783+0700	done dumping iot.prvcontrols (564 documents)
2026-05-13T02:00:02.783+0700	writing iot.infos to /tmp/mongo_clone/iot/infos.bson
2026-05-13T02:00:02.784+0700	done dumping iot.infos (22 documents)
2026-05-13T02:00:02.784+0700	writing iot.groups to /tmp/mongo_clone/iot/groups.bson
2026-05-13T02:00:02.785+0700	done dumping iot.groups (9 documents)
2026-05-13T02:00:02.785+0700	writing iot.prvs to /tmp/mongo_clone/iot/prvs.bson
2026-05-13T02:00:02.786+0700	done dumping iot.prvs (3 documents)
2026-05-13T02:00:02.786+0700	writing iot.users to /tmp/mongo_clone/iot/users.bson
2026-05-13T02:00:02.786+0700	done dumping iot.users (2 documents)
2026-05-13T02:00:02.786+0700	writing iot.prvtimes to /tmp/mongo_clone/iot/prvtimes.bson
2026-05-13T02:00:02.786+0700	done dumping iot.prvtimes (0 documents)
2026-05-13T02:00:02.812+0700	done dumping iot.alarms (34335 documents)
2026-05-13T02:00:02.911+0700	done dumping iot.prvdatas (136705 documents)
2026-05-13T02:00:03.506+0700	done dumping iot.sensors (822049 documents)
2026-05-13T02:00:03.517+0700	The --db and --collection flags are deprecated for this use-case; please use --nsInclude instead, i.e. with --nsInclude=${DATABASE}.${COLLECTION}
2026-05-13T02:00:03.517+0700	building a list of collections to restore from /tmp/mongo_clone/iot dir
2026-05-13T02:00:03.517+0700	don't know what to do with file "/tmp/mongo_clone/iot/prelude.json", skipping...
2026-05-13T02:00:03.517+0700	reading metadata for iot_backup.prvdatas from /tmp/mongo_clone/iot/prvdatas.metadata.json
2026-05-13T02:00:03.517+0700	reading metadata for iot_backup.prvs from /tmp/mongo_clone/iot/prvs.metadata.json
2026-05-13T02:00:03.517+0700	reading metadata for iot_backup.sensors from /tmp/mongo_clone/iot/sensors.metadata.json
2026-05-13T02:00:03.518+0700	reading metadata for iot_backup.prvcontrols from /tmp/mongo_clone/iot/prvcontrols.metadata.json
2026-05-13T02:00:03.518+0700	reading metadata for iot_backup.groups from /tmp/mongo_clone/iot/groups.metadata.json
2026-05-13T02:00:03.518+0700	reading metadata for iot_backup.infos from /tmp/mongo_clone/iot/infos.metadata.json
2026-05-13T02:00:03.518+0700	reading metadata for iot_backup.prvtimes from /tmp/mongo_clone/iot/prvtimes.metadata.json
2026-05-13T02:00:03.518+0700	reading metadata for iot_backup.users from /tmp/mongo_clone/iot/users.metadata.json
2026-05-13T02:00:03.518+0700	reading metadata for iot_backup.alarms from /tmp/mongo_clone/iot/alarms.metadata.json
2026-05-13T02:00:03.574+0700	restoring iot_backup.sensors from /tmp/mongo_clone/iot/sensors.bson
2026-05-13T02:00:03.580+0700	restoring iot_backup.prvdatas from /tmp/mongo_clone/iot/prvdatas.bson
2026-05-13T02:00:03.589+0700	restoring iot_backup.alarms from /tmp/mongo_clone/iot/alarms.bson
2026-05-13T02:00:03.623+0700	restoring iot_backup.prvcontrols from /tmp/mongo_clone/iot/prvcontrols.bson
2026-05-13T02:00:03.633+0700	finished restoring iot_backup.prvcontrols (564 documents, 0 failures)
2026-05-13T02:00:03.665+0700	restoring iot_backup.infos from /tmp/mongo_clone/iot/infos.bson
2026-05-13T02:00:03.684+0700	finished restoring iot_backup.infos (22 documents, 0 failures)
2026-05-13T02:00:03.726+0700	restoring iot_backup.prvs from /tmp/mongo_clone/iot/prvs.bson
2026-05-13T02:00:03.738+0700	finished restoring iot_backup.prvs (3 documents, 0 failures)
2026-05-13T02:00:03.772+0700	restoring iot_backup.groups from /tmp/mongo_clone/iot/groups.bson
2026-05-13T02:00:03.783+0700	finished restoring iot_backup.groups (9 documents, 0 failures)
2026-05-13T02:00:03.813+0700	restoring iot_backup.users from /tmp/mongo_clone/iot/users.bson
2026-05-13T02:00:03.830+0700	finished restoring iot_backup.users (2 documents, 0 failures)
2026-05-13T02:00:03.843+0700	finished restoring iot_backup.alarms (34335 documents, 0 failures)
2026-05-13T02:00:03.857+0700	restoring iot_backup.prvtimes from /tmp/mongo_clone/iot/prvtimes.bson
2026-05-13T02:00:03.868+0700	finished restoring iot_backup.prvtimes (0 documents, 0 failures)
2026-05-13T02:00:04.746+0700	finished restoring iot_backup.prvdatas (136705 documents, 0 failures)
2026-05-13T02:00:06.517+0700	[############............]  iot_backup.sensors  47.8MB/94.5MB  (50.6%)
2026-05-13T02:00:09.244+0700	[########################]  iot_backup.sensors  94.5MB/94.5MB  (100.0%)
2026-05-13T02:00:09.244+0700	finished restoring iot_backup.sensors (822049 documents, 0 failures)
2026-05-13T02:00:09.244+0700	restoring indexes for collection iot_backup.prvdatas from metadata
2026-05-13T02:00:09.244+0700	index: &idx.IndexDocument{Options:primitive.M{"background":true, "expireAfterSeconds":2592000, "name":"createAt_1", "v":2}, Key:primitive.D{primitive.E{Key:"createAt", Value:1}}, PartialFilterExpression:primitive.D(nil)}
2026-05-13T02:00:09.244+0700	restoring indexes for collection iot_backup.prvcontrols from metadata
2026-05-13T02:00:09.244+0700	index: &idx.IndexDocument{Options:primitive.M{"background":true, "expireAfterSeconds":86400, "name":"createAt_-1", "v":2}, Key:primitive.D{primitive.E{Key:"createAt", Value:-1}}, PartialFilterExpression:primitive.D(nil)}
2026-05-13T02:00:09.244+0700	no indexes to restore for collection iot_backup.infos
2026-05-13T02:00:09.244+0700	no indexes to restore for collection iot_backup.prvtimes
2026-05-13T02:00:09.244+0700	no indexes to restore for collection iot_backup.users
2026-05-13T02:00:09.244+0700	no indexes to restore for collection iot_backup.prvs
2026-05-13T02:00:09.244+0700	restoring indexes for collection iot_backup.sensors from metadata
2026-05-13T02:00:09.244+0700	index: &idx.IndexDocument{Options:primitive.M{"background":true, "name":"user_1_createAt_1_index_1", "v":2}, Key:primitive.D{primitive.E{Key:"user", Value:1}, primitive.E{Key:"createAt", Value:1}, primitive.E{Key:"index", Value:1}}, PartialFilterExpression:primitive.D(nil)}
2026-05-13T02:00:09.244+0700	no indexes to restore for collection iot_backup.groups
2026-05-13T02:00:09.244+0700	no indexes to restore for collection iot_backup.alarms
2026-05-13T02:00:10.448+0700	993689 document(s) restored successfully. 0 document(s) failed to restore.
Backup clone done at Wed May 13 02:00:10 +07 2026
{ ok: 1, dropped: 'iot_backup' }
2026-05-14T02:00:02.074+0700	writing iot.sensors to /tmp/mongo_clone/iot/sensors.bson
2026-05-14T02:00:02.074+0700	writing iot.prvdatas to /tmp/mongo_clone/iot/prvdatas.bson
2026-05-14T02:00:02.074+0700	writing iot.alarms to /tmp/mongo_clone/iot/alarms.bson
2026-05-14T02:00:02.074+0700	writing iot.prvcontrols to /tmp/mongo_clone/iot/prvcontrols.bson
2026-05-14T02:00:02.079+0700	done dumping iot.prvcontrols (535 documents)
2026-05-14T02:00:02.079+0700	writing iot.infos to /tmp/mongo_clone/iot/infos.bson
2026-05-14T02:00:02.080+0700	done dumping iot.infos (22 documents)
2026-05-14T02:00:02.080+0700	writing iot.groups to /tmp/mongo_clone/iot/groups.bson
2026-05-14T02:00:02.080+0700	done dumping iot.groups (9 documents)
2026-05-14T02:00:02.080+0700	writing iot.prvs to /tmp/mongo_clone/iot/prvs.bson
2026-05-14T02:00:02.080+0700	done dumping iot.prvs (3 documents)
2026-05-14T02:00:02.080+0700	writing iot.users to /tmp/mongo_clone/iot/users.bson
2026-05-14T02:00:02.081+0700	done dumping iot.users (2 documents)
2026-05-14T02:00:02.081+0700	writing iot.prvtimes to /tmp/mongo_clone/iot/prvtimes.bson
2026-05-14T02:00:02.081+0700	done dumping iot.prvtimes (0 documents)
2026-05-14T02:00:02.106+0700	done dumping iot.alarms (34644 documents)
2026-05-14T02:00:02.212+0700	done dumping iot.prvdatas (136802 documents)
2026-05-14T02:00:02.841+0700	done dumping iot.sensors (849646 documents)
2026-05-14T02:00:02.859+0700	The --db and --collection flags are deprecated for this use-case; please use --nsInclude instead, i.e. with --nsInclude=${DATABASE}.${COLLECTION}
2026-05-14T02:00:02.859+0700	building a list of collections to restore from /tmp/mongo_clone/iot dir
2026-05-14T02:00:02.860+0700	don't know what to do with file "/tmp/mongo_clone/iot/prelude.json", skipping...
2026-05-14T02:00:02.860+0700	reading metadata for iot_backup.infos from /tmp/mongo_clone/iot/infos.metadata.json
2026-05-14T02:00:02.860+0700	reading metadata for iot_backup.prvs from /tmp/mongo_clone/iot/prvs.metadata.json
2026-05-14T02:00:02.860+0700	reading metadata for iot_backup.prvtimes from /tmp/mongo_clone/iot/prvtimes.metadata.json
2026-05-14T02:00:02.860+0700	reading metadata for iot_backup.users from /tmp/mongo_clone/iot/users.metadata.json
2026-05-14T02:00:02.860+0700	reading metadata for iot_backup.alarms from /tmp/mongo_clone/iot/alarms.metadata.json
2026-05-14T02:00:02.860+0700	reading metadata for iot_backup.groups from /tmp/mongo_clone/iot/groups.metadata.json
2026-05-14T02:00:02.860+0700	reading metadata for iot_backup.sensors from /tmp/mongo_clone/iot/sensors.metadata.json
2026-05-14T02:00:02.860+0700	reading metadata for iot_backup.prvcontrols from /tmp/mongo_clone/iot/prvcontrols.metadata.json
2026-05-14T02:00:02.860+0700	reading metadata for iot_backup.prvdatas from /tmp/mongo_clone/iot/prvdatas.metadata.json
2026-05-14T02:00:02.926+0700	restoring iot_backup.sensors from /tmp/mongo_clone/iot/sensors.bson
2026-05-14T02:00:02.936+0700	restoring iot_backup.prvdatas from /tmp/mongo_clone/iot/prvdatas.bson
2026-05-14T02:00:02.966+0700	restoring iot_backup.alarms from /tmp/mongo_clone/iot/alarms.bson
2026-05-14T02:00:02.997+0700	restoring iot_backup.prvcontrols from /tmp/mongo_clone/iot/prvcontrols.bson
2026-05-14T02:00:03.011+0700	finished restoring iot_backup.prvcontrols (535 documents, 0 failures)
2026-05-14T02:00:03.105+0700	restoring iot_backup.infos from /tmp/mongo_clone/iot/infos.bson
2026-05-14T02:00:03.122+0700	finished restoring iot_backup.infos (22 documents, 0 failures)
2026-05-14T02:00:03.147+0700	restoring iot_backup.prvs from /tmp/mongo_clone/iot/prvs.bson
2026-05-14T02:00:03.160+0700	finished restoring iot_backup.prvs (3 documents, 0 failures)
2026-05-14T02:00:03.183+0700	restoring iot_backup.groups from /tmp/mongo_clone/iot/groups.bson
2026-05-14T02:00:03.196+0700	finished restoring iot_backup.groups (9 documents, 0 failures)
2026-05-14T02:00:03.226+0700	finished restoring iot_backup.alarms (34644 documents, 0 failures)
2026-05-14T02:00:03.251+0700	restoring iot_backup.users from /tmp/mongo_clone/iot/users.bson
2026-05-14T02:00:03.264+0700	finished restoring iot_backup.users (2 documents, 0 failures)
2026-05-14T02:00:03.287+0700	restoring iot_backup.prvtimes from /tmp/mongo_clone/iot/prvtimes.bson
2026-05-14T02:00:03.304+0700	finished restoring iot_backup.prvtimes (0 documents, 0 failures)
2026-05-14T02:00:04.108+0700	finished restoring iot_backup.prvdatas (136802 documents, 0 failures)
2026-05-14T02:00:05.859+0700	[###########.............]  iot_backup.sensors  47.0MB/97.7MB  (48.1%)
2026-05-14T02:00:08.859+0700	[#######################.]  iot_backup.sensors  96.6MB/97.7MB  (98.9%)
2026-05-14T02:00:08.929+0700	[########################]  iot_backup.sensors  97.7MB/97.7MB  (100.0%)
2026-05-14T02:00:08.929+0700	finished restoring iot_backup.sensors (849646 documents, 0 failures)
2026-05-14T02:00:08.929+0700	no indexes to restore for collection iot_backup.prvtimes
2026-05-14T02:00:08.929+0700	no indexes to restore for collection iot_backup.alarms
2026-05-14T02:00:08.929+0700	no indexes to restore for collection iot_backup.groups
2026-05-14T02:00:08.929+0700	restoring indexes for collection iot_backup.prvcontrols from metadata
2026-05-14T02:00:08.929+0700	index: &idx.IndexDocument{Options:primitive.M{"background":true, "expireAfterSeconds":86400, "name":"createAt_-1", "v":2}, Key:primitive.D{primitive.E{Key:"createAt", Value:-1}}, PartialFilterExpression:primitive.D(nil)}
2026-05-14T02:00:08.929+0700	restoring indexes for collection iot_backup.prvdatas from metadata
2026-05-14T02:00:08.929+0700	index: &idx.IndexDocument{Options:primitive.M{"background":true, "expireAfterSeconds":2592000, "name":"createAt_1", "v":2}, Key:primitive.D{primitive.E{Key:"createAt", Value:1}}, PartialFilterExpression:primitive.D(nil)}
2026-05-14T02:00:08.929+0700	no indexes to restore for collection iot_backup.infos
2026-05-14T02:00:08.929+0700	no indexes to restore for collection iot_backup.prvs
2026-05-14T02:00:08.929+0700	no indexes to restore for collection iot_backup.users
2026-05-14T02:00:08.929+0700	restoring indexes for collection iot_backup.sensors from metadata
2026-05-14T02:00:08.929+0700	index: &idx.IndexDocument{Options:primitive.M{"background":true, "name":"user_1_createAt_1_index_1", "v":2}, Key:primitive.D{primitive.E{Key:"user", Value:1}, primitive.E{Key:"createAt", Value:1}, primitive.E{Key:"index", Value:1}}, PartialFilterExpression:primitive.D(nil)}
2026-05-14T02:00:10.291+0700	1021663 document(s) restored successfully. 0 document(s) failed to restore.
Backup clone done at Thu May 14 02:00:10 +07 2026
{ ok: 1, dropped: 'iot_backup' }
2026-05-15T02:00:01.927+0700	writing iot.sensors to /tmp/mongo_clone/iot/sensors.bson
2026-05-15T02:00:01.927+0700	writing iot.prvdatas to /tmp/mongo_clone/iot/prvdatas.bson
2026-05-15T02:00:01.927+0700	writing iot.alarms to /tmp/mongo_clone/iot/alarms.bson
2026-05-15T02:00:01.927+0700	writing iot.prvcontrols to /tmp/mongo_clone/iot/prvcontrols.bson
2026-05-15T02:00:01.929+0700	done dumping iot.prvcontrols (571 documents)
2026-05-15T02:00:01.929+0700	writing iot.infos to /tmp/mongo_clone/iot/infos.bson
2026-05-15T02:00:01.929+0700	done dumping iot.infos (22 documents)
2026-05-15T02:00:01.929+0700	writing iot.groups to /tmp/mongo_clone/iot/groups.bson
2026-05-15T02:00:01.929+0700	done dumping iot.groups (9 documents)
2026-05-15T02:00:01.929+0700	writing iot.prvs to /tmp/mongo_clone/iot/prvs.bson
2026-05-15T02:00:01.930+0700	done dumping iot.prvs (3 documents)
2026-05-15T02:00:01.930+0700	writing iot.users to /tmp/mongo_clone/iot/users.bson
2026-05-15T02:00:01.930+0700	done dumping iot.users (2 documents)
2026-05-15T02:00:01.930+0700	writing iot.prvtimes to /tmp/mongo_clone/iot/prvtimes.bson
2026-05-15T02:00:01.930+0700	done dumping iot.prvtimes (0 documents)
2026-05-15T02:00:01.961+0700	done dumping iot.alarms (35279 documents)
2026-05-15T02:00:02.063+0700	done dumping iot.prvdatas (137015 documents)
2026-05-15T02:00:02.664+0700	done dumping iot.sensors (877210 documents)
2026-05-15T02:00:02.674+0700	The --db and --collection flags are deprecated for this use-case; please use --nsInclude instead, i.e. with --nsInclude=${DATABASE}.${COLLECTION}
2026-05-15T02:00:02.675+0700	building a list of collections to restore from /tmp/mongo_clone/iot dir
2026-05-15T02:00:02.675+0700	don't know what to do with file "/tmp/mongo_clone/iot/prelude.json", skipping...
2026-05-15T02:00:02.675+0700	reading metadata for iot_backup.infos from /tmp/mongo_clone/iot/infos.metadata.json
2026-05-15T02:00:02.675+0700	reading metadata for iot_backup.prvcontrols from /tmp/mongo_clone/iot/prvcontrols.metadata.json
2026-05-15T02:00:02.675+0700	reading metadata for iot_backup.sensors from /tmp/mongo_clone/iot/sensors.metadata.json
2026-05-15T02:00:02.675+0700	reading metadata for iot_backup.groups from /tmp/mongo_clone/iot/groups.metadata.json
2026-05-15T02:00:02.675+0700	reading metadata for iot_backup.prvdatas from /tmp/mongo_clone/iot/prvdatas.metadata.json
2026-05-15T02:00:02.675+0700	reading metadata for iot_backup.prvs from /tmp/mongo_clone/iot/prvs.metadata.json
2026-05-15T02:00:02.675+0700	reading metadata for iot_backup.prvtimes from /tmp/mongo_clone/iot/prvtimes.metadata.json
2026-05-15T02:00:02.675+0700	reading metadata for iot_backup.users from /tmp/mongo_clone/iot/users.metadata.json
2026-05-15T02:00:02.675+0700	reading metadata for iot_backup.alarms from /tmp/mongo_clone/iot/alarms.metadata.json
2026-05-15T02:00:02.732+0700	restoring iot_backup.sensors from /tmp/mongo_clone/iot/sensors.bson
2026-05-15T02:00:02.741+0700	restoring iot_backup.prvdatas from /tmp/mongo_clone/iot/prvdatas.bson
2026-05-15T02:00:02.758+0700	restoring iot_backup.alarms from /tmp/mongo_clone/iot/alarms.bson
2026-05-15T02:00:02.789+0700	restoring iot_backup.prvcontrols from /tmp/mongo_clone/iot/prvcontrols.bson
2026-05-15T02:00:02.799+0700	finished restoring iot_backup.prvcontrols (571 documents, 0 failures)
2026-05-15T02:00:02.831+0700	restoring iot_backup.infos from /tmp/mongo_clone/iot/infos.bson
2026-05-15T02:00:02.849+0700	finished restoring iot_backup.infos (22 documents, 0 failures)
2026-05-15T02:00:02.879+0700	restoring iot_backup.prvs from /tmp/mongo_clone/iot/prvs.bson
2026-05-15T02:00:02.891+0700	finished restoring iot_backup.prvs (3 documents, 0 failures)
2026-05-15T02:00:02.913+0700	restoring iot_backup.groups from /tmp/mongo_clone/iot/groups.bson
2026-05-15T02:00:02.923+0700	finished restoring iot_backup.groups (9 documents, 0 failures)
2026-05-15T02:00:02.946+0700	restoring iot_backup.users from /tmp/mongo_clone/iot/users.bson
2026-05-15T02:00:02.956+0700	finished restoring iot_backup.users (2 documents, 0 failures)
2026-05-15T02:00:02.995+0700	restoring iot_backup.prvtimes from /tmp/mongo_clone/iot/prvtimes.bson
2026-05-15T02:00:03.005+0700	finished restoring iot_backup.prvtimes (0 documents, 0 failures)
2026-05-15T02:00:03.020+0700	finished restoring iot_backup.alarms (35279 documents, 0 failures)
2026-05-15T02:00:03.906+0700	finished restoring iot_backup.prvdatas (137015 documents, 0 failures)
2026-05-15T02:00:05.675+0700	[###########.............]  iot_backup.sensors  46.5MB/101MB  (46.2%)
2026-05-15T02:00:08.674+0700	[######################..]  iot_backup.sensors  96.1MB/101MB  (95.3%)
2026-05-15T02:00:08.967+0700	[########################]  iot_backup.sensors  101MB/101MB  (100.0%)
2026-05-15T02:00:08.967+0700	finished restoring iot_backup.sensors (877210 documents, 0 failures)
2026-05-15T02:00:08.967+0700	restoring indexes for collection iot_backup.prvdatas from metadata
2026-05-15T02:00:08.967+0700	index: &idx.IndexDocument{Options:primitive.M{"background":true, "expireAfterSeconds":2592000, "name":"createAt_1", "v":2}, Key:primitive.D{primitive.E{Key:"createAt", Value:1}}, PartialFilterExpression:primitive.D(nil)}
2026-05-15T02:00:08.967+0700	no indexes to restore for collection iot_backup.prvtimes
2026-05-15T02:00:08.967+0700	no indexes to restore for collection iot_backup.alarms
2026-05-15T02:00:08.967+0700	restoring indexes for collection iot_backup.prvcontrols from metadata
2026-05-15T02:00:08.968+0700	index: &idx.IndexDocument{Options:primitive.M{"background":true, "expireAfterSeconds":86400, "name":"createAt_-1", "v":2}, Key:primitive.D{primitive.E{Key:"createAt", Value:-1}}, PartialFilterExpression:primitive.D(nil)}
2026-05-15T02:00:08.968+0700	no indexes to restore for collection iot_backup.groups
2026-05-15T02:00:08.968+0700	no indexes to restore for collection iot_backup.prvs
2026-05-15T02:00:08.968+0700	no indexes to restore for collection iot_backup.users
2026-05-15T02:00:08.968+0700	no indexes to restore for collection iot_backup.infos
2026-05-15T02:00:08.968+0700	restoring indexes for collection iot_backup.sensors from metadata
2026-05-15T02:00:08.968+0700	index: &idx.IndexDocument{Options:primitive.M{"background":true, "name":"user_1_createAt_1_index_1", "v":2}, Key:primitive.D{primitive.E{Key:"user", Value:1}, primitive.E{Key:"createAt", Value:1}, primitive.E{Key:"index", Value:1}}, PartialFilterExpression:primitive.D(nil)}
2026-05-15T02:00:10.310+0700	1050111 document(s) restored successfully. 0 document(s) failed to restore.
Backup clone done at Fri May 15 02:00:10 +07 2026
{ ok: 1, dropped: 'iot_backup' }
2026-05-16T02:00:01.933+0700	writing iot.sensors to /tmp/mongo_clone/iot/sensors.bson
2026-05-16T02:00:01.933+0700	writing iot.prvdatas to /tmp/mongo_clone/iot/prvdatas.bson
2026-05-16T02:00:01.933+0700	writing iot.alarms to /tmp/mongo_clone/iot/alarms.bson
2026-05-16T02:00:01.933+0700	writing iot.prvcontrols to /tmp/mongo_clone/iot/prvcontrols.bson
2026-05-16T02:00:01.938+0700	done dumping iot.prvcontrols (627 documents)
2026-05-16T02:00:01.938+0700	writing iot.infos to /tmp/mongo_clone/iot/infos.bson
2026-05-16T02:00:01.938+0700	done dumping iot.infos (22 documents)
2026-05-16T02:00:01.938+0700	writing iot.groups to /tmp/mongo_clone/iot/groups.bson
2026-05-16T02:00:01.939+0700	done dumping iot.groups (9 documents)
2026-05-16T02:00:01.939+0700	writing iot.prvs to /tmp/mongo_clone/iot/prvs.bson
2026-05-16T02:00:01.939+0700	done dumping iot.prvs (3 documents)
2026-05-16T02:00:01.939+0700	writing iot.users to /tmp/mongo_clone/iot/users.bson
2026-05-16T02:00:01.940+0700	done dumping iot.users (2 documents)
2026-05-16T02:00:01.940+0700	writing iot.prvtimes to /tmp/mongo_clone/iot/prvtimes.bson
2026-05-16T02:00:01.940+0700	done dumping iot.prvtimes (0 documents)
2026-05-16T02:00:01.973+0700	done dumping iot.alarms (35950 documents)
2026-05-16T02:00:02.063+0700	done dumping iot.prvdatas (137173 documents)
2026-05-16T02:00:02.702+0700	done dumping iot.sensors (904694 documents)
2026-05-16T02:00:02.712+0700	The --db and --collection flags are deprecated for this use-case; please use --nsInclude instead, i.e. with --nsInclude=${DATABASE}.${COLLECTION}
2026-05-16T02:00:02.713+0700	building a list of collections to restore from /tmp/mongo_clone/iot dir
2026-05-16T02:00:02.713+0700	don't know what to do with file "/tmp/mongo_clone/iot/prelude.json", skipping...
2026-05-16T02:00:02.713+0700	reading metadata for iot_backup.sensors from /tmp/mongo_clone/iot/sensors.metadata.json
2026-05-16T02:00:02.713+0700	reading metadata for iot_backup.alarms from /tmp/mongo_clone/iot/alarms.metadata.json
2026-05-16T02:00:02.713+0700	reading metadata for iot_backup.groups from /tmp/mongo_clone/iot/groups.metadata.json
2026-05-16T02:00:02.713+0700	reading metadata for iot_backup.infos from /tmp/mongo_clone/iot/infos.metadata.json
2026-05-16T02:00:02.713+0700	reading metadata for iot_backup.prvdatas from /tmp/mongo_clone/iot/prvdatas.metadata.json
2026-05-16T02:00:02.713+0700	reading metadata for iot_backup.prvs from /tmp/mongo_clone/iot/prvs.metadata.json
2026-05-16T02:00:02.713+0700	reading metadata for iot_backup.prvtimes from /tmp/mongo_clone/iot/prvtimes.metadata.json
2026-05-16T02:00:02.713+0700	reading metadata for iot_backup.prvcontrols from /tmp/mongo_clone/iot/prvcontrols.metadata.json
2026-05-16T02:00:02.713+0700	reading metadata for iot_backup.users from /tmp/mongo_clone/iot/users.metadata.json
2026-05-16T02:00:02.824+0700	restoring iot_backup.sensors from /tmp/mongo_clone/iot/sensors.bson
2026-05-16T02:00:02.837+0700	restoring iot_backup.prvdatas from /tmp/mongo_clone/iot/prvdatas.bson
2026-05-16T02:00:02.846+0700	restoring iot_backup.alarms from /tmp/mongo_clone/iot/alarms.bson
2026-05-16T02:00:02.863+0700	restoring iot_backup.prvcontrols from /tmp/mongo_clone/iot/prvcontrols.bson
2026-05-16T02:00:02.873+0700	finished restoring iot_backup.prvcontrols (627 documents, 0 failures)
2026-05-16T02:00:02.902+0700	restoring iot_backup.infos from /tmp/mongo_clone/iot/infos.bson
2026-05-16T02:00:02.912+0700	finished restoring iot_backup.infos (22 documents, 0 failures)
2026-05-16T02:00:02.963+0700	restoring iot_backup.prvs from /tmp/mongo_clone/iot/prvs.bson
2026-05-16T02:00:02.973+0700	finished restoring iot_backup.prvs (3 documents, 0 failures)
2026-05-16T02:00:03.025+0700	restoring iot_backup.groups from /tmp/mongo_clone/iot/groups.bson
2026-05-16T02:00:03.042+0700	finished restoring iot_backup.groups (9 documents, 0 failures)
2026-05-16T02:00:03.085+0700	restoring iot_backup.users from /tmp/mongo_clone/iot/users.bson
2026-05-16T02:00:03.103+0700	finished restoring iot_backup.users (2 documents, 0 failures)
2026-05-16T02:00:03.109+0700	finished restoring iot_backup.alarms (35950 documents, 0 failures)
2026-05-16T02:00:03.144+0700	restoring iot_backup.prvtimes from /tmp/mongo_clone/iot/prvtimes.bson
2026-05-16T02:00:03.156+0700	finished restoring iot_backup.prvtimes (0 documents, 0 failures)
2026-05-16T02:00:03.975+0700	finished restoring iot_backup.prvdatas (137173 documents, 0 failures)
2026-05-16T02:00:05.712+0700	[##########..............]  iot_backup.sensors  46.7MB/104MB  (44.9%)
2026-05-16T02:00:08.713+0700	[######################..]  iot_backup.sensors  96.7MB/104MB  (93.0%)
2026-05-16T02:00:09.154+0700	[########################]  iot_backup.sensors  104MB/104MB  (100.0%)
2026-05-16T02:00:09.154+0700	finished restoring iot_backup.sensors (904694 documents, 0 failures)
2026-05-16T02:00:09.154+0700	no indexes to restore for collection iot_backup.groups
2026-05-16T02:00:09.154+0700	restoring indexes for collection iot_backup.prvdatas from metadata
2026-05-16T02:00:09.154+0700	index: &idx.IndexDocument{Options:primitive.M{"background":true, "expireAfterSeconds":2592000, "name":"createAt_1", "v":2}, Key:primitive.D{primitive.E{Key:"createAt", Value:1}}, PartialFilterExpression:primitive.D(nil)}
2026-05-16T02:00:09.154+0700	no indexes to restore for collection iot_backup.prvtimes
2026-05-16T02:00:09.154+0700	restoring indexes for collection iot_backup.prvcontrols from metadata
2026-05-16T02:00:09.154+0700	index: &idx.IndexDocument{Options:primitive.M{"background":true, "expireAfterSeconds":86400, "name":"createAt_-1", "v":2}, Key:primitive.D{primitive.E{Key:"createAt", Value:-1}}, PartialFilterExpression:primitive.D(nil)}
2026-05-16T02:00:09.154+0700	no indexes to restore for collection iot_backup.users
2026-05-16T02:00:09.155+0700	restoring indexes for collection iot_backup.sensors from metadata
2026-05-16T02:00:09.155+0700	index: &idx.IndexDocument{Options:primitive.M{"background":true, "name":"user_1_createAt_1_index_1", "v":2}, Key:primitive.D{primitive.E{Key:"user", Value:1}, primitive.E{Key:"createAt", Value:1}, primitive.E{Key:"index", Value:1}}, PartialFilterExpression:primitive.D(nil)}
2026-05-16T02:00:09.155+0700	no indexes to restore for collection iot_backup.alarms
2026-05-16T02:00:09.155+0700	no indexes to restore for collection iot_backup.infos
2026-05-16T02:00:09.155+0700	no indexes to restore for collection iot_backup.prvs
2026-05-16T02:00:10.554+0700	1078480 document(s) restored successfully. 0 document(s) failed to restore.
Backup clone done at Sat May 16 02:00:10 +07 2026
{ ok: 1, dropped: 'iot_backup' }
2026-05-17T02:00:02.174+0700	writing iot.sensors to /tmp/mongo_clone/iot/sensors.bson
2026-05-17T02:00:02.174+0700	writing iot.prvdatas to /tmp/mongo_clone/iot/prvdatas.bson
2026-05-17T02:00:02.174+0700	writing iot.alarms to /tmp/mongo_clone/iot/alarms.bson
2026-05-17T02:00:02.174+0700	writing iot.prvcontrols to /tmp/mongo_clone/iot/prvcontrols.bson
2026-05-17T02:00:02.180+0700	done dumping iot.prvcontrols (358 documents)
2026-05-17T02:00:02.180+0700	writing iot.infos to /tmp/mongo_clone/iot/infos.bson
2026-05-17T02:00:02.180+0700	done dumping iot.infos (22 documents)
2026-05-17T02:00:02.180+0700	writing iot.groups to /tmp/mongo_clone/iot/groups.bson
2026-05-17T02:00:02.181+0700	done dumping iot.groups (9 documents)
2026-05-17T02:00:02.181+0700	writing iot.prvs to /tmp/mongo_clone/iot/prvs.bson
2026-05-17T02:00:02.181+0700	done dumping iot.prvs (3 documents)
2026-05-17T02:00:02.181+0700	writing iot.users to /tmp/mongo_clone/iot/users.bson
2026-05-17T02:00:02.181+0700	done dumping iot.users (2 documents)
2026-05-17T02:00:02.181+0700	writing iot.prvtimes to /tmp/mongo_clone/iot/prvtimes.bson
2026-05-17T02:00:02.181+0700	done dumping iot.prvtimes (0 documents)
2026-05-17T02:00:02.211+0700	done dumping iot.alarms (36297 documents)
2026-05-17T02:00:02.308+0700	done dumping iot.prvdatas (135922 documents)
2026-05-17T02:00:02.973+0700	done dumping iot.sensors (930879 documents)
2026-05-17T02:00:02.983+0700	The --db and --collection flags are deprecated for this use-case; please use --nsInclude instead, i.e. with --nsInclude=${DATABASE}.${COLLECTION}
2026-05-17T02:00:02.983+0700	building a list of collections to restore from /tmp/mongo_clone/iot dir
2026-05-17T02:00:02.984+0700	don't know what to do with file "/tmp/mongo_clone/iot/prelude.json", skipping...
2026-05-17T02:00:02.984+0700	reading metadata for iot_backup.sensors from /tmp/mongo_clone/iot/sensors.metadata.json
2026-05-17T02:00:02.984+0700	reading metadata for iot_backup.users from /tmp/mongo_clone/iot/users.metadata.json
2026-05-17T02:00:02.984+0700	reading metadata for iot_backup.alarms from /tmp/mongo_clone/iot/alarms.metadata.json
2026-05-17T02:00:02.984+0700	reading metadata for iot_backup.groups from /tmp/mongo_clone/iot/groups.metadata.json
2026-05-17T02:00:02.984+0700	reading metadata for iot_backup.infos from /tmp/mongo_clone/iot/infos.metadata.json
2026-05-17T02:00:02.984+0700	reading metadata for iot_backup.prvs from /tmp/mongo_clone/iot/prvs.metadata.json
2026-05-17T02:00:02.984+0700	reading metadata for iot_backup.prvcontrols from /tmp/mongo_clone/iot/prvcontrols.metadata.json
2026-05-17T02:00:02.984+0700	reading metadata for iot_backup.prvdatas from /tmp/mongo_clone/iot/prvdatas.metadata.json
2026-05-17T02:00:02.984+0700	reading metadata for iot_backup.prvtimes from /tmp/mongo_clone/iot/prvtimes.metadata.json
2026-05-17T02:00:03.032+0700	restoring iot_backup.sensors from /tmp/mongo_clone/iot/sensors.bson
2026-05-17T02:00:03.042+0700	restoring iot_backup.alarms from /tmp/mongo_clone/iot/alarms.bson
2026-05-17T02:00:03.058+0700	restoring iot_backup.prvcontrols from /tmp/mongo_clone/iot/prvcontrols.bson
2026-05-17T02:00:03.069+0700	finished restoring iot_backup.prvcontrols (358 documents, 0 failures)
2026-05-17T02:00:03.072+0700	restoring iot_backup.prvdatas from /tmp/mongo_clone/iot/prvdatas.bson
2026-05-17T02:00:03.095+0700	restoring iot_backup.infos from /tmp/mongo_clone/iot/infos.bson
2026-05-17T02:00:03.106+0700	finished restoring iot_backup.infos (22 documents, 0 failures)
2026-05-17T02:00:03.146+0700	restoring iot_backup.prvs from /tmp/mongo_clone/iot/prvs.bson
2026-05-17T02:00:03.156+0700	finished restoring iot_backup.prvs (3 documents, 0 failures)
2026-05-17T02:00:03.216+0700	restoring iot_backup.groups from /tmp/mongo_clone/iot/groups.bson
2026-05-17T02:00:03.233+0700	finished restoring iot_backup.groups (9 documents, 0 failures)
2026-05-17T02:00:03.273+0700	restoring iot_backup.users from /tmp/mongo_clone/iot/users.bson
2026-05-17T02:00:03.289+0700	finished restoring iot_backup.users (2 documents, 0 failures)
2026-05-17T02:00:03.304+0700	finished restoring iot_backup.alarms (36297 documents, 0 failures)
2026-05-17T02:00:03.316+0700	restoring iot_backup.prvtimes from /tmp/mongo_clone/iot/prvtimes.bson
2026-05-17T02:00:03.328+0700	finished restoring iot_backup.prvtimes (0 documents, 0 failures)
2026-05-17T02:00:04.195+0700	finished restoring iot_backup.prvdatas (135922 documents, 0 failures)
2026-05-17T02:00:05.984+0700	[##########..............]  iot_backup.sensors  47.5MB/107MB  (44.4%)
2026-05-17T02:00:08.983+0700	[#####################...]  iot_backup.sensors  97.6MB/107MB  (91.2%)
2026-05-17T02:00:09.544+0700	[########################]  iot_backup.sensors  107MB/107MB  (100.0%)
2026-05-17T02:00:09.544+0700	finished restoring iot_backup.sensors (930879 documents, 0 failures)
2026-05-17T02:00:09.544+0700	no indexes to restore for collection iot_backup.alarms
2026-05-17T02:00:09.544+0700	no indexes to restore for collection iot_backup.users
2026-05-17T02:00:09.544+0700	no indexes to restore for collection iot_backup.groups
2026-05-17T02:00:09.544+0700	no indexes to restore for collection iot_backup.infos
2026-05-17T02:00:09.544+0700	no indexes to restore for collection iot_backup.prvs
2026-05-17T02:00:09.544+0700	restoring indexes for collection iot_backup.prvcontrols from metadata
2026-05-17T02:00:09.544+0700	index: &idx.IndexDocument{Options:primitive.M{"background":true, "expireAfterSeconds":86400, "name":"createAt_-1", "v":2}, Key:primitive.D{primitive.E{Key:"createAt", Value:-1}}, PartialFilterExpression:primitive.D(nil)}
2026-05-17T02:00:09.544+0700	restoring indexes for collection iot_backup.prvdatas from metadata
2026-05-17T02:00:09.544+0700	index: &idx.IndexDocument{Options:primitive.M{"background":true, "expireAfterSeconds":2592000, "name":"createAt_1", "v":2}, Key:primitive.D{primitive.E{Key:"createAt", Value:1}}, PartialFilterExpression:primitive.D(nil)}
2026-05-17T02:00:09.544+0700	no indexes to restore for collection iot_backup.prvtimes
2026-05-17T02:00:09.544+0700	restoring indexes for collection iot_backup.sensors from metadata
2026-05-17T02:00:09.544+0700	index: &idx.IndexDocument{Options:primitive.M{"background":true, "name":"user_1_createAt_1_index_1", "v":2}, Key:primitive.D{primitive.E{Key:"user", Value:1}, primitive.E{Key:"createAt", Value:1}, primitive.E{Key:"index", Value:1}}, PartialFilterExpression:primitive.D(nil)}
2026-05-17T02:00:10.905+0700	1103492 document(s) restored successfully. 0 document(s) failed to restore.
Backup clone done at Sun May 17 02:00:10 +07 2026
{ ok: 1, dropped: 'iot_backup' }
2026-05-18T02:00:02.132+0700	writing iot.sensors to /tmp/mongo_clone/iot/sensors.bson
2026-05-18T02:00:02.132+0700	writing iot.prvdatas to /tmp/mongo_clone/iot/prvdatas.bson
2026-05-18T02:00:02.132+0700	writing iot.alarms to /tmp/mongo_clone/iot/alarms.bson
2026-05-18T02:00:02.133+0700	writing iot.prvcontrols to /tmp/mongo_clone/iot/prvcontrols.bson
2026-05-18T02:00:02.135+0700	done dumping iot.prvcontrols (488 documents)
2026-05-18T02:00:02.135+0700	writing iot.infos to /tmp/mongo_clone/iot/infos.bson
2026-05-18T02:00:02.135+0700	done dumping iot.infos (22 documents)
2026-05-18T02:00:02.135+0700	writing iot.groups to /tmp/mongo_clone/iot/groups.bson
2026-05-18T02:00:02.135+0700	done dumping iot.groups (9 documents)
2026-05-18T02:00:02.135+0700	writing iot.prvs to /tmp/mongo_clone/iot/prvs.bson
2026-05-18T02:00:02.135+0700	done dumping iot.prvs (3 documents)
2026-05-18T02:00:02.135+0700	writing iot.users to /tmp/mongo_clone/iot/users.bson
2026-05-18T02:00:02.136+0700	done dumping iot.users (2 documents)
2026-05-18T02:00:02.136+0700	writing iot.prvtimes to /tmp/mongo_clone/iot/prvtimes.bson
2026-05-18T02:00:02.136+0700	done dumping iot.prvtimes (0 documents)
2026-05-18T02:00:02.171+0700	done dumping iot.alarms (36464 documents)
2026-05-18T02:00:02.266+0700	done dumping iot.prvdatas (135911 documents)
2026-05-18T02:00:02.896+0700	done dumping iot.sensors (958188 documents)
2026-05-18T02:00:02.908+0700	The --db and --collection flags are deprecated for this use-case; please use --nsInclude instead, i.e. with --nsInclude=${DATABASE}.${COLLECTION}
2026-05-18T02:00:02.908+0700	building a list of collections to restore from /tmp/mongo_clone/iot dir
2026-05-18T02:00:02.908+0700	don't know what to do with file "/tmp/mongo_clone/iot/prelude.json", skipping...
2026-05-18T02:00:02.908+0700	reading metadata for iot_backup.prvcontrols from /tmp/mongo_clone/iot/prvcontrols.metadata.json
2026-05-18T02:00:02.908+0700	reading metadata for iot_backup.prvtimes from /tmp/mongo_clone/iot/prvtimes.metadata.json
2026-05-18T02:00:02.908+0700	reading metadata for iot_backup.users from /tmp/mongo_clone/iot/users.metadata.json
2026-05-18T02:00:02.908+0700	reading metadata for iot_backup.alarms from /tmp/mongo_clone/iot/alarms.metadata.json
2026-05-18T02:00:02.908+0700	reading metadata for iot_backup.groups from /tmp/mongo_clone/iot/groups.metadata.json
2026-05-18T02:00:02.908+0700	reading metadata for iot_backup.infos from /tmp/mongo_clone/iot/infos.metadata.json
2026-05-18T02:00:02.908+0700	reading metadata for iot_backup.prvdatas from /tmp/mongo_clone/iot/prvdatas.metadata.json
2026-05-18T02:00:02.908+0700	reading metadata for iot_backup.prvs from /tmp/mongo_clone/iot/prvs.metadata.json
2026-05-18T02:00:02.908+0700	reading metadata for iot_backup.sensors from /tmp/mongo_clone/iot/sensors.metadata.json
2026-05-18T02:00:02.992+0700	restoring iot_backup.sensors from /tmp/mongo_clone/iot/sensors.bson
2026-05-18T02:00:03.007+0700	restoring iot_backup.prvdatas from /tmp/mongo_clone/iot/prvdatas.bson
2026-05-18T02:00:03.024+0700	restoring iot_backup.alarms from /tmp/mongo_clone/iot/alarms.bson
2026-05-18T02:00:03.050+0700	restoring iot_backup.prvcontrols from /tmp/mongo_clone/iot/prvcontrols.bson
2026-05-18T02:00:03.061+0700	finished restoring iot_backup.prvcontrols (488 documents, 0 failures)
2026-05-18T02:00:03.099+0700	restoring iot_backup.infos from /tmp/mongo_clone/iot/infos.bson
2026-05-18T02:00:03.117+0700	finished restoring iot_backup.infos (22 documents, 0 failures)
2026-05-18T02:00:03.150+0700	restoring iot_backup.prvs from /tmp/mongo_clone/iot/prvs.bson
2026-05-18T02:00:03.162+0700	finished restoring iot_backup.prvs (3 documents, 0 failures)
2026-05-18T02:00:03.292+0700	restoring iot_backup.groups from /tmp/mongo_clone/iot/groups.bson
2026-05-18T02:00:03.294+0700	finished restoring iot_backup.alarms (36464 documents, 0 failures)
2026-05-18T02:00:03.302+0700	finished restoring iot_backup.groups (9 documents, 0 failures)
2026-05-18T02:00:03.369+0700	restoring iot_backup.users from /tmp/mongo_clone/iot/users.bson
2026-05-18T02:00:03.385+0700	restoring iot_backup.prvtimes from /tmp/mongo_clone/iot/prvtimes.bson
2026-05-18T02:00:03.388+0700	finished restoring iot_backup.users (2 documents, 0 failures)
2026-05-18T02:00:03.402+0700	finished restoring iot_backup.prvtimes (0 documents, 0 failures)
2026-05-18T02:00:04.122+0700	finished restoring iot_backup.prvdatas (135911 documents, 0 failures)
2026-05-18T02:00:05.908+0700	[##########..............]  iot_backup.sensors  46.7MB/110MB  (42.4%)
2026-05-18T02:00:08.908+0700	[#####################...]  iot_backup.sensors  97.8MB/110MB  (88.8%)
2026-05-18T02:00:09.678+0700	[########################]  iot_backup.sensors  110MB/110MB  (100.0%)
2026-05-18T02:00:09.678+0700	finished restoring iot_backup.sensors (958188 documents, 0 failures)
2026-05-18T02:00:09.678+0700	restoring indexes for collection iot_backup.prvcontrols from metadata
2026-05-18T02:00:09.678+0700	index: &idx.IndexDocument{Options:primitive.M{"background":true, "expireAfterSeconds":86400, "name":"createAt_-1", "v":2}, Key:primitive.D{primitive.E{Key:"createAt", Value:-1}}, PartialFilterExpression:primitive.D(nil)}
2026-05-18T02:00:09.678+0700	no indexes to restore for collection iot_backup.prvtimes
2026-05-18T02:00:09.678+0700	no indexes to restore for collection iot_backup.users
2026-05-18T02:00:09.678+0700	no indexes to restore for collection iot_backup.infos
2026-05-18T02:00:09.678+0700	restoring indexes for collection iot_backup.prvdatas from metadata
2026-05-18T02:00:09.678+0700	index: &idx.IndexDocument{Options:primitive.M{"background":true, "expireAfterSeconds":2592000, "name":"createAt_1", "v":2}, Key:primitive.D{primitive.E{Key:"createAt", Value:1}}, PartialFilterExpression:primitive.D(nil)}
2026-05-18T02:00:09.678+0700	no indexes to restore for collection iot_backup.alarms
2026-05-18T02:00:09.678+0700	no indexes to restore for collection iot_backup.groups
2026-05-18T02:00:09.678+0700	no indexes to restore for collection iot_backup.prvs
2026-05-18T02:00:09.678+0700	restoring indexes for collection iot_backup.sensors from metadata
2026-05-18T02:00:09.678+0700	index: &idx.IndexDocument{Options:primitive.M{"background":true, "name":"user_1_createAt_1_index_1", "v":2}, Key:primitive.D{primitive.E{Key:"user", Value:1}, primitive.E{Key:"createAt", Value:1}, primitive.E{Key:"index", Value:1}}, PartialFilterExpression:primitive.D(nil)}
2026-05-18T02:00:11.098+0700	1131087 document(s) restored successfully. 0 document(s) failed to restore.
Backup clone done at Mon May 18 02:00:11 +07 2026
{ ok: 1, dropped: 'iot_backup' }
2026-05-19T02:00:01.740+0700	writing iot.sensors to /tmp/mongo_clone/iot/sensors.bson
2026-05-19T02:00:01.741+0700	writing iot.prvdatas to /tmp/mongo_clone/iot/prvdatas.bson
2026-05-19T02:00:01.741+0700	writing iot.alarms to /tmp/mongo_clone/iot/alarms.bson
2026-05-19T02:00:01.741+0700	writing iot.prvcontrols to /tmp/mongo_clone/iot/prvcontrols.bson
2026-05-19T02:00:01.744+0700	done dumping iot.prvcontrols (605 documents)
2026-05-19T02:00:01.744+0700	writing iot.infos to /tmp/mongo_clone/iot/infos.bson
2026-05-19T02:00:01.744+0700	done dumping iot.infos (22 documents)
2026-05-19T02:00:01.744+0700	writing iot.groups to /tmp/mongo_clone/iot/groups.bson
2026-05-19T02:00:01.745+0700	done dumping iot.groups (9 documents)
2026-05-19T02:00:01.745+0700	writing iot.prvs to /tmp/mongo_clone/iot/prvs.bson
2026-05-19T02:00:01.745+0700	done dumping iot.prvs (3 documents)
2026-05-19T02:00:01.745+0700	writing iot.users to /tmp/mongo_clone/iot/users.bson
2026-05-19T02:00:01.745+0700	done dumping iot.users (2 documents)
2026-05-19T02:00:01.745+0700	writing iot.prvtimes to /tmp/mongo_clone/iot/prvtimes.bson
2026-05-19T02:00:01.746+0700	done dumping iot.prvtimes (0 documents)
2026-05-19T02:00:01.781+0700	done dumping iot.alarms (36605 documents)
2026-05-19T02:00:01.883+0700	done dumping iot.prvdatas (135914 documents)
2026-05-19T02:00:02.549+0700	done dumping iot.sensors (985788 documents)
2026-05-19T02:00:02.561+0700	The --db and --collection flags are deprecated for this use-case; please use --nsInclude instead, i.e. with --nsInclude=${DATABASE}.${COLLECTION}
2026-05-19T02:00:02.561+0700	building a list of collections to restore from /tmp/mongo_clone/iot dir
2026-05-19T02:00:02.561+0700	don't know what to do with file "/tmp/mongo_clone/iot/prelude.json", skipping...
2026-05-19T02:00:02.561+0700	reading metadata for iot_backup.sensors from /tmp/mongo_clone/iot/sensors.metadata.json
2026-05-19T02:00:02.561+0700	reading metadata for iot_backup.users from /tmp/mongo_clone/iot/users.metadata.json
2026-05-19T02:00:02.561+0700	reading metadata for iot_backup.prvcontrols from /tmp/mongo_clone/iot/prvcontrols.metadata.json
2026-05-19T02:00:02.561+0700	reading metadata for iot_backup.groups from /tmp/mongo_clone/iot/groups.metadata.json
2026-05-19T02:00:02.561+0700	reading metadata for iot_backup.infos from /tmp/mongo_clone/iot/infos.metadata.json
2026-05-19T02:00:02.561+0700	reading metadata for iot_backup.prvdatas from /tmp/mongo_clone/iot/prvdatas.metadata.json
2026-05-19T02:00:02.561+0700	reading metadata for iot_backup.prvs from /tmp/mongo_clone/iot/prvs.metadata.json
2026-05-19T02:00:02.561+0700	reading metadata for iot_backup.prvtimes from /tmp/mongo_clone/iot/prvtimes.metadata.json
2026-05-19T02:00:02.561+0700	reading metadata for iot_backup.alarms from /tmp/mongo_clone/iot/alarms.metadata.json
2026-05-19T02:00:02.620+0700	restoring iot_backup.sensors from /tmp/mongo_clone/iot/sensors.bson
2026-05-19T02:00:02.629+0700	restoring iot_backup.prvdatas from /tmp/mongo_clone/iot/prvdatas.bson
2026-05-19T02:00:02.641+0700	restoring iot_backup.alarms from /tmp/mongo_clone/iot/alarms.bson
2026-05-19T02:00:02.672+0700	restoring iot_backup.prvcontrols from /tmp/mongo_clone/iot/prvcontrols.bson
2026-05-19T02:00:02.683+0700	finished restoring iot_backup.prvcontrols (605 documents, 0 failures)
2026-05-19T02:00:02.723+0700	restoring iot_backup.infos from /tmp/mongo_clone/iot/infos.bson
2026-05-19T02:00:02.740+0700	finished restoring iot_backup.infos (22 documents, 0 failures)
2026-05-19T02:00:02.769+0700	restoring iot_backup.prvs from /tmp/mongo_clone/iot/prvs.bson
2026-05-19T02:00:02.780+0700	finished restoring iot_backup.prvs (3 documents, 0 failures)
2026-05-19T02:00:02.805+0700	restoring iot_backup.groups from /tmp/mongo_clone/iot/groups.bson
2026-05-19T02:00:02.816+0700	finished restoring iot_backup.groups (9 documents, 0 failures)
2026-05-19T02:00:02.879+0700	restoring iot_backup.users from /tmp/mongo_clone/iot/users.bson
2026-05-19T02:00:02.896+0700	finished restoring iot_backup.users (2 documents, 0 failures)
2026-05-19T02:00:02.935+0700	restoring iot_backup.prvtimes from /tmp/mongo_clone/iot/prvtimes.bson
2026-05-19T02:00:02.942+0700	finished restoring iot_backup.alarms (36605 documents, 0 failures)
2026-05-19T02:00:02.949+0700	finished restoring iot_backup.prvtimes (0 documents, 0 failures)
2026-05-19T02:00:03.856+0700	finished restoring iot_backup.prvdatas (135914 documents, 0 failures)
2026-05-19T02:00:05.560+0700	[#########...............]  iot_backup.sensors  45.3MB/113MB  (40.0%)
2026-05-19T02:00:08.561+0700	[####################....]  iot_backup.sensors  95.1MB/113MB  (83.9%)
2026-05-19T02:00:09.670+0700	[########################]  iot_backup.sensors  113MB/113MB  (100.0%)
2026-05-19T02:00:09.670+0700	finished restoring iot_backup.sensors (985788 documents, 0 failures)
2026-05-19T02:00:09.670+0700	no indexes to restore for collection iot_backup.users
2026-05-19T02:00:09.670+0700	no indexes to restore for collection iot_backup.prvs
2026-05-19T02:00:09.670+0700	no indexes to restore for collection iot_backup.infos
2026-05-19T02:00:09.670+0700	restoring indexes for collection iot_backup.prvdatas from metadata
2026-05-19T02:00:09.670+0700	index: &idx.IndexDocument{Options:primitive.M{"background":true, "expireAfterSeconds":2592000, "name":"createAt_1", "v":2}, Key:primitive.D{primitive.E{Key:"createAt", Value:1}}, PartialFilterExpression:primitive.D(nil)}
2026-05-19T02:00:09.670+0700	no indexes to restore for collection iot_backup.prvtimes
2026-05-19T02:00:09.670+0700	no indexes to restore for collection iot_backup.alarms
2026-05-19T02:00:09.670+0700	restoring indexes for collection iot_backup.sensors from metadata
2026-05-19T02:00:09.670+0700	index: &idx.IndexDocument{Options:primitive.M{"background":true, "name":"user_1_createAt_1_index_1", "v":2}, Key:primitive.D{primitive.E{Key:"user", Value:1}, primitive.E{Key:"createAt", Value:1}, primitive.E{Key:"index", Value:1}}, PartialFilterExpression:primitive.D(nil)}
2026-05-19T02:00:09.670+0700	restoring indexes for collection iot_backup.prvcontrols from metadata
2026-05-19T02:00:09.670+0700	index: &idx.IndexDocument{Options:primitive.M{"background":true, "expireAfterSeconds":86400, "name":"createAt_-1", "v":2}, Key:primitive.D{primitive.E{Key:"createAt", Value:-1}}, PartialFilterExpression:primitive.D(nil)}
2026-05-19T02:00:09.670+0700	no indexes to restore for collection iot_backup.groups
2026-05-19T02:00:11.125+0700	1158948 document(s) restored successfully. 0 document(s) failed to restore.
Backup clone done at Tue May 19 02:00:11 +07 2026
{ ok: 1, dropped: 'iot_backup' }
2026-05-20T02:00:01.760+0700	writing iot.sensors to /tmp/mongo_clone/iot/sensors.bson
2026-05-20T02:00:01.760+0700	writing iot.prvdatas to /tmp/mongo_clone/iot/prvdatas.bson
2026-05-20T02:00:01.760+0700	writing iot.alarms to /tmp/mongo_clone/iot/alarms.bson
2026-05-20T02:00:01.761+0700	writing iot.prvcontrols to /tmp/mongo_clone/iot/prvcontrols.bson
2026-05-20T02:00:01.763+0700	done dumping iot.prvcontrols (629 documents)
2026-05-20T02:00:01.763+0700	writing iot.infos to /tmp/mongo_clone/iot/infos.bson
2026-05-20T02:00:01.764+0700	done dumping iot.infos (22 documents)
2026-05-20T02:00:01.764+0700	writing iot.groups to /tmp/mongo_clone/iot/groups.bson
2026-05-20T02:00:01.764+0700	done dumping iot.groups (9 documents)
2026-05-20T02:00:01.764+0700	writing iot.prvs to /tmp/mongo_clone/iot/prvs.bson
2026-05-20T02:00:01.764+0700	done dumping iot.prvs (3 documents)
2026-05-20T02:00:01.764+0700	writing iot.users to /tmp/mongo_clone/iot/users.bson
2026-05-20T02:00:01.764+0700	done dumping iot.users (2 documents)
2026-05-20T02:00:01.764+0700	writing iot.prvtimes to /tmp/mongo_clone/iot/prvtimes.bson
2026-05-20T02:00:01.765+0700	done dumping iot.prvtimes (0 documents)
2026-05-20T02:00:01.798+0700	done dumping iot.alarms (37019 documents)
2026-05-20T02:00:01.895+0700	done dumping iot.prvdatas (135976 documents)
2026-05-20T02:00:02.612+0700	done dumping iot.sensors (1013316 documents)
2026-05-20T02:00:02.623+0700	The --db and --collection flags are deprecated for this use-case; please use --nsInclude instead, i.e. with --nsInclude=${DATABASE}.${COLLECTION}
2026-05-20T02:00:02.623+0700	building a list of collections to restore from /tmp/mongo_clone/iot dir
2026-05-20T02:00:02.623+0700	don't know what to do with file "/tmp/mongo_clone/iot/prelude.json", skipping...
2026-05-20T02:00:02.623+0700	reading metadata for iot_backup.infos from /tmp/mongo_clone/iot/infos.metadata.json
2026-05-20T02:00:02.623+0700	reading metadata for iot_backup.prvcontrols from /tmp/mongo_clone/iot/prvcontrols.metadata.json
2026-05-20T02:00:02.623+0700	reading metadata for iot_backup.prvs from /tmp/mongo_clone/iot/prvs.metadata.json
2026-05-20T02:00:02.623+0700	reading metadata for iot_backup.sensors from /tmp/mongo_clone/iot/sensors.metadata.json
2026-05-20T02:00:02.623+0700	reading metadata for iot_backup.alarms from /tmp/mongo_clone/iot/alarms.metadata.json
2026-05-20T02:00:02.623+0700	reading metadata for iot_backup.groups from /tmp/mongo_clone/iot/groups.metadata.json
2026-05-20T02:00:02.623+0700	reading metadata for iot_backup.users from /tmp/mongo_clone/iot/users.metadata.json
2026-05-20T02:00:02.623+0700	reading metadata for iot_backup.prvdatas from /tmp/mongo_clone/iot/prvdatas.metadata.json
2026-05-20T02:00:02.623+0700	reading metadata for iot_backup.prvtimes from /tmp/mongo_clone/iot/prvtimes.metadata.json
2026-05-20T02:00:02.696+0700	restoring iot_backup.sensors from /tmp/mongo_clone/iot/sensors.bson
2026-05-20T02:00:02.712+0700	restoring iot_backup.prvdatas from /tmp/mongo_clone/iot/prvdatas.bson
2026-05-20T02:00:02.731+0700	restoring iot_backup.alarms from /tmp/mongo_clone/iot/alarms.bson
2026-05-20T02:00:02.749+0700	restoring iot_backup.prvcontrols from /tmp/mongo_clone/iot/prvcontrols.bson
2026-05-20T02:00:02.759+0700	finished restoring iot_backup.prvcontrols (629 documents, 0 failures)
2026-05-20T02:00:02.807+0700	restoring iot_backup.infos from /tmp/mongo_clone/iot/infos.bson
2026-05-20T02:00:02.828+0700	finished restoring iot_backup.infos (22 documents, 0 failures)
2026-05-20T02:00:02.882+0700	restoring iot_backup.prvs from /tmp/mongo_clone/iot/prvs.bson
2026-05-20T02:00:02.893+0700	finished restoring iot_backup.prvs (3 documents, 0 failures)
2026-05-20T02:00:02.945+0700	restoring iot_backup.groups from /tmp/mongo_clone/iot/groups.bson
2026-05-20T02:00:02.955+0700	finished restoring iot_backup.groups (9 documents, 0 failures)
2026-05-20T02:00:02.980+0700	finished restoring iot_backup.alarms (37019 documents, 0 failures)
2026-05-20T02:00:02.993+0700	restoring iot_backup.users from /tmp/mongo_clone/iot/users.bson
2026-05-20T02:00:03.010+0700	finished restoring iot_backup.users (2 documents, 0 failures)
2026-05-20T02:00:03.023+0700	restoring iot_backup.prvtimes from /tmp/mongo_clone/iot/prvtimes.bson
2026-05-20T02:00:03.036+0700	finished restoring iot_backup.prvtimes (0 documents, 0 failures)
2026-05-20T02:00:03.851+0700	finished restoring iot_backup.prvdatas (135976 documents, 0 failures)
2026-05-20T02:00:05.623+0700	[#########...............]  iot_backup.sensors  46.5MB/116MB  (40.0%)
2026-05-20T02:00:08.623+0700	[####################....]  iot_backup.sensors  97.1MB/116MB  (83.4%)
2026-05-20T02:00:09.783+0700	[########################]  iot_backup.sensors  116MB/116MB  (100.0%)
2026-05-20T02:00:09.783+0700	finished restoring iot_backup.sensors (1013316 documents, 0 failures)
2026-05-20T02:00:09.783+0700	no indexes to restore for collection iot_backup.prvs
2026-05-20T02:00:09.783+0700	no indexes to restore for collection iot_backup.alarms
2026-05-20T02:00:09.783+0700	no indexes to restore for collection iot_backup.groups
2026-05-20T02:00:09.783+0700	no indexes to restore for collection iot_backup.users
2026-05-20T02:00:09.783+0700	restoring indexes for collection iot_backup.prvdatas from metadata
2026-05-20T02:00:09.783+0700	index: &idx.IndexDocument{Options:primitive.M{"background":true, "expireAfterSeconds":2592000, "name":"createAt_1", "v":2}, Key:primitive.D{primitive.E{Key:"createAt", Value:1}}, PartialFilterExpression:primitive.D(nil)}
2026-05-20T02:00:09.783+0700	no indexes to restore for collection iot_backup.prvtimes
2026-05-20T02:00:09.783+0700	no indexes to restore for collection iot_backup.infos
2026-05-20T02:00:09.783+0700	restoring indexes for collection iot_backup.prvcontrols from metadata
2026-05-20T02:00:09.783+0700	index: &idx.IndexDocument{Options:primitive.M{"background":true, "expireAfterSeconds":86400, "name":"createAt_-1", "v":2}, Key:primitive.D{primitive.E{Key:"createAt", Value:-1}}, PartialFilterExpression:primitive.D(nil)}
2026-05-20T02:00:09.783+0700	restoring indexes for collection iot_backup.sensors from metadata
2026-05-20T02:00:09.783+0700	index: &idx.IndexDocument{Options:primitive.M{"background":true, "name":"user_1_createAt_1_index_1", "v":2}, Key:primitive.D{primitive.E{Key:"user", Value:1}, primitive.E{Key:"createAt", Value:1}, primitive.E{Key:"index", Value:1}}, PartialFilterExpression:primitive.D(nil)}
2026-05-20T02:00:11.304+0700	1186976 document(s) restored successfully. 0 document(s) failed to restore.
Backup clone done at Wed May 20 02:00:11 +07 2026
{ ok: 1, dropped: 'iot_backup' }
2026-05-21T02:00:04.184+0700	writing iot.sensors to /tmp/mongo_clone/iot/sensors.bson
2026-05-21T02:00:04.184+0700	writing iot.prvdatas to /tmp/mongo_clone/iot/prvdatas.bson
2026-05-21T02:00:04.184+0700	writing iot.alarms to /tmp/mongo_clone/iot/alarms.bson
2026-05-21T02:00:04.184+0700	writing iot.prvcontrols to /tmp/mongo_clone/iot/prvcontrols.bson
2026-05-21T02:00:04.187+0700	done dumping iot.prvcontrols (623 documents)
2026-05-21T02:00:04.187+0700	writing iot.infos to /tmp/mongo_clone/iot/infos.bson
2026-05-21T02:00:04.187+0700	done dumping iot.infos (22 documents)
2026-05-21T02:00:04.187+0700	writing iot.groups to /tmp/mongo_clone/iot/groups.bson
2026-05-21T02:00:04.188+0700	done dumping iot.groups (9 documents)
2026-05-21T02:00:04.188+0700	writing iot.prvs to /tmp/mongo_clone/iot/prvs.bson
2026-05-21T02:00:04.188+0700	done dumping iot.prvs (3 documents)
2026-05-21T02:00:04.188+0700	writing iot.users to /tmp/mongo_clone/iot/users.bson
2026-05-21T02:00:04.188+0700	done dumping iot.users (2 documents)
2026-05-21T02:00:04.188+0700	writing iot.prvtimes to /tmp/mongo_clone/iot/prvtimes.bson
2026-05-21T02:00:04.190+0700	done dumping iot.prvtimes (0 documents)
2026-05-21T02:00:04.230+0700	done dumping iot.alarms (37174 documents)
2026-05-21T02:00:04.326+0700	done dumping iot.prvdatas (137495 documents)
2026-05-21T02:00:05.061+0700	done dumping iot.sensors (1040887 documents)
2026-05-21T02:00:05.226+0700	The --db and --collection flags are deprecated for this use-case; please use --nsInclude instead, i.e. with --nsInclude=${DATABASE}.${COLLECTION}
2026-05-21T02:00:05.226+0700	building a list of collections to restore from /tmp/mongo_clone/iot dir
2026-05-21T02:00:05.226+0700	don't know what to do with file "/tmp/mongo_clone/iot/prelude.json", skipping...
2026-05-21T02:00:05.226+0700	reading metadata for iot_backup.infos from /tmp/mongo_clone/iot/infos.metadata.json
2026-05-21T02:00:05.226+0700	reading metadata for iot_backup.prvcontrols from /tmp/mongo_clone/iot/prvcontrols.metadata.json
2026-05-21T02:00:05.226+0700	reading metadata for iot_backup.prvtimes from /tmp/mongo_clone/iot/prvtimes.metadata.json
2026-05-21T02:00:05.226+0700	reading metadata for iot_backup.sensors from /tmp/mongo_clone/iot/sensors.metadata.json
2026-05-21T02:00:05.226+0700	reading metadata for iot_backup.alarms from /tmp/mongo_clone/iot/alarms.metadata.json
2026-05-21T02:00:05.226+0700	reading metadata for iot_backup.groups from /tmp/mongo_clone/iot/groups.metadata.json
2026-05-21T02:00:05.226+0700	reading metadata for iot_backup.prvdatas from /tmp/mongo_clone/iot/prvdatas.metadata.json
2026-05-21T02:00:05.226+0700	reading metadata for iot_backup.prvs from /tmp/mongo_clone/iot/prvs.metadata.json
2026-05-21T02:00:05.226+0700	reading metadata for iot_backup.users from /tmp/mongo_clone/iot/users.metadata.json
2026-05-21T02:00:05.312+0700	restoring iot_backup.sensors from /tmp/mongo_clone/iot/sensors.bson
2026-05-21T02:00:05.320+0700	restoring iot_backup.alarms from /tmp/mongo_clone/iot/alarms.bson
2026-05-21T02:00:05.332+0700	restoring iot_backup.prvdatas from /tmp/mongo_clone/iot/prvdatas.bson
2026-05-21T02:00:05.353+0700	restoring iot_backup.prvcontrols from /tmp/mongo_clone/iot/prvcontrols.bson
2026-05-21T02:00:05.364+0700	finished restoring iot_backup.prvcontrols (623 documents, 0 failures)
2026-05-21T02:00:05.405+0700	restoring iot_backup.infos from /tmp/mongo_clone/iot/infos.bson
2026-05-21T02:00:05.423+0700	finished restoring iot_backup.infos (22 documents, 0 failures)
2026-05-21T02:00:05.483+0700	restoring iot_backup.prvs from /tmp/mongo_clone/iot/prvs.bson
2026-05-21T02:00:05.493+0700	finished restoring iot_backup.prvs (3 documents, 0 failures)
2026-05-21T02:00:05.533+0700	restoring iot_backup.groups from /tmp/mongo_clone/iot/groups.bson
2026-05-21T02:00:05.551+0700	finished restoring iot_backup.groups (9 documents, 0 failures)
2026-05-21T02:00:05.582+0700	restoring iot_backup.users from /tmp/mongo_clone/iot/users.bson
2026-05-21T02:00:05.583+0700	finished restoring iot_backup.alarms (37174 documents, 0 failures)
2026-05-21T02:00:05.592+0700	finished restoring iot_backup.users (2 documents, 0 failures)
2026-05-21T02:00:05.613+0700	restoring iot_backup.prvtimes from /tmp/mongo_clone/iot/prvtimes.bson
2026-05-21T02:00:05.624+0700	finished restoring iot_backup.prvtimes (0 documents, 0 failures)
2026-05-21T02:00:06.455+0700	finished restoring iot_backup.prvdatas (137495 documents, 0 failures)
2026-05-21T02:00:08.226+0700	[#########...............]  iot_backup.sensors  47.4MB/120MB  (39.6%)
2026-05-21T02:00:11.226+0700	[###################.....]  iot_backup.sensors  97.6MB/120MB  (81.6%)
2026-05-21T02:00:12.522+0700	[########################]  iot_backup.sensors  120MB/120MB  (100.0%)
2026-05-21T02:00:12.522+0700	finished restoring iot_backup.sensors (1040887 documents, 0 failures)
2026-05-21T02:00:12.522+0700	no indexes to restore for collection iot_backup.infos
2026-05-21T02:00:12.522+0700	restoring indexes for collection iot_backup.prvcontrols from metadata
2026-05-21T02:00:12.522+0700	index: &idx.IndexDocument{Options:primitive.M{"background":true, "expireAfterSeconds":86400, "name":"createAt_-1", "v":2}, Key:primitive.D{primitive.E{Key:"createAt", Value:-1}}, PartialFilterExpression:primitive.D(nil)}
2026-05-21T02:00:12.522+0700	restoring indexes for collection iot_backup.sensors from metadata
2026-05-21T02:00:12.522+0700	index: &idx.IndexDocument{Options:primitive.M{"background":true, "name":"user_1_createAt_1_index_1", "v":2}, Key:primitive.D{primitive.E{Key:"user", Value:1}, primitive.E{Key:"createAt", Value:1}, primitive.E{Key:"index", Value:1}}, PartialFilterExpression:primitive.D(nil)}
2026-05-21T02:00:12.522+0700	no indexes to restore for collection iot_backup.prvs
2026-05-21T02:00:12.522+0700	no indexes to restore for collection iot_backup.prvtimes
2026-05-21T02:00:12.522+0700	no indexes to restore for collection iot_backup.alarms
2026-05-21T02:00:12.522+0700	no indexes to restore for collection iot_backup.groups
2026-05-21T02:00:12.522+0700	restoring indexes for collection iot_backup.prvdatas from metadata
2026-05-21T02:00:12.522+0700	index: &idx.IndexDocument{Options:primitive.M{"background":true, "expireAfterSeconds":2592000, "name":"createAt_1", "v":2}, Key:primitive.D{primitive.E{Key:"createAt", Value:1}}, PartialFilterExpression:primitive.D(nil)}
2026-05-21T02:00:12.522+0700	no indexes to restore for collection iot_backup.users
2026-05-21T02:00:14.051+0700	1216215 document(s) restored successfully. 0 document(s) failed to restore.
Backup clone done at Thu May 21 02:00:14 +07 2026
{ ok: 1, dropped: 'iot_backup' }
2026-05-22T02:00:01.676+0700	writing iot.sensors to /tmp/mongo_clone/iot/sensors.bson
2026-05-22T02:00:01.676+0700	writing iot.prvdatas to /tmp/mongo_clone/iot/prvdatas.bson
2026-05-22T02:00:01.676+0700	writing iot.alarms to /tmp/mongo_clone/iot/alarms.bson
2026-05-22T02:00:01.676+0700	writing iot.prvcontrols to /tmp/mongo_clone/iot/prvcontrols.bson
2026-05-22T02:00:01.680+0700	done dumping iot.prvcontrols (754 documents)
2026-05-22T02:00:01.680+0700	writing iot.infos to /tmp/mongo_clone/iot/infos.bson
2026-05-22T02:00:01.680+0700	done dumping iot.infos (22 documents)
2026-05-22T02:00:01.680+0700	writing iot.groups to /tmp/mongo_clone/iot/groups.bson
2026-05-22T02:00:01.681+0700	done dumping iot.groups (9 documents)
2026-05-22T02:00:01.681+0700	writing iot.prvs to /tmp/mongo_clone/iot/prvs.bson
2026-05-22T02:00:01.681+0700	done dumping iot.prvs (3 documents)
2026-05-22T02:00:01.681+0700	writing iot.users to /tmp/mongo_clone/iot/users.bson
2026-05-22T02:00:01.681+0700	done dumping iot.users (2 documents)
2026-05-22T02:00:01.681+0700	writing iot.prvtimes to /tmp/mongo_clone/iot/prvtimes.bson
2026-05-22T02:00:01.682+0700	done dumping iot.prvtimes (0 documents)
2026-05-22T02:00:01.720+0700	done dumping iot.alarms (37381 documents)
2026-05-22T02:00:01.837+0700	done dumping iot.prvdatas (138991 documents)
2026-05-22T02:00:02.594+0700	done dumping iot.sensors (1068345 documents)
2026-05-22T02:00:02.607+0700	The --db and --collection flags are deprecated for this use-case; please use --nsInclude instead, i.e. with --nsInclude=${DATABASE}.${COLLECTION}
2026-05-22T02:00:02.607+0700	building a list of collections to restore from /tmp/mongo_clone/iot dir
2026-05-22T02:00:02.607+0700	don't know what to do with file "/tmp/mongo_clone/iot/prelude.json", skipping...
2026-05-22T02:00:02.607+0700	reading metadata for iot_backup.users from /tmp/mongo_clone/iot/users.metadata.json
2026-05-22T02:00:02.607+0700	reading metadata for iot_backup.alarms from /tmp/mongo_clone/iot/alarms.metadata.json
2026-05-22T02:00:02.607+0700	reading metadata for iot_backup.prvdatas from /tmp/mongo_clone/iot/prvdatas.metadata.json
2026-05-22T02:00:02.607+0700	reading metadata for iot_backup.prvs from /tmp/mongo_clone/iot/prvs.metadata.json
2026-05-22T02:00:02.607+0700	reading metadata for iot_backup.prvtimes from /tmp/mongo_clone/iot/prvtimes.metadata.json
2026-05-22T02:00:02.607+0700	reading metadata for iot_backup.sensors from /tmp/mongo_clone/iot/sensors.metadata.json
2026-05-22T02:00:02.607+0700	reading metadata for iot_backup.groups from /tmp/mongo_clone/iot/groups.metadata.json
2026-05-22T02:00:02.607+0700	reading metadata for iot_backup.infos from /tmp/mongo_clone/iot/infos.metadata.json
2026-05-22T02:00:02.607+0700	reading metadata for iot_backup.prvcontrols from /tmp/mongo_clone/iot/prvcontrols.metadata.json
2026-05-22T02:00:02.721+0700	restoring iot_backup.sensors from /tmp/mongo_clone/iot/sensors.bson
2026-05-22T02:00:02.738+0700	restoring iot_backup.prvdatas from /tmp/mongo_clone/iot/prvdatas.bson
2026-05-22T02:00:02.747+0700	restoring iot_backup.alarms from /tmp/mongo_clone/iot/alarms.bson
2026-05-22T02:00:02.776+0700	restoring iot_backup.prvcontrols from /tmp/mongo_clone/iot/prvcontrols.bson
2026-05-22T02:00:02.787+0700	finished restoring iot_backup.prvcontrols (754 documents, 0 failures)
2026-05-22T02:00:02.822+0700	restoring iot_backup.infos from /tmp/mongo_clone/iot/infos.bson
2026-05-22T02:00:02.839+0700	finished restoring iot_backup.infos (22 documents, 0 failures)
2026-05-22T02:00:02.879+0700	restoring iot_backup.prvs from /tmp/mongo_clone/iot/prvs.bson
2026-05-22T02:00:02.891+0700	finished restoring iot_backup.prvs (3 documents, 0 failures)
2026-05-22T02:00:02.923+0700	restoring iot_backup.groups from /tmp/mongo_clone/iot/groups.bson
2026-05-22T02:00:02.935+0700	finished restoring iot_backup.groups (9 documents, 0 failures)
2026-05-22T02:00:02.963+0700	restoring iot_backup.users from /tmp/mongo_clone/iot/users.bson
2026-05-22T02:00:02.973+0700	finished restoring iot_backup.users (2 documents, 0 failures)
2026-05-22T02:00:02.996+0700	restoring iot_backup.prvtimes from /tmp/mongo_clone/iot/prvtimes.bson
2026-05-22T02:00:03.007+0700	finished restoring iot_backup.prvtimes (0 documents, 0 failures)
2026-05-22T02:00:03.039+0700	finished restoring iot_backup.alarms (37381 documents, 0 failures)
2026-05-22T02:00:03.934+0700	finished restoring iot_backup.prvdatas (138991 documents, 0 failures)
2026-05-22T02:00:05.606+0700	[#########...............]  iot_backup.sensors  46.7MB/123MB  (38.0%)
2026-05-22T02:00:08.607+0700	[###################.....]  iot_backup.sensors  97.5MB/123MB  (79.4%)
2026-05-22T02:00:10.124+0700	[########################]  iot_backup.sensors  123MB/123MB  (100.0%)
2026-05-22T02:00:10.124+0700	finished restoring iot_backup.sensors (1068345 documents, 0 failures)
2026-05-22T02:00:10.124+0700	restoring indexes for collection iot_backup.sensors from metadata
2026-05-22T02:00:10.124+0700	index: &idx.IndexDocument{Options:primitive.M{"background":true, "name":"user_1_createAt_1_index_1", "v":2}, Key:primitive.D{primitive.E{Key:"user", Value:1}, primitive.E{Key:"createAt", Value:1}, primitive.E{Key:"index", Value:1}}, PartialFilterExpression:primitive.D(nil)}
2026-05-22T02:00:10.124+0700	no indexes to restore for collection iot_backup.groups
2026-05-22T02:00:10.124+0700	no indexes to restore for collection iot_backup.prvtimes
2026-05-22T02:00:10.124+0700	no indexes to restore for collection iot_backup.infos
2026-05-22T02:00:10.124+0700	no indexes to restore for collection iot_backup.users
2026-05-22T02:00:10.124+0700	restoring indexes for collection iot_backup.prvcontrols from metadata
2026-05-22T02:00:10.124+0700	index: &idx.IndexDocument{Options:primitive.M{"background":true, "expireAfterSeconds":86400, "name":"createAt_-1", "v":2}, Key:primitive.D{primitive.E{Key:"createAt", Value:-1}}, PartialFilterExpression:primitive.D(nil)}
2026-05-22T02:00:10.124+0700	no indexes to restore for collection iot_backup.alarms
2026-05-22T02:00:10.124+0700	restoring indexes for collection iot_backup.prvdatas from metadata
2026-05-22T02:00:10.124+0700	index: &idx.IndexDocument{Options:primitive.M{"background":true, "expireAfterSeconds":2592000, "name":"createAt_1", "v":2}, Key:primitive.D{primitive.E{Key:"createAt", Value:1}}, PartialFilterExpression:primitive.D(nil)}
2026-05-22T02:00:10.124+0700	no indexes to restore for collection iot_backup.prvs
2026-05-22T02:00:11.672+0700	1245507 document(s) restored successfully. 0 document(s) failed to restore.
Backup clone done at Fri May 22 02:00:11 +07 2026
{ ok: 1, dropped: 'iot_backup' }
2026-05-23T02:00:02.284+0700	writing iot.sensors to /tmp/mongo_clone/iot/sensors.bson
2026-05-23T02:00:02.284+0700	writing iot.prvdatas to /tmp/mongo_clone/iot/prvdatas.bson
2026-05-23T02:00:02.285+0700	writing iot.alarms to /tmp/mongo_clone/iot/alarms.bson
2026-05-23T02:00:02.285+0700	writing iot.prvcontrols to /tmp/mongo_clone/iot/prvcontrols.bson
2026-05-23T02:00:02.287+0700	done dumping iot.prvcontrols (721 documents)
2026-05-23T02:00:02.287+0700	writing iot.infos to /tmp/mongo_clone/iot/infos.bson
2026-05-23T02:00:02.288+0700	done dumping iot.infos (22 documents)
2026-05-23T02:00:02.288+0700	writing iot.groups to /tmp/mongo_clone/iot/groups.bson
2026-05-23T02:00:02.288+0700	done dumping iot.groups (9 documents)
2026-05-23T02:00:02.288+0700	writing iot.prvs to /tmp/mongo_clone/iot/prvs.bson
2026-05-23T02:00:02.288+0700	done dumping iot.prvs (3 documents)
2026-05-23T02:00:02.288+0700	writing iot.users to /tmp/mongo_clone/iot/users.bson
2026-05-23T02:00:02.289+0700	done dumping iot.users (2 documents)
2026-05-23T02:00:02.289+0700	writing iot.prvtimes to /tmp/mongo_clone/iot/prvtimes.bson
2026-05-23T02:00:02.289+0700	done dumping iot.prvtimes (0 documents)
2026-05-23T02:00:02.323+0700	done dumping iot.alarms (37572 documents)
2026-05-23T02:00:02.422+0700	done dumping iot.prvdatas (140342 documents)
2026-05-23T02:00:03.205+0700	done dumping iot.sensors (1095793 documents)
2026-05-23T02:00:03.218+0700	The --db and --collection flags are deprecated for this use-case; please use --nsInclude instead, i.e. with --nsInclude=${DATABASE}.${COLLECTION}
2026-05-23T02:00:03.218+0700	building a list of collections to restore from /tmp/mongo_clone/iot dir
2026-05-23T02:00:03.218+0700	don't know what to do with file "/tmp/mongo_clone/iot/prelude.json", skipping...
2026-05-23T02:00:03.219+0700	reading metadata for iot_backup.alarms from /tmp/mongo_clone/iot/alarms.metadata.json
2026-05-23T02:00:03.219+0700	reading metadata for iot_backup.groups from /tmp/mongo_clone/iot/groups.metadata.json
2026-05-23T02:00:03.219+0700	reading metadata for iot_backup.infos from /tmp/mongo_clone/iot/infos.metadata.json
2026-05-23T02:00:03.219+0700	reading metadata for iot_backup.prvdatas from /tmp/mongo_clone/iot/prvdatas.metadata.json
2026-05-23T02:00:03.219+0700	reading metadata for iot_backup.prvs from /tmp/mongo_clone/iot/prvs.metadata.json
2026-05-23T02:00:03.219+0700	reading metadata for iot_backup.users from /tmp/mongo_clone/iot/users.metadata.json
2026-05-23T02:00:03.219+0700	reading metadata for iot_backup.prvcontrols from /tmp/mongo_clone/iot/prvcontrols.metadata.json
2026-05-23T02:00:03.219+0700	reading metadata for iot_backup.prvtimes from /tmp/mongo_clone/iot/prvtimes.metadata.json
2026-05-23T02:00:03.219+0700	reading metadata for iot_backup.sensors from /tmp/mongo_clone/iot/sensors.metadata.json
2026-05-23T02:00:03.340+0700	restoring iot_backup.sensors from /tmp/mongo_clone/iot/sensors.bson
2026-05-23T02:00:03.354+0700	restoring iot_backup.prvdatas from /tmp/mongo_clone/iot/prvdatas.bson
2026-05-23T02:00:03.367+0700	restoring iot_backup.alarms from /tmp/mongo_clone/iot/alarms.bson
2026-05-23T02:00:03.375+0700	restoring iot_backup.prvcontrols from /tmp/mongo_clone/iot/prvcontrols.bson
2026-05-23T02:00:03.387+0700	finished restoring iot_backup.prvcontrols (721 documents, 0 failures)
2026-05-23T02:00:03.425+0700	restoring iot_backup.infos from /tmp/mongo_clone/iot/infos.bson
2026-05-23T02:00:03.436+0700	finished restoring iot_backup.infos (22 documents, 0 failures)
2026-05-23T02:00:03.471+0700	restoring iot_backup.prvs from /tmp/mongo_clone/iot/prvs.bson
2026-05-23T02:00:03.487+0700	finished restoring iot_backup.prvs (3 documents, 0 failures)
2026-05-23T02:00:03.532+0700	restoring iot_backup.groups from /tmp/mongo_clone/iot/groups.bson
2026-05-23T02:00:03.549+0700	finished restoring iot_backup.groups (9 documents, 0 failures)
2026-05-23T02:00:03.593+0700	restoring iot_backup.users from /tmp/mongo_clone/iot/users.bson
2026-05-23T02:00:03.610+0700	finished restoring iot_backup.users (2 documents, 0 failures)
2026-05-23T02:00:03.638+0700	finished restoring iot_backup.alarms (37572 documents, 0 failures)
2026-05-23T02:00:03.649+0700	restoring iot_backup.prvtimes from /tmp/mongo_clone/iot/prvtimes.bson
2026-05-23T02:00:03.661+0700	finished restoring iot_backup.prvtimes (0 documents, 0 failures)
2026-05-23T02:00:04.551+0700	finished restoring iot_backup.prvdatas (140342 documents, 0 failures)
2026-05-23T02:00:06.219+0700	[########................]  iot_backup.sensors  46.9MB/126MB  (37.2%)
2026-05-23T02:00:09.218+0700	[##################......]  iot_backup.sensors  97.4MB/126MB  (77.3%)
2026-05-23T02:00:10.934+0700	[########################]  iot_backup.sensors  126MB/126MB  (100.0%)
2026-05-23T02:00:10.934+0700	finished restoring iot_backup.sensors (1095793 documents, 0 failures)
2026-05-23T02:00:10.934+0700	no indexes to restore for collection iot_backup.groups
2026-05-23T02:00:10.934+0700	restoring indexes for collection iot_backup.prvdatas from metadata
2026-05-23T02:00:10.934+0700	index: &idx.IndexDocument{Options:primitive.M{"background":true, "expireAfterSeconds":2592000, "name":"createAt_1", "v":2}, Key:primitive.D{primitive.E{Key:"createAt", Value:1}}, PartialFilterExpression:primitive.D(nil)}
2026-05-23T02:00:10.934+0700	restoring indexes for collection iot_backup.prvcontrols from metadata
2026-05-23T02:00:10.934+0700	index: &idx.IndexDocument{Options:primitive.M{"background":true, "expireAfterSeconds":86400, "name":"createAt_-1", "v":2}, Key:primitive.D{primitive.E{Key:"createAt", Value:-1}}, PartialFilterExpression:primitive.D(nil)}
2026-05-23T02:00:10.934+0700	no indexes to restore for collection iot_backup.prvtimes
2026-05-23T02:00:10.934+0700	restoring indexes for collection iot_backup.sensors from metadata
2026-05-23T02:00:10.934+0700	index: &idx.IndexDocument{Options:primitive.M{"background":true, "name":"user_1_createAt_1_index_1", "v":2}, Key:primitive.D{primitive.E{Key:"user", Value:1}, primitive.E{Key:"createAt", Value:1}, primitive.E{Key:"index", Value:1}}, PartialFilterExpression:primitive.D(nil)}
2026-05-23T02:00:10.934+0700	no indexes to restore for collection iot_backup.alarms
2026-05-23T02:00:10.935+0700	no indexes to restore for collection iot_backup.prvs
2026-05-23T02:00:10.935+0700	no indexes to restore for collection iot_backup.users
2026-05-23T02:00:10.935+0700	no indexes to restore for collection iot_backup.infos
2026-05-23T02:00:12.533+0700	1274464 document(s) restored successfully. 0 document(s) failed to restore.
Backup clone done at Sat May 23 02:00:12 +07 2026
{ ok: 1, dropped: 'iot_backup' }
2026-05-24T02:00:02.168+0700	writing iot.sensors to /tmp/mongo_clone/iot/sensors.bson
2026-05-24T02:00:02.168+0700	writing iot.prvdatas to /tmp/mongo_clone/iot/prvdatas.bson
2026-05-24T02:00:02.169+0700	writing iot.alarms to /tmp/mongo_clone/iot/alarms.bson
2026-05-24T02:00:02.169+0700	writing iot.prvcontrols to /tmp/mongo_clone/iot/prvcontrols.bson
2026-05-24T02:00:02.171+0700	done dumping iot.prvcontrols (593 documents)
2026-05-24T02:00:02.171+0700	writing iot.infos to /tmp/mongo_clone/iot/infos.bson
2026-05-24T02:00:02.171+0700	done dumping iot.infos (22 documents)
2026-05-24T02:00:02.171+0700	writing iot.groups to /tmp/mongo_clone/iot/groups.bson
2026-05-24T02:00:02.172+0700	done dumping iot.groups (9 documents)
2026-05-24T02:00:02.172+0700	writing iot.prvs to /tmp/mongo_clone/iot/prvs.bson
2026-05-24T02:00:02.172+0700	done dumping iot.prvs (3 documents)
2026-05-24T02:00:02.172+0700	writing iot.users to /tmp/mongo_clone/iot/users.bson
2026-05-24T02:00:02.172+0700	done dumping iot.users (2 documents)
2026-05-24T02:00:02.172+0700	writing iot.prvtimes to /tmp/mongo_clone/iot/prvtimes.bson
2026-05-24T02:00:02.172+0700	done dumping iot.prvtimes (0 documents)
2026-05-24T02:00:02.207+0700	done dumping iot.alarms (38005 documents)
2026-05-24T02:00:02.307+0700	done dumping iot.prvdatas (141166 documents)
2026-05-24T02:00:03.088+0700	done dumping iot.sensors (1123202 documents)
2026-05-24T02:00:03.100+0700	The --db and --collection flags are deprecated for this use-case; please use --nsInclude instead, i.e. with --nsInclude=${DATABASE}.${COLLECTION}
2026-05-24T02:00:03.100+0700	building a list of collections to restore from /tmp/mongo_clone/iot dir
2026-05-24T02:00:03.100+0700	don't know what to do with file "/tmp/mongo_clone/iot/prelude.json", skipping...
2026-05-24T02:00:03.100+0700	reading metadata for iot_backup.prvs from /tmp/mongo_clone/iot/prvs.metadata.json
2026-05-24T02:00:03.100+0700	reading metadata for iot_backup.sensors from /tmp/mongo_clone/iot/sensors.metadata.json
2026-05-24T02:00:03.100+0700	reading metadata for iot_backup.alarms from /tmp/mongo_clone/iot/alarms.metadata.json
2026-05-24T02:00:03.100+0700	reading metadata for iot_backup.prvcontrols from /tmp/mongo_clone/iot/prvcontrols.metadata.json
2026-05-24T02:00:03.100+0700	reading metadata for iot_backup.prvdatas from /tmp/mongo_clone/iot/prvdatas.metadata.json
2026-05-24T02:00:03.100+0700	reading metadata for iot_backup.prvtimes from /tmp/mongo_clone/iot/prvtimes.metadata.json
2026-05-24T02:00:03.100+0700	reading metadata for iot_backup.users from /tmp/mongo_clone/iot/users.metadata.json
2026-05-24T02:00:03.100+0700	reading metadata for iot_backup.groups from /tmp/mongo_clone/iot/groups.metadata.json
2026-05-24T02:00:03.100+0700	reading metadata for iot_backup.infos from /tmp/mongo_clone/iot/infos.metadata.json
2026-05-24T02:00:03.182+0700	restoring iot_backup.sensors from /tmp/mongo_clone/iot/sensors.bson
2026-05-24T02:00:03.193+0700	restoring iot_backup.prvdatas from /tmp/mongo_clone/iot/prvdatas.bson
2026-05-24T02:00:03.205+0700	restoring iot_backup.alarms from /tmp/mongo_clone/iot/alarms.bson
2026-05-24T02:00:03.222+0700	restoring iot_backup.prvcontrols from /tmp/mongo_clone/iot/prvcontrols.bson
2026-05-24T02:00:03.233+0700	finished restoring iot_backup.prvcontrols (593 documents, 0 failures)
2026-05-24T02:00:03.275+0700	restoring iot_backup.infos from /tmp/mongo_clone/iot/infos.bson
2026-05-24T02:00:03.292+0700	finished restoring iot_backup.infos (22 documents, 0 failures)
2026-05-24T02:00:03.336+0700	restoring iot_backup.prvs from /tmp/mongo_clone/iot/prvs.bson
2026-05-24T02:00:03.353+0700	finished restoring iot_backup.prvs (3 documents, 0 failures)
2026-05-24T02:00:03.384+0700	restoring iot_backup.groups from /tmp/mongo_clone/iot/groups.bson
2026-05-24T02:00:03.397+0700	finished restoring iot_backup.groups (9 documents, 0 failures)
2026-05-24T02:00:03.442+0700	restoring iot_backup.users from /tmp/mongo_clone/iot/users.bson
2026-05-24T02:00:03.454+0700	finished restoring iot_backup.users (2 documents, 0 failures)
2026-05-24T02:00:03.482+0700	finished restoring iot_backup.alarms (38005 documents, 0 failures)
2026-05-24T02:00:03.505+0700	restoring iot_backup.prvtimes from /tmp/mongo_clone/iot/prvtimes.bson
2026-05-24T02:00:03.517+0700	finished restoring iot_backup.prvtimes (0 documents, 0 failures)
2026-05-24T02:00:04.350+0700	finished restoring iot_backup.prvdatas (141166 documents, 0 failures)
2026-05-24T02:00:06.100+0700	[########................]  iot_backup.sensors  47.7MB/129MB  (37.0%)
2026-05-24T02:00:09.100+0700	[##################......]  iot_backup.sensors  98.2MB/129MB  (76.1%)
2026-05-24T02:00:10.926+0700	[########################]  iot_backup.sensors  129MB/129MB  (100.0%)
2026-05-24T02:00:10.926+0700	finished restoring iot_backup.sensors (1123202 documents, 0 failures)
2026-05-24T02:00:10.926+0700	no indexes to restore for collection iot_backup.prvs
2026-05-24T02:00:10.926+0700	restoring indexes for collection iot_backup.prvcontrols from metadata
2026-05-24T02:00:10.926+0700	index: &idx.IndexDocument{Options:primitive.M{"background":true, "expireAfterSeconds":86400, "name":"createAt_-1", "v":2}, Key:primitive.D{primitive.E{Key:"createAt", Value:-1}}, PartialFilterExpression:primitive.D(nil)}
2026-05-24T02:00:10.926+0700	no indexes to restore for collection iot_backup.users
2026-05-24T02:00:10.926+0700	no indexes to restore for collection iot_backup.groups
2026-05-24T02:00:10.926+0700	restoring indexes for collection iot_backup.sensors from metadata
2026-05-24T02:00:10.926+0700	index: &idx.IndexDocument{Options:primitive.M{"background":true, "name":"user_1_createAt_1_index_1", "v":2}, Key:primitive.D{primitive.E{Key:"user", Value:1}, primitive.E{Key:"createAt", Value:1}, primitive.E{Key:"index", Value:1}}, PartialFilterExpression:primitive.D(nil)}
2026-05-24T02:00:10.926+0700	no indexes to restore for collection iot_backup.alarms
2026-05-24T02:00:10.926+0700	restoring indexes for collection iot_backup.prvdatas from metadata
2026-05-24T02:00:10.926+0700	index: &idx.IndexDocument{Options:primitive.M{"background":true, "expireAfterSeconds":2592000, "name":"createAt_1", "v":2}, Key:primitive.D{primitive.E{Key:"createAt", Value:1}}, PartialFilterExpression:primitive.D(nil)}
2026-05-24T02:00:10.926+0700	no indexes to restore for collection iot_backup.prvtimes
2026-05-24T02:00:10.926+0700	no indexes to restore for collection iot_backup.infos
2026-05-24T02:00:12.562+0700	1303002 document(s) restored successfully. 0 document(s) failed to restore.
Backup clone done at Sun May 24 02:00:12 +07 2026
{ ok: 1, dropped: 'iot_backup' }
2026-05-25T02:00:02.193+0700	writing iot.sensors to /tmp/mongo_clone/iot/sensors.bson
2026-05-25T02:00:02.193+0700	writing iot.prvdatas to /tmp/mongo_clone/iot/prvdatas.bson
2026-05-25T02:00:02.193+0700	writing iot.alarms to /tmp/mongo_clone/iot/alarms.bson
2026-05-25T02:00:02.193+0700	writing iot.prvcontrols to /tmp/mongo_clone/iot/prvcontrols.bson
2026-05-25T02:00:02.195+0700	done dumping iot.prvcontrols (472 documents)
2026-05-25T02:00:02.195+0700	writing iot.infos to /tmp/mongo_clone/iot/infos.bson
2026-05-25T02:00:02.197+0700	done dumping iot.infos (22 documents)
2026-05-25T02:00:02.197+0700	writing iot.groups to /tmp/mongo_clone/iot/groups.bson
2026-05-25T02:00:02.197+0700	done dumping iot.groups (9 documents)
2026-05-25T02:00:02.197+0700	writing iot.prvs to /tmp/mongo_clone/iot/prvs.bson
2026-05-25T02:00:02.197+0700	done dumping iot.prvs (3 documents)
2026-05-25T02:00:02.197+0700	writing iot.users to /tmp/mongo_clone/iot/users.bson
2026-05-25T02:00:02.197+0700	done dumping iot.users (2 documents)
2026-05-25T02:00:02.197+0700	writing iot.prvtimes to /tmp/mongo_clone/iot/prvtimes.bson
2026-05-25T02:00:02.198+0700	done dumping iot.prvtimes (0 documents)
2026-05-25T02:00:02.233+0700	done dumping iot.alarms (38497 documents)
2026-05-25T02:00:02.327+0700	done dumping iot.prvdatas (141957 documents)
2026-05-25T02:00:03.172+0700	done dumping iot.sensors (1150684 documents)
2026-05-25T02:00:03.183+0700	The --db and --collection flags are deprecated for this use-case; please use --nsInclude instead, i.e. with --nsInclude=${DATABASE}.${COLLECTION}
2026-05-25T02:00:03.184+0700	building a list of collections to restore from /tmp/mongo_clone/iot dir
2026-05-25T02:00:03.184+0700	don't know what to do with file "/tmp/mongo_clone/iot/prelude.json", skipping...
2026-05-25T02:00:03.184+0700	reading metadata for iot_backup.infos from /tmp/mongo_clone/iot/infos.metadata.json
2026-05-25T02:00:03.184+0700	reading metadata for iot_backup.prvdatas from /tmp/mongo_clone/iot/prvdatas.metadata.json
2026-05-25T02:00:03.184+0700	reading metadata for iot_backup.sensors from /tmp/mongo_clone/iot/sensors.metadata.json
2026-05-25T02:00:03.184+0700	reading metadata for iot_backup.groups from /tmp/mongo_clone/iot/groups.metadata.json
2026-05-25T02:00:03.184+0700	reading metadata for iot_backup.prvcontrols from /tmp/mongo_clone/iot/prvcontrols.metadata.json
2026-05-25T02:00:03.184+0700	reading metadata for iot_backup.prvs from /tmp/mongo_clone/iot/prvs.metadata.json
2026-05-25T02:00:03.184+0700	reading metadata for iot_backup.prvtimes from /tmp/mongo_clone/iot/prvtimes.metadata.json
2026-05-25T02:00:03.184+0700	reading metadata for iot_backup.users from /tmp/mongo_clone/iot/users.metadata.json
2026-05-25T02:00:03.184+0700	reading metadata for iot_backup.alarms from /tmp/mongo_clone/iot/alarms.metadata.json
2026-05-25T02:00:03.254+0700	restoring iot_backup.sensors from /tmp/mongo_clone/iot/sensors.bson
2026-05-25T02:00:03.267+0700	restoring iot_backup.prvdatas from /tmp/mongo_clone/iot/prvdatas.bson
2026-05-25T02:00:03.295+0700	restoring iot_backup.alarms from /tmp/mongo_clone/iot/alarms.bson
2026-05-25T02:00:03.317+0700	restoring iot_backup.prvcontrols from /tmp/mongo_clone/iot/prvcontrols.bson
2026-05-25T02:00:03.327+0700	finished restoring iot_backup.prvcontrols (472 documents, 0 failures)
2026-05-25T02:00:03.381+0700	restoring iot_backup.infos from /tmp/mongo_clone/iot/infos.bson
2026-05-25T02:00:03.391+0700	finished restoring iot_backup.infos (22 documents, 0 failures)
2026-05-25T02:00:03.434+0700	restoring iot_backup.prvs from /tmp/mongo_clone/iot/prvs.bson
2026-05-25T02:00:03.451+0700	finished restoring iot_backup.prvs (3 documents, 0 failures)
2026-05-25T02:00:03.558+0700	restoring iot_backup.groups from /tmp/mongo_clone/iot/groups.bson
2026-05-25T02:00:03.561+0700	finished restoring iot_backup.alarms (38497 documents, 0 failures)
2026-05-25T02:00:03.570+0700	finished restoring iot_backup.groups (9 documents, 0 failures)
2026-05-25T02:00:03.638+0700	restoring iot_backup.users from /tmp/mongo_clone/iot/users.bson
2026-05-25T02:00:03.651+0700	finished restoring iot_backup.users (2 documents, 0 failures)
2026-05-25T02:00:03.651+0700	restoring iot_backup.prvtimes from /tmp/mongo_clone/iot/prvtimes.bson
2026-05-25T02:00:03.669+0700	finished restoring iot_backup.prvtimes (0 documents, 0 failures)
2026-05-25T02:00:04.445+0700	finished restoring iot_backup.prvdatas (141957 documents, 0 failures)
2026-05-25T02:00:06.183+0700	[########................]  iot_backup.sensors  48.4MB/132MB  (36.6%)
2026-05-25T02:00:09.184+0700	[##################......]  iot_backup.sensors  99.2MB/132MB  (75.0%)
2026-05-25T02:00:11.116+0700	[########################]  iot_backup.sensors  132MB/132MB  (100.0%)
2026-05-25T02:00:11.116+0700	finished restoring iot_backup.sensors (1150684 documents, 0 failures)
2026-05-25T02:00:11.116+0700	restoring indexes for collection iot_backup.prvdatas from metadata
2026-05-25T02:00:11.116+0700	index: &idx.IndexDocument{Options:primitive.M{"background":true, "expireAfterSeconds":2592000, "name":"createAt_1", "v":2}, Key:primitive.D{primitive.E{Key:"createAt", Value:1}}, PartialFilterExpression:primitive.D(nil)}
2026-05-25T02:00:11.116+0700	restoring indexes for collection iot_backup.sensors from metadata
2026-05-25T02:00:11.116+0700	index: &idx.IndexDocument{Options:primitive.M{"background":true, "name":"user_1_createAt_1_index_1", "v":2}, Key:primitive.D{primitive.E{Key:"user", Value:1}, primitive.E{Key:"createAt", Value:1}, primitive.E{Key:"index", Value:1}}, PartialFilterExpression:primitive.D(nil)}
2026-05-25T02:00:11.116+0700	no indexes to restore for collection iot_backup.groups
2026-05-25T02:00:11.116+0700	restoring indexes for collection iot_backup.prvcontrols from metadata
2026-05-25T02:00:11.117+0700	index: &idx.IndexDocument{Options:primitive.M{"background":true, "expireAfterSeconds":86400, "name":"createAt_-1", "v":2}, Key:primitive.D{primitive.E{Key:"createAt", Value:-1}}, PartialFilterExpression:primitive.D(nil)}
2026-05-25T02:00:11.117+0700	no indexes to restore for collection iot_backup.prvtimes
2026-05-25T02:00:11.117+0700	no indexes to restore for collection iot_backup.users
2026-05-25T02:00:11.117+0700	no indexes to restore for collection iot_backup.infos
2026-05-25T02:00:11.117+0700	no indexes to restore for collection iot_backup.prvs
2026-05-25T02:00:11.117+0700	no indexes to restore for collection iot_backup.alarms
2026-05-25T02:00:12.769+0700	1331646 document(s) restored successfully. 0 document(s) failed to restore.
Backup clone done at Mon May 25 02:00:12 +07 2026
{ ok: 1, dropped: 'iot_backup' }
2026-05-26T02:00:01.411+0700	writing iot.sensors to /tmp/mongo_clone/iot/sensors.bson
2026-05-26T02:00:01.411+0700	writing iot.prvdatas to /tmp/mongo_clone/iot/prvdatas.bson
2026-05-26T02:00:01.411+0700	writing iot.alarms to /tmp/mongo_clone/iot/alarms.bson
2026-05-26T02:00:01.411+0700	writing iot.prvcontrols to /tmp/mongo_clone/iot/prvcontrols.bson
2026-05-26T02:00:01.413+0700	done dumping iot.prvcontrols (675 documents)
2026-05-26T02:00:01.413+0700	writing iot.infos to /tmp/mongo_clone/iot/infos.bson
2026-05-26T02:00:01.414+0700	done dumping iot.infos (22 documents)
2026-05-26T02:00:01.414+0700	writing iot.groups to /tmp/mongo_clone/iot/groups.bson
2026-05-26T02:00:01.414+0700	done dumping iot.groups (9 documents)
2026-05-26T02:00:01.414+0700	writing iot.prvs to /tmp/mongo_clone/iot/prvs.bson
2026-05-26T02:00:01.415+0700	done dumping iot.prvs (3 documents)
2026-05-26T02:00:01.415+0700	writing iot.users to /tmp/mongo_clone/iot/users.bson
2026-05-26T02:00:01.415+0700	done dumping iot.users (2 documents)
2026-05-26T02:00:01.415+0700	writing iot.prvtimes to /tmp/mongo_clone/iot/prvtimes.bson
2026-05-26T02:00:01.415+0700	done dumping iot.prvtimes (0 documents)
2026-05-26T02:00:01.451+0700	done dumping iot.alarms (39126 documents)
2026-05-26T02:00:01.551+0700	done dumping iot.prvdatas (142214 documents)
2026-05-26T02:00:02.435+0700	done dumping iot.sensors (1178267 documents)
2026-05-26T02:00:02.446+0700	The --db and --collection flags are deprecated for this use-case; please use --nsInclude instead, i.e. with --nsInclude=${DATABASE}.${COLLECTION}
2026-05-26T02:00:02.446+0700	building a list of collections to restore from /tmp/mongo_clone/iot dir
2026-05-26T02:00:02.446+0700	don't know what to do with file "/tmp/mongo_clone/iot/prelude.json", skipping...
2026-05-26T02:00:02.446+0700	reading metadata for iot_backup.users from /tmp/mongo_clone/iot/users.metadata.json
2026-05-26T02:00:02.446+0700	reading metadata for iot_backup.groups from /tmp/mongo_clone/iot/groups.metadata.json
2026-05-26T02:00:02.446+0700	reading metadata for iot_backup.infos from /tmp/mongo_clone/iot/infos.metadata.json
2026-05-26T02:00:02.446+0700	reading metadata for iot_backup.prvtimes from /tmp/mongo_clone/iot/prvtimes.metadata.json
2026-05-26T02:00:02.446+0700	reading metadata for iot_backup.prvs from /tmp/mongo_clone/iot/prvs.metadata.json
2026-05-26T02:00:02.446+0700	reading metadata for iot_backup.sensors from /tmp/mongo_clone/iot/sensors.metadata.json
2026-05-26T02:00:02.446+0700	reading metadata for iot_backup.alarms from /tmp/mongo_clone/iot/alarms.metadata.json
2026-05-26T02:00:02.446+0700	reading metadata for iot_backup.prvcontrols from /tmp/mongo_clone/iot/prvcontrols.metadata.json
2026-05-26T02:00:02.446+0700	reading metadata for iot_backup.prvdatas from /tmp/mongo_clone/iot/prvdatas.metadata.json
2026-05-26T02:00:02.503+0700	restoring iot_backup.sensors from /tmp/mongo_clone/iot/sensors.bson
2026-05-26T02:00:02.513+0700	restoring iot_backup.prvdatas from /tmp/mongo_clone/iot/prvdatas.bson
2026-05-26T02:00:02.538+0700	restoring iot_backup.alarms from /tmp/mongo_clone/iot/alarms.bson
2026-05-26T02:00:02.549+0700	restoring iot_backup.prvcontrols from /tmp/mongo_clone/iot/prvcontrols.bson
2026-05-26T02:00:02.560+0700	finished restoring iot_backup.prvcontrols (675 documents, 0 failures)
2026-05-26T02:00:02.603+0700	restoring iot_backup.infos from /tmp/mongo_clone/iot/infos.bson
2026-05-26T02:00:02.620+0700	finished restoring iot_backup.infos (22 documents, 0 failures)
2026-05-26T02:00:02.650+0700	restoring iot_backup.prvs from /tmp/mongo_clone/iot/prvs.bson
2026-05-26T02:00:02.662+0700	finished restoring iot_backup.prvs (3 documents, 0 failures)
2026-05-26T02:00:02.694+0700	restoring iot_backup.groups from /tmp/mongo_clone/iot/groups.bson
2026-05-26T02:00:02.704+0700	finished restoring iot_backup.groups (9 documents, 0 failures)
2026-05-26T02:00:02.743+0700	restoring iot_backup.users from /tmp/mongo_clone/iot/users.bson
2026-05-26T02:00:02.753+0700	finished restoring iot_backup.users (2 documents, 0 failures)
2026-05-26T02:00:02.791+0700	restoring iot_backup.prvtimes from /tmp/mongo_clone/iot/prvtimes.bson
2026-05-26T02:00:02.809+0700	finished restoring iot_backup.prvtimes (0 documents, 0 failures)
2026-05-26T02:00:02.818+0700	finished restoring iot_backup.alarms (39126 documents, 0 failures)
2026-05-26T02:00:03.769+0700	finished restoring iot_backup.prvdatas (142214 documents, 0 failures)
2026-05-26T02:00:05.446+0700	[########................]  iot_backup.sensors  46.3MB/135MB  (34.2%)
2026-05-26T02:00:08.446+0700	[#################.......]  iot_backup.sensors  98.0MB/135MB  (72.4%)
2026-05-26T02:00:10.704+0700	[########################]  iot_backup.sensors  135MB/135MB  (100.0%)
2026-05-26T02:00:10.704+0700	finished restoring iot_backup.sensors (1178267 documents, 0 failures)
2026-05-26T02:00:10.704+0700	no indexes to restore for collection iot_backup.users
2026-05-26T02:00:10.704+0700	no indexes to restore for collection iot_backup.groups
2026-05-26T02:00:10.704+0700	no indexes to restore for collection iot_backup.infos
2026-05-26T02:00:10.704+0700	no indexes to restore for collection iot_backup.prvtimes
2026-05-26T02:00:10.704+0700	restoring indexes for collection iot_backup.sensors from metadata
2026-05-26T02:00:10.704+0700	index: &idx.IndexDocument{Options:primitive.M{"background":true, "name":"user_1_createAt_1_index_1", "v":2}, Key:primitive.D{primitive.E{Key:"user", Value:1}, primitive.E{Key:"createAt", Value:1}, primitive.E{Key:"index", Value:1}}, PartialFilterExpression:primitive.D(nil)}
2026-05-26T02:00:10.704+0700	restoring indexes for collection iot_backup.prvcontrols from metadata
2026-05-26T02:00:10.704+0700	index: &idx.IndexDocument{Options:primitive.M{"background":true, "expireAfterSeconds":86400, "name":"createAt_-1", "v":2}, Key:primitive.D{primitive.E{Key:"createAt", Value:-1}}, PartialFilterExpression:primitive.D(nil)}
2026-05-26T02:00:10.704+0700	no indexes to restore for collection iot_backup.prvs
2026-05-26T02:00:10.704+0700	no indexes to restore for collection iot_backup.alarms
2026-05-26T02:00:10.704+0700	restoring indexes for collection iot_backup.prvdatas from metadata
2026-05-26T02:00:10.704+0700	index: &idx.IndexDocument{Options:primitive.M{"background":true, "expireAfterSeconds":2592000, "name":"createAt_1", "v":2}, Key:primitive.D{primitive.E{Key:"createAt", Value:1}}, PartialFilterExpression:primitive.D(nil)}
2026-05-26T02:00:12.475+0700	1360318 document(s) restored successfully. 0 document(s) failed to restore.
Backup clone done at Tue May 26 02:00:12 +07 2026
{ ok: 1, dropped: 'iot_backup' }
2026-05-27T02:00:02.106+0700	writing iot.sensors to /tmp/mongo_clone/iot/sensors.bson
2026-05-27T02:00:02.106+0700	writing iot.prvdatas to /tmp/mongo_clone/iot/prvdatas.bson
2026-05-27T02:00:02.106+0700	writing iot.alarms to /tmp/mongo_clone/iot/alarms.bson
2026-05-27T02:00:02.106+0700	writing iot.prvcontrols to /tmp/mongo_clone/iot/prvcontrols.bson
2026-05-27T02:00:02.111+0700	done dumping iot.prvcontrols (644 documents)
2026-05-27T02:00:02.111+0700	writing iot.infos to /tmp/mongo_clone/iot/infos.bson
2026-05-27T02:00:02.112+0700	done dumping iot.infos (22 documents)
2026-05-27T02:00:02.112+0700	writing iot.groups to /tmp/mongo_clone/iot/groups.bson
2026-05-27T02:00:02.113+0700	done dumping iot.groups (9 documents)
2026-05-27T02:00:02.113+0700	writing iot.prvs to /tmp/mongo_clone/iot/prvs.bson
2026-05-27T02:00:02.113+0700	done dumping iot.prvs (3 documents)
2026-05-27T02:00:02.113+0700	writing iot.users to /tmp/mongo_clone/iot/users.bson
2026-05-27T02:00:02.113+0700	done dumping iot.users (2 documents)
2026-05-27T02:00:02.113+0700	writing iot.prvtimes to /tmp/mongo_clone/iot/prvtimes.bson
2026-05-27T02:00:02.113+0700	done dumping iot.prvtimes (0 documents)
2026-05-27T02:00:02.154+0700	done dumping iot.alarms (39788 documents)
2026-05-27T02:00:02.261+0700	done dumping iot.prvdatas (142511 documents)
2026-05-27T02:00:03.156+0700	done dumping iot.sensors (1205675 documents)
2026-05-27T02:00:03.169+0700	The --db and --collection flags are deprecated for this use-case; please use --nsInclude instead, i.e. with --nsInclude=${DATABASE}.${COLLECTION}
2026-05-27T02:00:03.170+0700	building a list of collections to restore from /tmp/mongo_clone/iot dir
2026-05-27T02:00:03.170+0700	don't know what to do with file "/tmp/mongo_clone/iot/prelude.json", skipping...
2026-05-27T02:00:03.170+0700	reading metadata for iot_backup.prvdatas from /tmp/mongo_clone/iot/prvdatas.metadata.json
2026-05-27T02:00:03.170+0700	reading metadata for iot_backup.prvs from /tmp/mongo_clone/iot/prvs.metadata.json
2026-05-27T02:00:03.170+0700	reading metadata for iot_backup.sensors from /tmp/mongo_clone/iot/sensors.metadata.json
2026-05-27T02:00:03.170+0700	reading metadata for iot_backup.users from /tmp/mongo_clone/iot/users.metadata.json
2026-05-27T02:00:03.170+0700	reading metadata for iot_backup.alarms from /tmp/mongo_clone/iot/alarms.metadata.json
2026-05-27T02:00:03.170+0700	reading metadata for iot_backup.infos from /tmp/mongo_clone/iot/infos.metadata.json
2026-05-27T02:00:03.170+0700	reading metadata for iot_backup.prvtimes from /tmp/mongo_clone/iot/prvtimes.metadata.json
2026-05-27T02:00:03.170+0700	reading metadata for iot_backup.groups from /tmp/mongo_clone/iot/groups.metadata.json
2026-05-27T02:00:03.170+0700	reading metadata for iot_backup.prvcontrols from /tmp/mongo_clone/iot/prvcontrols.metadata.json
2026-05-27T02:00:03.255+0700	restoring iot_backup.sensors from /tmp/mongo_clone/iot/sensors.bson
2026-05-27T02:00:03.269+0700	restoring iot_backup.alarms from /tmp/mongo_clone/iot/alarms.bson
2026-05-27T02:00:03.310+0700	restoring iot_backup.prvdatas from /tmp/mongo_clone/iot/prvdatas.bson
2026-05-27T02:00:03.328+0700	restoring iot_backup.prvcontrols from /tmp/mongo_clone/iot/prvcontrols.bson
2026-05-27T02:00:03.338+0700	finished restoring iot_backup.prvcontrols (644 documents, 0 failures)
2026-05-27T02:00:03.408+0700	restoring iot_backup.infos from /tmp/mongo_clone/iot/infos.bson
2026-05-27T02:00:03.418+0700	finished restoring iot_backup.infos (22 documents, 0 failures)
2026-05-27T02:00:03.468+0700	restoring iot_backup.prvs from /tmp/mongo_clone/iot/prvs.bson
2026-05-27T02:00:03.478+0700	finished restoring iot_backup.prvs (3 documents, 0 failures)
2026-05-27T02:00:03.531+0700	restoring iot_backup.groups from /tmp/mongo_clone/iot/groups.bson
2026-05-27T02:00:03.545+0700	finished restoring iot_backup.alarms (39788 documents, 0 failures)
2026-05-27T02:00:03.547+0700	finished restoring iot_backup.groups (9 documents, 0 failures)
2026-05-27T02:00:03.611+0700	restoring iot_backup.users from /tmp/mongo_clone/iot/users.bson
2026-05-27T02:00:03.624+0700	finished restoring iot_backup.users (2 documents, 0 failures)
2026-05-27T02:00:03.633+0700	restoring iot_backup.prvtimes from /tmp/mongo_clone/iot/prvtimes.bson
2026-05-27T02:00:03.651+0700	finished restoring iot_backup.prvtimes (0 documents, 0 failures)
2026-05-27T02:00:04.497+0700	finished restoring iot_backup.prvdatas (142511 documents, 0 failures)
2026-05-27T02:00:06.169+0700	[########................]  iot_backup.sensors  46.3MB/139MB  (33.4%)
2026-05-27T02:00:09.169+0700	[################........]  iot_backup.sensors  96.8MB/139MB  (69.8%)
2026-05-27T02:00:11.656+0700	[########################]  iot_backup.sensors  139MB/139MB  (100.0%)
2026-05-27T02:00:11.656+0700	finished restoring iot_backup.sensors (1205675 documents, 0 failures)
2026-05-27T02:00:11.656+0700	restoring indexes for collection iot_backup.prvdatas from metadata
2026-05-27T02:00:11.656+0700	index: &idx.IndexDocument{Options:primitive.M{"background":true, "expireAfterSeconds":2592000, "name":"createAt_1", "v":2}, Key:primitive.D{primitive.E{Key:"createAt", Value:1}}, PartialFilterExpression:primitive.D(nil)}
2026-05-27T02:00:11.656+0700	restoring indexes for collection iot_backup.sensors from metadata
2026-05-27T02:00:11.657+0700	index: &idx.IndexDocument{Options:primitive.M{"background":true, "name":"user_1_createAt_1_index_1", "v":2}, Key:primitive.D{primitive.E{Key:"user", Value:1}, primitive.E{Key:"createAt", Value:1}, primitive.E{Key:"index", Value:1}}, PartialFilterExpression:primitive.D(nil)}
2026-05-27T02:00:11.657+0700	no indexes to restore for collection iot_backup.prvtimes
2026-05-27T02:00:11.657+0700	no indexes to restore for collection iot_backup.groups
2026-05-27T02:00:11.657+0700	no indexes to restore for collection iot_backup.prvs
2026-05-27T02:00:11.657+0700	no indexes to restore for collection iot_backup.users
2026-05-27T02:00:11.657+0700	no indexes to restore for collection iot_backup.infos
2026-05-27T02:00:11.657+0700	restoring indexes for collection iot_backup.prvcontrols from metadata
2026-05-27T02:00:11.657+0700	index: &idx.IndexDocument{Options:primitive.M{"background":true, "expireAfterSeconds":86400, "name":"createAt_-1", "v":2}, Key:primitive.D{primitive.E{Key:"createAt", Value:-1}}, PartialFilterExpression:primitive.D(nil)}
2026-05-27T02:00:11.657+0700	no indexes to restore for collection iot_backup.alarms
2026-05-27T02:00:13.418+0700	1388654 document(s) restored successfully. 0 document(s) failed to restore.
Backup clone done at Wed May 27 02:00:13 +07 2026
{ ok: 1, dropped: 'iot_backup' }
2026-05-28T02:00:02.056+0700	writing iot.sensors to /tmp/mongo_clone/iot/sensors.bson
2026-05-28T02:00:02.056+0700	writing iot.prvdatas to /tmp/mongo_clone/iot/prvdatas.bson
2026-05-28T02:00:02.056+0700	writing iot.alarms to /tmp/mongo_clone/iot/alarms.bson
2026-05-28T02:00:02.056+0700	writing iot.prvcontrols to /tmp/mongo_clone/iot/prvcontrols.bson
2026-05-28T02:00:02.059+0700	done dumping iot.prvcontrols (680 documents)
2026-05-28T02:00:02.059+0700	writing iot.infos to /tmp/mongo_clone/iot/infos.bson
2026-05-28T02:00:02.059+0700	done dumping iot.infos (22 documents)
2026-05-28T02:00:02.059+0700	writing iot.groups to /tmp/mongo_clone/iot/groups.bson
2026-05-28T02:00:02.060+0700	done dumping iot.groups (9 documents)
2026-05-28T02:00:02.060+0700	writing iot.prvs to /tmp/mongo_clone/iot/prvs.bson
2026-05-28T02:00:02.061+0700	done dumping iot.prvs (3 documents)
2026-05-28T02:00:02.061+0700	writing iot.users to /tmp/mongo_clone/iot/users.bson
2026-05-28T02:00:02.061+0700	done dumping iot.users (2 documents)
2026-05-28T02:00:02.061+0700	writing iot.prvtimes to /tmp/mongo_clone/iot/prvtimes.bson
2026-05-28T02:00:02.062+0700	done dumping iot.prvtimes (0 documents)
2026-05-28T02:00:02.098+0700	done dumping iot.alarms (40232 documents)
2026-05-28T02:00:02.205+0700	done dumping iot.prvdatas (142725 documents)
2026-05-28T02:00:03.105+0700	done dumping iot.sensors (1233726 documents)
2026-05-28T02:00:03.118+0700	The --db and --collection flags are deprecated for this use-case; please use --nsInclude instead, i.e. with --nsInclude=${DATABASE}.${COLLECTION}
2026-05-28T02:00:03.118+0700	building a list of collections to restore from /tmp/mongo_clone/iot dir
2026-05-28T02:00:03.118+0700	don't know what to do with file "/tmp/mongo_clone/iot/prelude.json", skipping...
2026-05-28T02:00:03.118+0700	reading metadata for iot_backup.alarms from /tmp/mongo_clone/iot/alarms.metadata.json
2026-05-28T02:00:03.118+0700	reading metadata for iot_backup.infos from /tmp/mongo_clone/iot/infos.metadata.json
2026-05-28T02:00:03.119+0700	reading metadata for iot_backup.prvcontrols from /tmp/mongo_clone/iot/prvcontrols.metadata.json
2026-05-28T02:00:03.119+0700	reading metadata for iot_backup.prvdatas from /tmp/mongo_clone/iot/prvdatas.metadata.json
2026-05-28T02:00:03.119+0700	reading metadata for iot_backup.prvs from /tmp/mongo_clone/iot/prvs.metadata.json
2026-05-28T02:00:03.119+0700	reading metadata for iot_backup.groups from /tmp/mongo_clone/iot/groups.metadata.json
2026-05-28T02:00:03.119+0700	reading metadata for iot_backup.prvtimes from /tmp/mongo_clone/iot/prvtimes.metadata.json
2026-05-28T02:00:03.119+0700	reading metadata for iot_backup.sensors from /tmp/mongo_clone/iot/sensors.metadata.json
2026-05-28T02:00:03.119+0700	reading metadata for iot_backup.users from /tmp/mongo_clone/iot/users.metadata.json
2026-05-28T02:00:03.176+0700	restoring iot_backup.sensors from /tmp/mongo_clone/iot/sensors.bson
2026-05-28T02:00:03.189+0700	restoring iot_backup.prvdatas from /tmp/mongo_clone/iot/prvdatas.bson
2026-05-28T02:00:03.199+0700	restoring iot_backup.alarms from /tmp/mongo_clone/iot/alarms.bson
2026-05-28T02:00:03.210+0700	restoring iot_backup.prvcontrols from /tmp/mongo_clone/iot/prvcontrols.bson
2026-05-28T02:00:03.222+0700	finished restoring iot_backup.prvcontrols (680 documents, 0 failures)
2026-05-28T02:00:03.270+0700	restoring iot_backup.infos from /tmp/mongo_clone/iot/infos.bson
2026-05-28T02:00:03.280+0700	finished restoring iot_backup.infos (22 documents, 0 failures)
2026-05-28T02:00:03.346+0700	restoring iot_backup.prvs from /tmp/mongo_clone/iot/prvs.bson
2026-05-28T02:00:03.356+0700	finished restoring iot_backup.prvs (3 documents, 0 failures)
2026-05-28T02:00:03.409+0700	restoring iot_backup.groups from /tmp/mongo_clone/iot/groups.bson
2026-05-28T02:00:03.427+0700	finished restoring iot_backup.groups (9 documents, 0 failures)
2026-05-28T02:00:03.478+0700	finished restoring iot_backup.alarms (40232 documents, 0 failures)
2026-05-28T02:00:03.524+0700	restoring iot_backup.users from /tmp/mongo_clone/iot/users.bson
2026-05-28T02:00:03.541+0700	finished restoring iot_backup.users (2 documents, 0 failures)
2026-05-28T02:00:03.567+0700	restoring iot_backup.prvtimes from /tmp/mongo_clone/iot/prvtimes.bson
2026-05-28T02:00:03.585+0700	finished restoring iot_backup.prvtimes (0 documents, 0 failures)
2026-05-28T02:00:04.363+0700	finished restoring iot_backup.prvdatas (142725 documents, 0 failures)
2026-05-28T02:00:06.118+0700	[#######.................]  iot_backup.sensors  46.4MB/142MB  (32.8%)
2026-05-28T02:00:09.117+0700	[################........]  iot_backup.sensors  95.7MB/142MB  (67.5%)
2026-05-28T02:00:11.987+0700	[########################]  iot_backup.sensors  142MB/142MB  (100.0%)
2026-05-28T02:00:11.987+0700	finished restoring iot_backup.sensors (1233726 documents, 0 failures)
2026-05-28T02:00:11.987+0700	no indexes to restore for collection iot_backup.alarms
2026-05-28T02:00:11.987+0700	restoring indexes for collection iot_backup.prvdatas from metadata
2026-05-28T02:00:11.987+0700	index: &idx.IndexDocument{Options:primitive.M{"background":true, "expireAfterSeconds":2592000, "name":"createAt_1", "v":2}, Key:primitive.D{primitive.E{Key:"createAt", Value:1}}, PartialFilterExpression:primitive.D(nil)}
2026-05-28T02:00:11.987+0700	no indexes to restore for collection iot_backup.prvs
2026-05-28T02:00:11.987+0700	no indexes to restore for collection iot_backup.groups
2026-05-28T02:00:11.987+0700	no indexes to restore for collection iot_backup.users
2026-05-28T02:00:11.987+0700	no indexes to restore for collection iot_backup.infos
2026-05-28T02:00:11.987+0700	restoring indexes for collection iot_backup.prvcontrols from metadata
2026-05-28T02:00:11.987+0700	index: &idx.IndexDocument{Options:primitive.M{"background":true, "expireAfterSeconds":86400, "name":"createAt_-1", "v":2}, Key:primitive.D{primitive.E{Key:"createAt", Value:-1}}, PartialFilterExpression:primitive.D(nil)}
2026-05-28T02:00:11.987+0700	no indexes to restore for collection iot_backup.prvtimes
2026-05-28T02:00:11.987+0700	restoring indexes for collection iot_backup.sensors from metadata
2026-05-28T02:00:11.987+0700	index: &idx.IndexDocument{Options:primitive.M{"background":true, "name":"user_1_createAt_1_index_1", "v":2}, Key:primitive.D{primitive.E{Key:"user", Value:1}, primitive.E{Key:"createAt", Value:1}, primitive.E{Key:"index", Value:1}}, PartialFilterExpression:primitive.D(nil)}
2026-05-28T02:00:13.799+0700	1417399 document(s) restored successfully. 0 document(s) failed to restore.
Backup clone done at Thu May 28 02:00:13 +07 2026
{ ok: 1, dropped: 'iot_backup' }
2026-05-29T02:00:01.455+0700	writing iot.sensors to /tmp/mongo_clone/iot/sensors.bson
2026-05-29T02:00:01.455+0700	writing iot.prvdatas to /tmp/mongo_clone/iot/prvdatas.bson
2026-05-29T02:00:01.455+0700	writing iot.alarms to /tmp/mongo_clone/iot/alarms.bson
2026-05-29T02:00:01.455+0700	writing iot.prvcontrols to /tmp/mongo_clone/iot/prvcontrols.bson
2026-05-29T02:00:01.458+0700	done dumping iot.prvcontrols (583 documents)
2026-05-29T02:00:01.458+0700	writing iot.infos to /tmp/mongo_clone/iot/infos.bson
2026-05-29T02:00:01.458+0700	done dumping iot.infos (22 documents)
2026-05-29T02:00:01.458+0700	writing iot.groups to /tmp/mongo_clone/iot/groups.bson
2026-05-29T02:00:01.459+0700	done dumping iot.groups (9 documents)
2026-05-29T02:00:01.459+0700	writing iot.prvs to /tmp/mongo_clone/iot/prvs.bson
2026-05-29T02:00:01.459+0700	done dumping iot.prvs (3 documents)
2026-05-29T02:00:01.459+0700	writing iot.users to /tmp/mongo_clone/iot/users.bson
2026-05-29T02:00:01.460+0700	done dumping iot.users (2 documents)
2026-05-29T02:00:01.460+0700	writing iot.prvtimes to /tmp/mongo_clone/iot/prvtimes.bson
2026-05-29T02:00:01.460+0700	done dumping iot.prvtimes (0 documents)
2026-05-29T02:00:01.501+0700	done dumping iot.alarms (40503 documents)
2026-05-29T02:00:01.604+0700	done dumping iot.prvdatas (141980 documents)
2026-05-29T02:00:02.507+0700	done dumping iot.sensors (1260845 documents)
2026-05-29T02:00:02.519+0700	The --db and --collection flags are deprecated for this use-case; please use --nsInclude instead, i.e. with --nsInclude=${DATABASE}.${COLLECTION}
2026-05-29T02:00:02.519+0700	building a list of collections to restore from /tmp/mongo_clone/iot dir
2026-05-29T02:00:02.519+0700	don't know what to do with file "/tmp/mongo_clone/iot/prelude.json", skipping...
2026-05-29T02:00:02.519+0700	reading metadata for iot_backup.sensors from /tmp/mongo_clone/iot/sensors.metadata.json
2026-05-29T02:00:02.519+0700	reading metadata for iot_backup.infos from /tmp/mongo_clone/iot/infos.metadata.json
2026-05-29T02:00:02.519+0700	reading metadata for iot_backup.prvcontrols from /tmp/mongo_clone/iot/prvcontrols.metadata.json
2026-05-29T02:00:02.519+0700	reading metadata for iot_backup.prvdatas from /tmp/mongo_clone/iot/prvdatas.metadata.json
2026-05-29T02:00:02.519+0700	reading metadata for iot_backup.prvtimes from /tmp/mongo_clone/iot/prvtimes.metadata.json
2026-05-29T02:00:02.519+0700	reading metadata for iot_backup.alarms from /tmp/mongo_clone/iot/alarms.metadata.json
2026-05-29T02:00:02.519+0700	reading metadata for iot_backup.groups from /tmp/mongo_clone/iot/groups.metadata.json
2026-05-29T02:00:02.519+0700	reading metadata for iot_backup.prvs from /tmp/mongo_clone/iot/prvs.metadata.json
2026-05-29T02:00:02.519+0700	reading metadata for iot_backup.users from /tmp/mongo_clone/iot/users.metadata.json
2026-05-29T02:00:02.598+0700	restoring iot_backup.sensors from /tmp/mongo_clone/iot/sensors.bson
2026-05-29T02:00:02.608+0700	restoring iot_backup.prvdatas from /tmp/mongo_clone/iot/prvdatas.bson
2026-05-29T02:00:02.618+0700	restoring iot_backup.alarms from /tmp/mongo_clone/iot/alarms.bson
2026-05-29T02:00:02.629+0700	restoring iot_backup.prvcontrols from /tmp/mongo_clone/iot/prvcontrols.bson
2026-05-29T02:00:02.640+0700	finished restoring iot_backup.prvcontrols (583 documents, 0 failures)
2026-05-29T02:00:02.669+0700	restoring iot_backup.infos from /tmp/mongo_clone/iot/infos.bson
2026-05-29T02:00:02.680+0700	finished restoring iot_backup.infos (22 documents, 0 failures)
2026-05-29T02:00:02.710+0700	restoring iot_backup.prvs from /tmp/mongo_clone/iot/prvs.bson
2026-05-29T02:00:02.727+0700	finished restoring iot_backup.prvs (3 documents, 0 failures)
2026-05-29T02:00:02.767+0700	restoring iot_backup.groups from /tmp/mongo_clone/iot/groups.bson
2026-05-29T02:00:02.779+0700	finished restoring iot_backup.groups (9 documents, 0 failures)
2026-05-29T02:00:02.810+0700	restoring iot_backup.users from /tmp/mongo_clone/iot/users.bson
2026-05-29T02:00:02.821+0700	finished restoring iot_backup.users (2 documents, 0 failures)
2026-05-29T02:00:02.853+0700	restoring iot_backup.prvtimes from /tmp/mongo_clone/iot/prvtimes.bson
2026-05-29T02:00:02.863+0700	finished restoring iot_backup.prvtimes (0 documents, 0 failures)
2026-05-29T02:00:02.908+0700	finished restoring iot_backup.alarms (40503 documents, 0 failures)
2026-05-29T02:00:03.779+0700	finished restoring iot_backup.prvdatas (141980 documents, 0 failures)
2026-05-29T02:00:05.518+0700	[#######.................]  iot_backup.sensors  47.5MB/145MB  (32.8%)
2026-05-29T02:00:08.519+0700	[################........]  iot_backup.sensors  98.4MB/145MB  (67.9%)
2026-05-29T02:00:11.255+0700	[########################]  iot_backup.sensors  145MB/145MB  (100.0%)
2026-05-29T02:00:11.255+0700	finished restoring iot_backup.sensors (1260845 documents, 0 failures)
2026-05-29T02:00:11.255+0700	no indexes to restore for collection iot_backup.infos
2026-05-29T02:00:11.255+0700	restoring indexes for collection iot_backup.prvcontrols from metadata
2026-05-29T02:00:11.255+0700	index: &idx.IndexDocument{Options:primitive.M{"background":true, "expireAfterSeconds":86400, "name":"createAt_-1", "v":2}, Key:primitive.D{primitive.E{Key:"createAt", Value:-1}}, PartialFilterExpression:primitive.D(nil)}
2026-05-29T02:00:11.255+0700	restoring indexes for collection iot_backup.prvdatas from metadata
2026-05-29T02:00:11.255+0700	index: &idx.IndexDocument{Options:primitive.M{"background":true, "expireAfterSeconds":2592000, "name":"createAt_1", "v":2}, Key:primitive.D{primitive.E{Key:"createAt", Value:1}}, PartialFilterExpression:primitive.D(nil)}
2026-05-29T02:00:11.255+0700	no indexes to restore for collection iot_backup.alarms
2026-05-29T02:00:11.255+0700	no indexes to restore for collection iot_backup.users
2026-05-29T02:00:11.255+0700	restoring indexes for collection iot_backup.sensors from metadata
2026-05-29T02:00:11.255+0700	index: &idx.IndexDocument{Options:primitive.M{"background":true, "name":"user_1_createAt_1_index_1", "v":2}, Key:primitive.D{primitive.E{Key:"user", Value:1}, primitive.E{Key:"createAt", Value:1}, primitive.E{Key:"index", Value:1}}, PartialFilterExpression:primitive.D(nil)}
2026-05-29T02:00:11.255+0700	no indexes to restore for collection iot_backup.prvtimes
2026-05-29T02:00:11.255+0700	no indexes to restore for collection iot_backup.groups
2026-05-29T02:00:11.255+0700	no indexes to restore for collection iot_backup.prvs
2026-05-29T02:00:13.131+0700	1443947 document(s) restored successfully. 0 document(s) failed to restore.
Backup clone done at Fri May 29 02:00:13 +07 2026
{ ok: 1, dropped: 'iot_backup' }
2026-05-30T02:00:01.766+0700	writing iot.sensors to /tmp/mongo_clone/iot/sensors.bson
2026-05-30T02:00:01.767+0700	writing iot.prvdatas to /tmp/mongo_clone/iot/prvdatas.bson
2026-05-30T02:00:01.767+0700	writing iot.alarms to /tmp/mongo_clone/iot/alarms.bson
2026-05-30T02:00:01.767+0700	writing iot.prvcontrols to /tmp/mongo_clone/iot/prvcontrols.bson
2026-05-30T02:00:01.773+0700	done dumping iot.prvcontrols (663 documents)
2026-05-30T02:00:01.773+0700	writing iot.infos to /tmp/mongo_clone/iot/infos.bson
2026-05-30T02:00:01.774+0700	done dumping iot.infos (22 documents)
2026-05-30T02:00:01.774+0700	writing iot.groups to /tmp/mongo_clone/iot/groups.bson
2026-05-30T02:00:01.774+0700	done dumping iot.groups (9 documents)
2026-05-30T02:00:01.774+0700	writing iot.prvs to /tmp/mongo_clone/iot/prvs.bson
2026-05-30T02:00:01.774+0700	done dumping iot.prvs (3 documents)
2026-05-30T02:00:01.774+0700	writing iot.users to /tmp/mongo_clone/iot/users.bson
2026-05-30T02:00:01.775+0700	done dumping iot.users (2 documents)
2026-05-30T02:00:01.775+0700	writing iot.prvtimes to /tmp/mongo_clone/iot/prvtimes.bson
2026-05-30T02:00:01.775+0700	done dumping iot.prvtimes (0 documents)
2026-05-30T02:00:01.821+0700	done dumping iot.alarms (40832 documents)
2026-05-30T02:00:01.921+0700	done dumping iot.prvdatas (141742 documents)
2026-05-30T02:00:02.859+0700	done dumping iot.sensors (1288155 documents)
2026-05-30T02:00:02.873+0700	The --db and --collection flags are deprecated for this use-case; please use --nsInclude instead, i.e. with --nsInclude=${DATABASE}.${COLLECTION}
2026-05-30T02:00:02.873+0700	building a list of collections to restore from /tmp/mongo_clone/iot dir
2026-05-30T02:00:02.873+0700	don't know what to do with file "/tmp/mongo_clone/iot/prelude.json", skipping...
2026-05-30T02:00:02.873+0700	reading metadata for iot_backup.infos from /tmp/mongo_clone/iot/infos.metadata.json
2026-05-30T02:00:02.874+0700	reading metadata for iot_backup.prvs from /tmp/mongo_clone/iot/prvs.metadata.json
2026-05-30T02:00:02.874+0700	reading metadata for iot_backup.prvtimes from /tmp/mongo_clone/iot/prvtimes.metadata.json
2026-05-30T02:00:02.874+0700	reading metadata for iot_backup.alarms from /tmp/mongo_clone/iot/alarms.metadata.json
2026-05-30T02:00:02.874+0700	reading metadata for iot_backup.groups from /tmp/mongo_clone/iot/groups.metadata.json
2026-05-30T02:00:02.874+0700	reading metadata for iot_backup.sensors from /tmp/mongo_clone/iot/sensors.metadata.json
2026-05-30T02:00:02.874+0700	reading metadata for iot_backup.users from /tmp/mongo_clone/iot/users.metadata.json
2026-05-30T02:00:02.874+0700	reading metadata for iot_backup.prvcontrols from /tmp/mongo_clone/iot/prvcontrols.metadata.json
2026-05-30T02:00:02.874+0700	reading metadata for iot_backup.prvdatas from /tmp/mongo_clone/iot/prvdatas.metadata.json
2026-05-30T02:00:02.940+0700	restoring iot_backup.sensors from /tmp/mongo_clone/iot/sensors.bson
2026-05-30T02:00:02.953+0700	restoring iot_backup.prvdatas from /tmp/mongo_clone/iot/prvdatas.bson
2026-05-30T02:00:02.980+0700	restoring iot_backup.alarms from /tmp/mongo_clone/iot/alarms.bson
2026-05-30T02:00:02.997+0700	restoring iot_backup.prvcontrols from /tmp/mongo_clone/iot/prvcontrols.bson
2026-05-30T02:00:03.007+0700	finished restoring iot_backup.prvcontrols (663 documents, 0 failures)
2026-05-30T02:00:03.069+0700	restoring iot_backup.infos from /tmp/mongo_clone/iot/infos.bson
2026-05-30T02:00:03.079+0700	finished restoring iot_backup.infos (22 documents, 0 failures)
2026-05-30T02:00:03.136+0700	restoring iot_backup.prvs from /tmp/mongo_clone/iot/prvs.bson
2026-05-30T02:00:03.146+0700	finished restoring iot_backup.prvs (3 documents, 0 failures)
2026-05-30T02:00:03.186+0700	restoring iot_backup.groups from /tmp/mongo_clone/iot/groups.bson
2026-05-30T02:00:03.203+0700	finished restoring iot_backup.groups (9 documents, 0 failures)
2026-05-30T02:00:03.255+0700	finished restoring iot_backup.alarms (40832 documents, 0 failures)
2026-05-30T02:00:03.259+0700	restoring iot_backup.users from /tmp/mongo_clone/iot/users.bson
2026-05-30T02:00:03.271+0700	finished restoring iot_backup.users (2 documents, 0 failures)
2026-05-30T02:00:03.293+0700	restoring iot_backup.prvtimes from /tmp/mongo_clone/iot/prvtimes.bson
2026-05-30T02:00:03.310+0700	finished restoring iot_backup.prvtimes (0 documents, 0 failures)
2026-05-30T02:00:04.116+0700	finished restoring iot_backup.prvdatas (141742 documents, 0 failures)
2026-05-30T02:00:05.874+0700	[#######.................]  iot_backup.sensors  48.7MB/148MB  (32.9%)
2026-05-30T02:00:08.873+0700	[###############.........]  iot_backup.sensors  98.3MB/148MB  (66.4%)
2026-05-30T02:00:11.779+0700	[########################]  iot_backup.sensors  148MB/148MB  (100.0%)
2026-05-30T02:00:11.779+0700	finished restoring iot_backup.sensors (1288155 documents, 0 failures)
2026-05-30T02:00:11.779+0700	restoring indexes for collection iot_backup.sensors from metadata
2026-05-30T02:00:11.779+0700	index: &idx.IndexDocument{Options:primitive.M{"background":true, "name":"user_1_createAt_1_index_1", "v":2}, Key:primitive.D{primitive.E{Key:"user", Value:1}, primitive.E{Key:"createAt", Value:1}, primitive.E{Key:"index", Value:1}}, PartialFilterExpression:primitive.D(nil)}
2026-05-30T02:00:11.779+0700	restoring indexes for collection iot_backup.prvcontrols from metadata
2026-05-30T02:00:11.779+0700	index: &idx.IndexDocument{Options:primitive.M{"background":true, "expireAfterSeconds":86400, "name":"createAt_-1", "v":2}, Key:primitive.D{primitive.E{Key:"createAt", Value:-1}}, PartialFilterExpression:primitive.D(nil)}
2026-05-30T02:00:11.779+0700	restoring indexes for collection iot_backup.prvdatas from metadata
2026-05-30T02:00:11.779+0700	index: &idx.IndexDocument{Options:primitive.M{"background":true, "expireAfterSeconds":2592000, "name":"createAt_1", "v":2}, Key:primitive.D{primitive.E{Key:"createAt", Value:1}}, PartialFilterExpression:primitive.D(nil)}
2026-05-30T02:00:11.780+0700	no indexes to restore for collection iot_backup.infos
2026-05-30T02:00:11.780+0700	no indexes to restore for collection iot_backup.prvs
2026-05-30T02:00:11.780+0700	no indexes to restore for collection iot_backup.alarms
2026-05-30T02:00:11.780+0700	no indexes to restore for collection iot_backup.prvtimes
2026-05-30T02:00:11.780+0700	no indexes to restore for collection iot_backup.groups
2026-05-30T02:00:11.780+0700	no indexes to restore for collection iot_backup.users
2026-05-30T02:00:13.631+0700	1471428 document(s) restored successfully. 0 document(s) failed to restore.
Backup clone done at Sat May 30 02:00:13 +07 2026
{ ok: 1, dropped: 'iot_backup' }
2026-05-31T02:00:02.288+0700	writing iot.sensors to /tmp/mongo_clone/iot/sensors.bson
2026-05-31T02:00:02.288+0700	writing iot.prvdatas to /tmp/mongo_clone/iot/prvdatas.bson
2026-05-31T02:00:02.288+0700	writing iot.alarms to /tmp/mongo_clone/iot/alarms.bson
2026-05-31T02:00:02.289+0700	writing iot.prvcontrols to /tmp/mongo_clone/iot/prvcontrols.bson
2026-05-31T02:00:02.292+0700	done dumping iot.prvcontrols (638 documents)
2026-05-31T02:00:02.292+0700	writing iot.infos to /tmp/mongo_clone/iot/infos.bson
2026-05-31T02:00:02.293+0700	done dumping iot.infos (22 documents)
2026-05-31T02:00:02.293+0700	writing iot.groups to /tmp/mongo_clone/iot/groups.bson
2026-05-31T02:00:02.293+0700	done dumping iot.groups (9 documents)
2026-05-31T02:00:02.293+0700	writing iot.prvs to /tmp/mongo_clone/iot/prvs.bson
2026-05-31T02:00:02.294+0700	done dumping iot.prvs (3 documents)
2026-05-31T02:00:02.294+0700	writing iot.users to /tmp/mongo_clone/iot/users.bson
2026-05-31T02:00:02.294+0700	done dumping iot.users (2 documents)
2026-05-31T02:00:02.294+0700	writing iot.prvtimes to /tmp/mongo_clone/iot/prvtimes.bson
2026-05-31T02:00:02.294+0700	done dumping iot.prvtimes (0 documents)
2026-05-31T02:00:02.334+0700	done dumping iot.alarms (41569 documents)
2026-05-31T02:00:02.429+0700	done dumping iot.prvdatas (141634 documents)
2026-05-31T02:00:03.385+0700	done dumping iot.sensors (1315681 documents)
2026-05-31T02:00:03.397+0700	The --db and --collection flags are deprecated for this use-case; please use --nsInclude instead, i.e. with --nsInclude=${DATABASE}.${COLLECTION}
2026-05-31T02:00:03.397+0700	building a list of collections to restore from /tmp/mongo_clone/iot dir
2026-05-31T02:00:03.397+0700	don't know what to do with file "/tmp/mongo_clone/iot/prelude.json", skipping...
2026-05-31T02:00:03.397+0700	reading metadata for iot_backup.users from /tmp/mongo_clone/iot/users.metadata.json
2026-05-31T02:00:03.398+0700	reading metadata for iot_backup.alarms from /tmp/mongo_clone/iot/alarms.metadata.json
2026-05-31T02:00:03.398+0700	reading metadata for iot_backup.groups from /tmp/mongo_clone/iot/groups.metadata.json
2026-05-31T02:00:03.398+0700	reading metadata for iot_backup.infos from /tmp/mongo_clone/iot/infos.metadata.json
2026-05-31T02:00:03.398+0700	reading metadata for iot_backup.prvcontrols from /tmp/mongo_clone/iot/prvcontrols.metadata.json
2026-05-31T02:00:03.398+0700	reading metadata for iot_backup.prvdatas from /tmp/mongo_clone/iot/prvdatas.metadata.json
2026-05-31T02:00:03.398+0700	reading metadata for iot_backup.prvs from /tmp/mongo_clone/iot/prvs.metadata.json
2026-05-31T02:00:03.398+0700	reading metadata for iot_backup.prvtimes from /tmp/mongo_clone/iot/prvtimes.metadata.json
2026-05-31T02:00:03.398+0700	reading metadata for iot_backup.sensors from /tmp/mongo_clone/iot/sensors.metadata.json
2026-05-31T02:00:03.455+0700	restoring iot_backup.sensors from /tmp/mongo_clone/iot/sensors.bson
2026-05-31T02:00:03.490+0700	restoring iot_backup.prvdatas from /tmp/mongo_clone/iot/prvdatas.bson
2026-05-31T02:00:03.520+0700	restoring iot_backup.alarms from /tmp/mongo_clone/iot/alarms.bson
2026-05-31T02:00:03.539+0700	restoring iot_backup.prvcontrols from /tmp/mongo_clone/iot/prvcontrols.bson
2026-05-31T02:00:03.549+0700	finished restoring iot_backup.prvcontrols (638 documents, 0 failures)
2026-05-31T02:00:03.615+0700	restoring iot_backup.infos from /tmp/mongo_clone/iot/infos.bson
2026-05-31T02:00:03.626+0700	finished restoring iot_backup.infos (22 documents, 0 failures)
2026-05-31T02:00:03.703+0700	restoring iot_backup.prvs from /tmp/mongo_clone/iot/prvs.bson
2026-05-31T02:00:03.720+0700	finished restoring iot_backup.prvs (3 documents, 0 failures)
2026-05-31T02:00:03.795+0700	restoring iot_backup.groups from /tmp/mongo_clone/iot/groups.bson
2026-05-31T02:00:03.807+0700	finished restoring iot_backup.groups (9 documents, 0 failures)
2026-05-31T02:00:03.809+0700	finished restoring iot_backup.alarms (41569 documents, 0 failures)
2026-05-31T02:00:03.884+0700	restoring iot_backup.users from /tmp/mongo_clone/iot/users.bson
2026-05-31T02:00:03.900+0700	finished restoring iot_backup.users (2 documents, 0 failures)
2026-05-31T02:00:03.971+0700	restoring iot_backup.prvtimes from /tmp/mongo_clone/iot/prvtimes.bson
2026-05-31T02:00:03.983+0700	finished restoring iot_backup.prvtimes (0 documents, 0 failures)
2026-05-31T02:00:04.631+0700	finished restoring iot_backup.prvdatas (141634 documents, 0 failures)
2026-05-31T02:00:06.398+0700	[#######.................]  iot_backup.sensors  48.3MB/151MB  (31.9%)
2026-05-31T02:00:09.397+0700	[###############.........]  iot_backup.sensors  98.6MB/151MB  (65.2%)
2026-05-31T02:00:12.397+0700	[#######################.]  iot_backup.sensors  149MB/151MB  (98.9%)
2026-05-31T02:00:12.500+0700	[########################]  iot_backup.sensors  151MB/151MB  (100.0%)
2026-05-31T02:00:12.500+0700	finished restoring iot_backup.sensors (1315681 documents, 0 failures)
2026-05-31T02:00:12.500+0700	no indexes to restore for collection iot_backup.groups
2026-05-31T02:00:12.500+0700	restoring indexes for collection iot_backup.prvcontrols from metadata
2026-05-31T02:00:12.500+0700	index: &idx.IndexDocument{Options:primitive.M{"background":true, "expireAfterSeconds":86400, "name":"createAt_-1", "v":2}, Key:primitive.D{primitive.E{Key:"createAt", Value:-1}}, PartialFilterExpression:primitive.D(nil)}
2026-05-31T02:00:12.500+0700	restoring indexes for collection iot_backup.prvdatas from metadata
2026-05-31T02:00:12.500+0700	index: &idx.IndexDocument{Options:primitive.M{"background":true, "expireAfterSeconds":2592000, "name":"createAt_1", "v":2}, Key:primitive.D{primitive.E{Key:"createAt", Value:1}}, PartialFilterExpression:primitive.D(nil)}
2026-05-31T02:00:12.500+0700	no indexes to restore for collection iot_backup.prvs
2026-05-31T02:00:12.500+0700	no indexes to restore for collection iot_backup.users
2026-05-31T02:00:12.500+0700	no indexes to restore for collection iot_backup.alarms
2026-05-31T02:00:12.500+0700	no indexes to restore for collection iot_backup.infos
2026-05-31T02:00:12.500+0700	no indexes to restore for collection iot_backup.prvtimes
2026-05-31T02:00:12.500+0700	restoring indexes for collection iot_backup.sensors from metadata
2026-05-31T02:00:12.500+0700	index: &idx.IndexDocument{Options:primitive.M{"background":true, "name":"user_1_createAt_1_index_1", "v":2}, Key:primitive.D{primitive.E{Key:"user", Value:1}, primitive.E{Key:"createAt", Value:1}, primitive.E{Key:"index", Value:1}}, PartialFilterExpression:primitive.D(nil)}
2026-05-31T02:00:14.433+0700	1499558 document(s) restored successfully. 0 document(s) failed to restore.
Backup clone done at Sun May 31 02:00:14 +07 2026
{ ok: 1, dropped: 'iot_backup' }
2026-06-01T02:00:02.075+0700	writing iot.sensors to /tmp/mongo_clone/iot/sensors.bson
2026-06-01T02:00:02.075+0700	writing iot.alarms to /tmp/mongo_clone/iot/alarms.bson
2026-06-01T02:00:02.075+0700	writing iot.prvdatas to /tmp/mongo_clone/iot/prvdatas.bson
2026-06-01T02:00:02.075+0700	writing iot.prvcontrols to /tmp/mongo_clone/iot/prvcontrols.bson
2026-06-01T02:00:02.078+0700	done dumping iot.prvcontrols (576 documents)
2026-06-01T02:00:02.078+0700	writing iot.infos to /tmp/mongo_clone/iot/infos.bson
2026-06-01T02:00:02.079+0700	done dumping iot.infos (22 documents)
2026-06-01T02:00:02.079+0700	writing iot.groups to /tmp/mongo_clone/iot/groups.bson
2026-06-01T02:00:02.079+0700	done dumping iot.groups (9 documents)
2026-06-01T02:00:02.079+0700	writing iot.prvs to /tmp/mongo_clone/iot/prvs.bson
2026-06-01T02:00:02.080+0700	done dumping iot.prvs (3 documents)
2026-06-01T02:00:02.080+0700	writing iot.users to /tmp/mongo_clone/iot/users.bson
2026-06-01T02:00:02.080+0700	done dumping iot.users (2 documents)
2026-06-01T02:00:02.080+0700	writing iot.prvtimes to /tmp/mongo_clone/iot/prvtimes.bson
2026-06-01T02:00:02.080+0700	done dumping iot.prvtimes (0 documents)
2026-06-01T02:00:02.129+0700	done dumping iot.alarms (41922 documents)
2026-06-01T02:00:02.223+0700	done dumping iot.prvdatas (141927 documents)
2026-06-01T02:00:03.200+0700	done dumping iot.sensors (1343412 documents)
2026-06-01T02:00:03.214+0700	The --db and --collection flags are deprecated for this use-case; please use --nsInclude instead, i.e. with --nsInclude=${DATABASE}.${COLLECTION}
2026-06-01T02:00:03.214+0700	building a list of collections to restore from /tmp/mongo_clone/iot dir
2026-06-01T02:00:03.214+0700	don't know what to do with file "/tmp/mongo_clone/iot/prelude.json", skipping...
2026-06-01T02:00:03.214+0700	reading metadata for iot_backup.alarms from /tmp/mongo_clone/iot/alarms.metadata.json
2026-06-01T02:00:03.214+0700	reading metadata for iot_backup.groups from /tmp/mongo_clone/iot/groups.metadata.json
2026-06-01T02:00:03.214+0700	reading metadata for iot_backup.infos from /tmp/mongo_clone/iot/infos.metadata.json
2026-06-01T02:00:03.214+0700	reading metadata for iot_backup.prvcontrols from /tmp/mongo_clone/iot/prvcontrols.metadata.json
2026-06-01T02:00:03.214+0700	reading metadata for iot_backup.prvdatas from /tmp/mongo_clone/iot/prvdatas.metadata.json
2026-06-01T02:00:03.214+0700	reading metadata for iot_backup.users from /tmp/mongo_clone/iot/users.metadata.json
2026-06-01T02:00:03.215+0700	reading metadata for iot_backup.prvs from /tmp/mongo_clone/iot/prvs.metadata.json
2026-06-01T02:00:03.215+0700	reading metadata for iot_backup.prvtimes from /tmp/mongo_clone/iot/prvtimes.metadata.json
2026-06-01T02:00:03.215+0700	reading metadata for iot_backup.sensors from /tmp/mongo_clone/iot/sensors.metadata.json
2026-06-01T02:00:03.282+0700	restoring iot_backup.sensors from /tmp/mongo_clone/iot/sensors.bson
2026-06-01T02:00:03.293+0700	restoring iot_backup.prvdatas from /tmp/mongo_clone/iot/prvdatas.bson
2026-06-01T02:00:03.308+0700	restoring iot_backup.alarms from /tmp/mongo_clone/iot/alarms.bson
2026-06-01T02:00:03.330+0700	restoring iot_backup.prvcontrols from /tmp/mongo_clone/iot/prvcontrols.bson
2026-06-01T02:00:03.341+0700	finished restoring iot_backup.prvcontrols (576 documents, 0 failures)
2026-06-01T02:00:03.382+0700	restoring iot_backup.infos from /tmp/mongo_clone/iot/infos.bson
2026-06-01T02:00:03.399+0700	finished restoring iot_backup.infos (22 documents, 0 failures)
2026-06-01T02:00:03.457+0700	restoring iot_backup.prvs from /tmp/mongo_clone/iot/prvs.bson
2026-06-01T02:00:03.468+0700	finished restoring iot_backup.prvs (3 documents, 0 failures)
2026-06-01T02:00:03.506+0700	restoring iot_backup.groups from /tmp/mongo_clone/iot/groups.bson
2026-06-01T02:00:03.523+0700	finished restoring iot_backup.groups (9 documents, 0 failures)
2026-06-01T02:00:03.611+0700	finished restoring iot_backup.alarms (41922 documents, 0 failures)
2026-06-01T02:00:03.757+0700	restoring iot_backup.users from /tmp/mongo_clone/iot/users.bson
2026-06-01T02:00:03.770+0700	finished restoring iot_backup.users (2 documents, 0 failures)
2026-06-01T02:00:03.799+0700	restoring iot_backup.prvtimes from /tmp/mongo_clone/iot/prvtimes.bson
2026-06-01T02:00:03.816+0700	finished restoring iot_backup.prvtimes (0 documents, 0 failures)
2026-06-01T02:00:04.456+0700	finished restoring iot_backup.prvdatas (141927 documents, 0 failures)
2026-06-01T02:00:06.214+0700	[#######.................]  iot_backup.sensors  47.6MB/154MB  (30.8%)
2026-06-01T02:00:09.214+0700	[###############.........]  iot_backup.sensors  97.5MB/154MB  (63.2%)
2026-06-01T02:00:12.214+0700	[######################..]  iot_backup.sensors  147MB/154MB  (95.4%)
2026-06-01T02:00:12.635+0700	[########################]  iot_backup.sensors  154MB/154MB  (100.0%)
2026-06-01T02:00:12.635+0700	finished restoring iot_backup.sensors (1343412 documents, 0 failures)
2026-06-01T02:00:12.635+0700	no indexes to restore for collection iot_backup.alarms
2026-06-01T02:00:12.635+0700	no indexes to restore for collection iot_backup.groups
2026-06-01T02:00:12.635+0700	no indexes to restore for collection iot_backup.infos
2026-06-01T02:00:12.635+0700	no indexes to restore for collection iot_backup.prvs
2026-06-01T02:00:12.635+0700	no indexes to restore for collection iot_backup.prvtimes
2026-06-01T02:00:12.635+0700	restoring indexes for collection iot_backup.prvcontrols from metadata
2026-06-01T02:00:12.635+0700	index: &idx.IndexDocument{Options:primitive.M{"background":true, "expireAfterSeconds":86400, "name":"createAt_-1", "v":2}, Key:primitive.D{primitive.E{Key:"createAt", Value:-1}}, PartialFilterExpression:primitive.D(nil)}
2026-06-01T02:00:12.635+0700	restoring indexes for collection iot_backup.prvdatas from metadata
2026-06-01T02:00:12.635+0700	index: &idx.IndexDocument{Options:primitive.M{"background":true, "expireAfterSeconds":2592000, "name":"createAt_1", "v":2}, Key:primitive.D{primitive.E{Key:"createAt", Value:1}}, PartialFilterExpression:primitive.D(nil)}
2026-06-01T02:00:12.635+0700	no indexes to restore for collection iot_backup.users
2026-06-01T02:00:12.635+0700	restoring indexes for collection iot_backup.sensors from metadata
2026-06-01T02:00:12.635+0700	index: &idx.IndexDocument{Options:primitive.M{"background":true, "name":"user_1_createAt_1_index_1", "v":2}, Key:primitive.D{primitive.E{Key:"user", Value:1}, primitive.E{Key:"createAt", Value:1}, primitive.E{Key:"index", Value:1}}, PartialFilterExpression:primitive.D(nil)}
2026-06-01T02:00:14.609+0700	1527873 document(s) restored successfully. 0 document(s) failed to restore.
Backup clone done at Mon Jun  1 02:00:14 +07 2026
{ ok: 1, dropped: 'iot_backup' }
2026-06-02T02:00:02.249+0700	writing iot.sensors to /tmp/mongo_clone/iot/sensors.bson
2026-06-02T02:00:02.249+0700	writing iot.prvdatas to /tmp/mongo_clone/iot/prvdatas.bson
2026-06-02T02:00:02.249+0700	writing iot.alarms to /tmp/mongo_clone/iot/alarms.bson
2026-06-02T02:00:02.249+0700	writing iot.prvcontrols to /tmp/mongo_clone/iot/prvcontrols.bson
2026-06-02T02:00:02.255+0700	done dumping iot.prvcontrols (672 documents)
2026-06-02T02:00:02.255+0700	writing iot.infos to /tmp/mongo_clone/iot/infos.bson
2026-06-02T02:00:02.256+0700	done dumping iot.infos (22 documents)
2026-06-02T02:00:02.256+0700	writing iot.groups to /tmp/mongo_clone/iot/groups.bson
2026-06-02T02:00:02.256+0700	done dumping iot.groups (9 documents)
2026-06-02T02:00:02.256+0700	writing iot.prvs to /tmp/mongo_clone/iot/prvs.bson
2026-06-02T02:00:02.257+0700	done dumping iot.prvs (3 documents)
2026-06-02T02:00:02.257+0700	writing iot.users to /tmp/mongo_clone/iot/users.bson
2026-06-02T02:00:02.257+0700	done dumping iot.users (2 documents)
2026-06-02T02:00:02.257+0700	writing iot.prvtimes to /tmp/mongo_clone/iot/prvtimes.bson
2026-06-02T02:00:02.257+0700	done dumping iot.prvtimes (0 documents)
2026-06-02T02:00:02.313+0700	done dumping iot.alarms (42203 documents)
2026-06-02T02:00:02.424+0700	done dumping iot.prvdatas (142164 documents)
2026-06-02T02:00:03.424+0700	done dumping iot.sensors (1371131 documents)
2026-06-02T02:00:03.436+0700	The --db and --collection flags are deprecated for this use-case; please use --nsInclude instead, i.e. with --nsInclude=${DATABASE}.${COLLECTION}
2026-06-02T02:00:03.437+0700	building a list of collections to restore from /tmp/mongo_clone/iot dir
2026-06-02T02:00:03.437+0700	don't know what to do with file "/tmp/mongo_clone/iot/prelude.json", skipping...
2026-06-02T02:00:03.437+0700	reading metadata for iot_backup.alarms from /tmp/mongo_clone/iot/alarms.metadata.json
2026-06-02T02:00:03.437+0700	reading metadata for iot_backup.groups from /tmp/mongo_clone/iot/groups.metadata.json
2026-06-02T02:00:03.437+0700	reading metadata for iot_backup.infos from /tmp/mongo_clone/iot/infos.metadata.json
2026-06-02T02:00:03.437+0700	reading metadata for iot_backup.prvtimes from /tmp/mongo_clone/iot/prvtimes.metadata.json
2026-06-02T02:00:03.437+0700	reading metadata for iot_backup.sensors from /tmp/mongo_clone/iot/sensors.metadata.json
2026-06-02T02:00:03.437+0700	reading metadata for iot_backup.prvcontrols from /tmp/mongo_clone/iot/prvcontrols.metadata.json
2026-06-02T02:00:03.437+0700	reading metadata for iot_backup.prvdatas from /tmp/mongo_clone/iot/prvdatas.metadata.json
2026-06-02T02:00:03.437+0700	reading metadata for iot_backup.prvs from /tmp/mongo_clone/iot/prvs.metadata.json
2026-06-02T02:00:03.437+0700	reading metadata for iot_backup.users from /tmp/mongo_clone/iot/users.metadata.json
2026-06-02T02:00:03.583+0700	restoring iot_backup.sensors from /tmp/mongo_clone/iot/sensors.bson
2026-06-02T02:00:03.612+0700	restoring iot_backup.alarms from /tmp/mongo_clone/iot/alarms.bson
2026-06-02T02:00:03.629+0700	restoring iot_backup.prvcontrols from /tmp/mongo_clone/iot/prvcontrols.bson
2026-06-02T02:00:03.639+0700	finished restoring iot_backup.prvcontrols (672 documents, 0 failures)
2026-06-02T02:00:03.662+0700	restoring iot_backup.prvdatas from /tmp/mongo_clone/iot/prvdatas.bson
2026-06-02T02:00:03.706+0700	restoring iot_backup.infos from /tmp/mongo_clone/iot/infos.bson
2026-06-02T02:00:03.716+0700	finished restoring iot_backup.infos (22 documents, 0 failures)
2026-06-02T02:00:03.765+0700	restoring iot_backup.prvs from /tmp/mongo_clone/iot/prvs.bson
2026-06-02T02:00:03.775+0700	finished restoring iot_backup.prvs (3 documents, 0 failures)
2026-06-02T02:00:03.850+0700	restoring iot_backup.groups from /tmp/mongo_clone/iot/groups.bson
2026-06-02T02:00:03.861+0700	finished restoring iot_backup.groups (9 documents, 0 failures)
2026-06-02T02:00:03.892+0700	restoring iot_backup.users from /tmp/mongo_clone/iot/users.bson
2026-06-02T02:00:03.902+0700	finished restoring iot_backup.alarms (42203 documents, 0 failures)
2026-06-02T02:00:03.909+0700	finished restoring iot_backup.users (2 documents, 0 failures)
2026-06-02T02:00:03.961+0700	restoring iot_backup.prvtimes from /tmp/mongo_clone/iot/prvtimes.bson
2026-06-02T02:00:03.979+0700	finished restoring iot_backup.prvtimes (0 documents, 0 failures)
2026-06-02T02:00:04.812+0700	finished restoring iot_backup.prvdatas (142164 documents, 0 failures)
2026-06-02T02:00:06.436+0700	[#######.................]  iot_backup.sensors  46.2MB/158MB  (29.3%)
2026-06-02T02:00:09.436+0700	[##############..........]  iot_backup.sensors  96.8MB/158MB  (61.5%)
2026-06-02T02:00:12.436+0700	[######################..]  iot_backup.sensors  149MB/158MB  (94.4%)
2026-06-02T02:00:12.955+0700	[########################]  iot_backup.sensors  158MB/158MB  (100.0%)
2026-06-02T02:00:12.955+0700	finished restoring iot_backup.sensors (1371131 documents, 0 failures)
2026-06-02T02:00:12.956+0700	no indexes to restore for collection iot_backup.alarms
2026-06-02T02:00:12.956+0700	no indexes to restore for collection iot_backup.prvtimes
2026-06-02T02:00:12.956+0700	restoring indexes for collection iot_backup.sensors from metadata
2026-06-02T02:00:12.956+0700	index: &idx.IndexDocument{Options:primitive.M{"background":true, "name":"user_1_createAt_1_index_1", "v":2}, Key:primitive.D{primitive.E{Key:"user", Value:1}, primitive.E{Key:"createAt", Value:1}, primitive.E{Key:"index", Value:1}}, PartialFilterExpression:primitive.D(nil)}
2026-06-02T02:00:12.956+0700	restoring indexes for collection iot_backup.prvcontrols from metadata
2026-06-02T02:00:12.956+0700	index: &idx.IndexDocument{Options:primitive.M{"background":true, "expireAfterSeconds":86400, "name":"createAt_-1", "v":2}, Key:primitive.D{primitive.E{Key:"createAt", Value:-1}}, PartialFilterExpression:primitive.D(nil)}
2026-06-02T02:00:12.956+0700	restoring indexes for collection iot_backup.prvdatas from metadata
2026-06-02T02:00:12.956+0700	index: &idx.IndexDocument{Options:primitive.M{"background":true, "expireAfterSeconds":2592000, "name":"createAt_1", "v":2}, Key:primitive.D{primitive.E{Key:"createAt", Value:1}}, PartialFilterExpression:primitive.D(nil)}
2026-06-02T02:00:12.956+0700	no indexes to restore for collection iot_backup.users
2026-06-02T02:00:12.956+0700	no indexes to restore for collection iot_backup.groups
2026-06-02T02:00:12.956+0700	no indexes to restore for collection iot_backup.infos
2026-06-02T02:00:12.956+0700	no indexes to restore for collection iot_backup.prvs
2026-06-02T02:00:14.896+0700	1556206 document(s) restored successfully. 0 document(s) failed to restore.
Backup clone done at Tue Jun  2 02:00:14 +07 2026
{ ok: 1, dropped: 'iot_backup' }
2026-06-03T02:00:01.524+0700	writing iot.sensors to /tmp/mongo_clone/iot/sensors.bson
2026-06-03T02:00:01.524+0700	writing iot.prvdatas to /tmp/mongo_clone/iot/prvdatas.bson
2026-06-03T02:00:01.524+0700	writing iot.alarms to /tmp/mongo_clone/iot/alarms.bson
2026-06-03T02:00:01.524+0700	writing iot.prvcontrols to /tmp/mongo_clone/iot/prvcontrols.bson
2026-06-03T02:00:01.527+0700	done dumping iot.prvcontrols (663 documents)
2026-06-03T02:00:01.527+0700	writing iot.infos to /tmp/mongo_clone/iot/infos.bson
2026-06-03T02:00:01.527+0700	done dumping iot.infos (22 documents)
2026-06-03T02:00:01.527+0700	writing iot.groups to /tmp/mongo_clone/iot/groups.bson
2026-06-03T02:00:01.528+0700	done dumping iot.groups (9 documents)
2026-06-03T02:00:01.528+0700	writing iot.prvs to /tmp/mongo_clone/iot/prvs.bson
2026-06-03T02:00:01.528+0700	done dumping iot.prvs (3 documents)
2026-06-03T02:00:01.528+0700	writing iot.users to /tmp/mongo_clone/iot/users.bson
2026-06-03T02:00:01.528+0700	done dumping iot.users (2 documents)
2026-06-03T02:00:01.528+0700	writing iot.prvtimes to /tmp/mongo_clone/iot/prvtimes.bson
2026-06-03T02:00:01.529+0700	done dumping iot.prvtimes (0 documents)
2026-06-03T02:00:01.571+0700	done dumping iot.alarms (42578 documents)
2026-06-03T02:00:01.668+0700	done dumping iot.prvdatas (142250 documents)
2026-06-03T02:00:02.724+0700	done dumping iot.sensors (1398440 documents)
2026-06-03T02:00:02.735+0700	The --db and --collection flags are deprecated for this use-case; please use --nsInclude instead, i.e. with --nsInclude=${DATABASE}.${COLLECTION}
2026-06-03T02:00:02.735+0700	building a list of collections to restore from /tmp/mongo_clone/iot dir
2026-06-03T02:00:02.735+0700	don't know what to do with file "/tmp/mongo_clone/iot/prelude.json", skipping...
2026-06-03T02:00:02.735+0700	reading metadata for iot_backup.groups from /tmp/mongo_clone/iot/groups.metadata.json
2026-06-03T02:00:02.735+0700	reading metadata for iot_backup.prvcontrols from /tmp/mongo_clone/iot/prvcontrols.metadata.json
2026-06-03T02:00:02.735+0700	reading metadata for iot_backup.prvs from /tmp/mongo_clone/iot/prvs.metadata.json
2026-06-03T02:00:02.735+0700	reading metadata for iot_backup.prvtimes from /tmp/mongo_clone/iot/prvtimes.metadata.json
2026-06-03T02:00:02.735+0700	reading metadata for iot_backup.alarms from /tmp/mongo_clone/iot/alarms.metadata.json
2026-06-03T02:00:02.735+0700	reading metadata for iot_backup.prvdatas from /tmp/mongo_clone/iot/prvdatas.metadata.json
2026-06-03T02:00:02.735+0700	reading metadata for iot_backup.sensors from /tmp/mongo_clone/iot/sensors.metadata.json
2026-06-03T02:00:02.735+0700	reading metadata for iot_backup.users from /tmp/mongo_clone/iot/users.metadata.json
2026-06-03T02:00:02.735+0700	reading metadata for iot_backup.infos from /tmp/mongo_clone/iot/infos.metadata.json
2026-06-03T02:00:02.814+0700	restoring iot_backup.sensors from /tmp/mongo_clone/iot/sensors.bson
2026-06-03T02:00:02.829+0700	restoring iot_backup.prvdatas from /tmp/mongo_clone/iot/prvdatas.bson
2026-06-03T02:00:02.848+0700	restoring iot_backup.alarms from /tmp/mongo_clone/iot/alarms.bson
2026-06-03T02:00:02.861+0700	restoring iot_backup.prvcontrols from /tmp/mongo_clone/iot/prvcontrols.bson
2026-06-03T02:00:02.871+0700	finished restoring iot_backup.prvcontrols (663 documents, 0 failures)
2026-06-03T02:00:02.931+0700	restoring iot_backup.infos from /tmp/mongo_clone/iot/infos.bson
2026-06-03T02:00:02.941+0700	finished restoring iot_backup.infos (22 documents, 0 failures)
2026-06-03T02:00:02.976+0700	restoring iot_backup.prvs from /tmp/mongo_clone/iot/prvs.bson
2026-06-03T02:00:02.993+0700	finished restoring iot_backup.prvs (3 documents, 0 failures)
2026-06-03T02:00:03.036+0700	restoring iot_backup.groups from /tmp/mongo_clone/iot/groups.bson
2026-06-03T02:00:03.048+0700	finished restoring iot_backup.groups (9 documents, 0 failures)
2026-06-03T02:00:03.087+0700	restoring iot_backup.users from /tmp/mongo_clone/iot/users.bson
2026-06-03T02:00:03.097+0700	finished restoring iot_backup.users (2 documents, 0 failures)
2026-06-03T02:00:03.137+0700	finished restoring iot_backup.alarms (42578 documents, 0 failures)
2026-06-03T02:00:03.154+0700	restoring iot_backup.prvtimes from /tmp/mongo_clone/iot/prvtimes.bson
2026-06-03T02:00:03.168+0700	finished restoring iot_backup.prvtimes (0 documents, 0 failures)
2026-06-03T02:00:03.960+0700	finished restoring iot_backup.prvdatas (142250 documents, 0 failures)
2026-06-03T02:00:05.735+0700	[#######.................]  iot_backup.sensors  48.1MB/161MB  (30.0%)
2026-06-03T02:00:08.735+0700	[##############..........]  iot_backup.sensors  99.7MB/161MB  (62.1%)
2026-06-03T02:00:11.735+0700	[######################..]  iot_backup.sensors  150MB/161MB  (93.3%)
2026-06-03T02:00:12.361+0700	[########################]  iot_backup.sensors  161MB/161MB  (100.0%)
2026-06-03T02:00:12.361+0700	finished restoring iot_backup.sensors (1398440 documents, 0 failures)
2026-06-03T02:00:12.361+0700	no indexes to restore for collection iot_backup.groups
2026-06-03T02:00:12.361+0700	restoring indexes for collection iot_backup.prvcontrols from metadata
2026-06-03T02:00:12.361+0700	index: &idx.IndexDocument{Options:primitive.M{"background":true, "expireAfterSeconds":86400, "name":"createAt_-1", "v":2}, Key:primitive.D{primitive.E{Key:"createAt", Value:-1}}, PartialFilterExpression:primitive.D(nil)}
2026-06-03T02:00:12.361+0700	no indexes to restore for collection iot_backup.prvtimes
2026-06-03T02:00:12.361+0700	no indexes to restore for collection iot_backup.alarms
2026-06-03T02:00:12.361+0700	restoring indexes for collection iot_backup.prvdatas from metadata
2026-06-03T02:00:12.361+0700	index: &idx.IndexDocument{Options:primitive.M{"background":true, "expireAfterSeconds":2592000, "name":"createAt_1", "v":2}, Key:primitive.D{primitive.E{Key:"createAt", Value:1}}, PartialFilterExpression:primitive.D(nil)}
2026-06-03T02:00:12.361+0700	restoring indexes for collection iot_backup.sensors from metadata
2026-06-03T02:00:12.361+0700	index: &idx.IndexDocument{Options:primitive.M{"background":true, "name":"user_1_createAt_1_index_1", "v":2}, Key:primitive.D{primitive.E{Key:"user", Value:1}, primitive.E{Key:"createAt", Value:1}, primitive.E{Key:"index", Value:1}}, PartialFilterExpression:primitive.D(nil)}
2026-06-03T02:00:12.361+0700	no indexes to restore for collection iot_backup.users
2026-06-03T02:00:12.362+0700	no indexes to restore for collection iot_backup.prvs
2026-06-03T02:00:12.362+0700	no indexes to restore for collection iot_backup.infos
2026-06-03T02:00:14.417+0700	1583967 document(s) restored successfully. 0 document(s) failed to restore.
Backup clone done at Wed Jun  3 02:00:14 +07 2026
{ ok: 1, dropped: 'iot_backup' }
2026-06-04T02:00:02.062+0700	writing iot.sensors to /tmp/mongo_clone/iot/sensors.bson
2026-06-04T02:00:02.062+0700	writing iot.prvdatas to /tmp/mongo_clone/iot/prvdatas.bson
2026-06-04T02:00:02.062+0700	writing iot.alarms to /tmp/mongo_clone/iot/alarms.bson
2026-06-04T02:00:02.062+0700	writing iot.prvcontrols to /tmp/mongo_clone/iot/prvcontrols.bson
2026-06-04T02:00:02.064+0700	done dumping iot.prvcontrols (628 documents)
2026-06-04T02:00:02.064+0700	writing iot.infos to /tmp/mongo_clone/iot/infos.bson
2026-06-04T02:00:02.065+0700	done dumping iot.infos (22 documents)
2026-06-04T02:00:02.065+0700	writing iot.groups to /tmp/mongo_clone/iot/groups.bson
2026-06-04T02:00:02.065+0700	done dumping iot.groups (9 documents)
2026-06-04T02:00:02.065+0700	writing iot.prvs to /tmp/mongo_clone/iot/prvs.bson
2026-06-04T02:00:02.065+0700	done dumping iot.prvs (3 documents)
2026-06-04T02:00:02.065+0700	writing iot.users to /tmp/mongo_clone/iot/users.bson
2026-06-04T02:00:02.066+0700	done dumping iot.users (2 documents)
2026-06-04T02:00:02.066+0700	writing iot.prvtimes to /tmp/mongo_clone/iot/prvtimes.bson
2026-06-04T02:00:02.066+0700	done dumping iot.prvtimes (0 documents)
2026-06-04T02:00:02.109+0700	done dumping iot.alarms (42916 documents)
2026-06-04T02:00:02.215+0700	done dumping iot.prvdatas (142769 documents)
2026-06-04T02:00:03.356+0700	done dumping iot.sensors (1425671 documents)
2026-06-04T02:00:03.367+0700	The --db and --collection flags are deprecated for this use-case; please use --nsInclude instead, i.e. with --nsInclude=${DATABASE}.${COLLECTION}
2026-06-04T02:00:03.367+0700	building a list of collections to restore from /tmp/mongo_clone/iot dir
2026-06-04T02:00:03.367+0700	don't know what to do with file "/tmp/mongo_clone/iot/prelude.json", skipping...
2026-06-04T02:00:03.368+0700	reading metadata for iot_backup.alarms from /tmp/mongo_clone/iot/alarms.metadata.json
2026-06-04T02:00:03.368+0700	reading metadata for iot_backup.prvdatas from /tmp/mongo_clone/iot/prvdatas.metadata.json
2026-06-04T02:00:03.368+0700	reading metadata for iot_backup.sensors from /tmp/mongo_clone/iot/sensors.metadata.json
2026-06-04T02:00:03.368+0700	reading metadata for iot_backup.users from /tmp/mongo_clone/iot/users.metadata.json
2026-06-04T02:00:03.368+0700	reading metadata for iot_backup.groups from /tmp/mongo_clone/iot/groups.metadata.json
2026-06-04T02:00:03.368+0700	reading metadata for iot_backup.infos from /tmp/mongo_clone/iot/infos.metadata.json
2026-06-04T02:00:03.368+0700	reading metadata for iot_backup.prvcontrols from /tmp/mongo_clone/iot/prvcontrols.metadata.json
2026-06-04T02:00:03.368+0700	reading metadata for iot_backup.prvs from /tmp/mongo_clone/iot/prvs.metadata.json
2026-06-04T02:00:03.368+0700	reading metadata for iot_backup.prvtimes from /tmp/mongo_clone/iot/prvtimes.metadata.json
2026-06-04T02:00:03.438+0700	restoring iot_backup.sensors from /tmp/mongo_clone/iot/sensors.bson
2026-06-04T02:00:03.455+0700	restoring iot_backup.prvdatas from /tmp/mongo_clone/iot/prvdatas.bson
2026-06-04T02:00:03.475+0700	restoring iot_backup.alarms from /tmp/mongo_clone/iot/alarms.bson
2026-06-04T02:00:03.485+0700	restoring iot_backup.prvcontrols from /tmp/mongo_clone/iot/prvcontrols.bson
2026-06-04T02:00:03.495+0700	finished restoring iot_backup.prvcontrols (628 documents, 0 failures)
2026-06-04T02:00:03.527+0700	restoring iot_backup.infos from /tmp/mongo_clone/iot/infos.bson
2026-06-04T02:00:03.538+0700	finished restoring iot_backup.infos (22 documents, 0 failures)
2026-06-04T02:00:03.586+0700	restoring iot_backup.prvs from /tmp/mongo_clone/iot/prvs.bson
2026-06-04T02:00:03.596+0700	finished restoring iot_backup.prvs (3 documents, 0 failures)
2026-06-04T02:00:03.623+0700	restoring iot_backup.groups from /tmp/mongo_clone/iot/groups.bson
2026-06-04T02:00:03.640+0700	finished restoring iot_backup.groups (9 documents, 0 failures)
2026-06-04T02:00:03.675+0700	restoring iot_backup.users from /tmp/mongo_clone/iot/users.bson
2026-06-04T02:00:03.687+0700	finished restoring iot_backup.users (2 documents, 0 failures)
2026-06-04T02:00:03.751+0700	restoring iot_backup.prvtimes from /tmp/mongo_clone/iot/prvtimes.bson
2026-06-04T02:00:03.764+0700	finished restoring iot_backup.prvtimes (0 documents, 0 failures)
2026-06-04T02:00:03.797+0700	finished restoring iot_backup.alarms (42916 documents, 0 failures)
2026-06-04T02:00:04.650+0700	finished restoring iot_backup.prvdatas (142769 documents, 0 failures)
2026-06-04T02:00:06.367+0700	[######..................]  iot_backup.sensors  47.0MB/164MB  (28.7%)
2026-06-04T02:00:09.367+0700	[##############..........]  iot_backup.sensors  97.1MB/164MB  (59.3%)
2026-06-04T02:00:12.367+0700	[#####################...]  iot_backup.sensors  147MB/164MB  (89.4%)
2026-06-04T02:00:13.437+0700	[########################]  iot_backup.sensors  164MB/164MB  (100.0%)
2026-06-04T02:00:13.437+0700	finished restoring iot_backup.sensors (1425671 documents, 0 failures)
2026-06-04T02:00:13.437+0700	no indexes to restore for collection iot_backup.alarms
2026-06-04T02:00:13.437+0700	restoring indexes for collection iot_backup.sensors from metadata
2026-06-04T02:00:13.437+0700	index: &idx.IndexDocument{Options:primitive.M{"background":true, "name":"user_1_createAt_1_index_1", "v":2}, Key:primitive.D{primitive.E{Key:"user", Value:1}, primitive.E{Key:"createAt", Value:1}, primitive.E{Key:"index", Value:1}}, PartialFilterExpression:primitive.D(nil)}
2026-06-04T02:00:13.437+0700	no indexes to restore for collection iot_backup.prvtimes
2026-06-04T02:00:13.437+0700	no indexes to restore for collection iot_backup.prvs
2026-06-04T02:00:13.437+0700	restoring indexes for collection iot_backup.prvdatas from metadata
2026-06-04T02:00:13.437+0700	index: &idx.IndexDocument{Options:primitive.M{"background":true, "expireAfterSeconds":2592000, "name":"createAt_1", "v":2}, Key:primitive.D{primitive.E{Key:"createAt", Value:1}}, PartialFilterExpression:primitive.D(nil)}
2026-06-04T02:00:13.437+0700	no indexes to restore for collection iot_backup.users
2026-06-04T02:00:13.437+0700	no indexes to restore for collection iot_backup.groups
2026-06-04T02:00:13.437+0700	restoring indexes for collection iot_backup.prvcontrols from metadata
2026-06-04T02:00:13.437+0700	index: &idx.IndexDocument{Options:primitive.M{"background":true, "expireAfterSeconds":86400, "name":"createAt_-1", "v":2}, Key:primitive.D{primitive.E{Key:"createAt", Value:-1}}, PartialFilterExpression:primitive.D(nil)}
2026-06-04T02:00:13.437+0700	no indexes to restore for collection iot_backup.infos
2026-06-04T02:00:15.479+0700	1612020 document(s) restored successfully. 0 document(s) failed to restore.
Backup clone done at Thu Jun  4 02:00:15 +07 2026
{ ok: 1, dropped: 'iot_backup' }
2026-06-05T02:00:02.139+0700	writing iot.sensors to /tmp/mongo_clone/iot/sensors.bson
2026-06-05T02:00:02.139+0700	writing iot.prvdatas to /tmp/mongo_clone/iot/prvdatas.bson
2026-06-05T02:00:02.139+0700	writing iot.alarms to /tmp/mongo_clone/iot/alarms.bson
2026-06-05T02:00:02.139+0700	writing iot.prvcontrols to /tmp/mongo_clone/iot/prvcontrols.bson
2026-06-05T02:00:02.142+0700	done dumping iot.prvcontrols (616 documents)
2026-06-05T02:00:02.142+0700	writing iot.infos to /tmp/mongo_clone/iot/infos.bson
2026-06-05T02:00:02.142+0700	done dumping iot.infos (22 documents)
2026-06-05T02:00:02.142+0700	writing iot.groups to /tmp/mongo_clone/iot/groups.bson
2026-06-05T02:00:02.143+0700	done dumping iot.groups (9 documents)
2026-06-05T02:00:02.143+0700	writing iot.prvs to /tmp/mongo_clone/iot/prvs.bson
2026-06-05T02:00:02.143+0700	done dumping iot.prvs (3 documents)
2026-06-05T02:00:02.143+0700	writing iot.users to /tmp/mongo_clone/iot/users.bson
2026-06-05T02:00:02.144+0700	done dumping iot.users (2 documents)
2026-06-05T02:00:02.144+0700	writing iot.prvtimes to /tmp/mongo_clone/iot/prvtimes.bson
2026-06-05T02:00:02.144+0700	done dumping iot.prvtimes (0 documents)
2026-06-05T02:00:02.187+0700	done dumping iot.alarms (43193 documents)
2026-06-05T02:00:02.283+0700	done dumping iot.prvdatas (142621 documents)
2026-06-05T02:00:03.371+0700	done dumping iot.sensors (1453251 documents)
2026-06-05T02:00:03.382+0700	The --db and --collection flags are deprecated for this use-case; please use --nsInclude instead, i.e. with --nsInclude=${DATABASE}.${COLLECTION}
2026-06-05T02:00:03.382+0700	building a list of collections to restore from /tmp/mongo_clone/iot dir
2026-06-05T02:00:03.382+0700	don't know what to do with file "/tmp/mongo_clone/iot/prelude.json", skipping...
2026-06-05T02:00:03.383+0700	reading metadata for iot_backup.groups from /tmp/mongo_clone/iot/groups.metadata.json
2026-06-05T02:00:03.383+0700	reading metadata for iot_backup.prvcontrols from /tmp/mongo_clone/iot/prvcontrols.metadata.json
2026-06-05T02:00:03.383+0700	reading metadata for iot_backup.prvtimes from /tmp/mongo_clone/iot/prvtimes.metadata.json
2026-06-05T02:00:03.383+0700	reading metadata for iot_backup.alarms from /tmp/mongo_clone/iot/alarms.metadata.json
2026-06-05T02:00:03.383+0700	reading metadata for iot_backup.infos from /tmp/mongo_clone/iot/infos.metadata.json
2026-06-05T02:00:03.383+0700	reading metadata for iot_backup.prvdatas from /tmp/mongo_clone/iot/prvdatas.metadata.json
2026-06-05T02:00:03.383+0700	reading metadata for iot_backup.prvs from /tmp/mongo_clone/iot/prvs.metadata.json
2026-06-05T02:00:03.383+0700	reading metadata for iot_backup.sensors from /tmp/mongo_clone/iot/sensors.metadata.json
2026-06-05T02:00:03.383+0700	reading metadata for iot_backup.users from /tmp/mongo_clone/iot/users.metadata.json
2026-06-05T02:00:03.474+0700	restoring iot_backup.sensors from /tmp/mongo_clone/iot/sensors.bson
2026-06-05T02:00:03.483+0700	restoring iot_backup.prvdatas from /tmp/mongo_clone/iot/prvdatas.bson
2026-06-05T02:00:03.496+0700	restoring iot_backup.alarms from /tmp/mongo_clone/iot/alarms.bson
2026-06-05T02:00:03.514+0700	restoring iot_backup.prvcontrols from /tmp/mongo_clone/iot/prvcontrols.bson
2026-06-05T02:00:03.526+0700	finished restoring iot_backup.prvcontrols (616 documents, 0 failures)
2026-06-05T02:00:03.570+0700	restoring iot_backup.infos from /tmp/mongo_clone/iot/infos.bson
2026-06-05T02:00:03.584+0700	finished restoring iot_backup.infos (22 documents, 0 failures)
2026-06-05T02:00:03.635+0700	restoring iot_backup.prvs from /tmp/mongo_clone/iot/prvs.bson
2026-06-05T02:00:03.646+0700	finished restoring iot_backup.prvs (3 documents, 0 failures)
2026-06-05T02:00:03.721+0700	restoring iot_backup.groups from /tmp/mongo_clone/iot/groups.bson
2026-06-05T02:00:03.738+0700	finished restoring iot_backup.groups (9 documents, 0 failures)
2026-06-05T02:00:03.797+0700	restoring iot_backup.users from /tmp/mongo_clone/iot/users.bson
2026-06-05T02:00:03.811+0700	finished restoring iot_backup.users (2 documents, 0 failures)
2026-06-05T02:00:03.811+0700	finished restoring iot_backup.alarms (43193 documents, 0 failures)
2026-06-05T02:00:03.876+0700	restoring iot_backup.prvtimes from /tmp/mongo_clone/iot/prvtimes.bson
2026-06-05T02:00:03.890+0700	finished restoring iot_backup.prvtimes (0 documents, 0 failures)
2026-06-05T02:00:04.670+0700	finished restoring iot_backup.prvdatas (142621 documents, 0 failures)
2026-06-05T02:00:06.382+0700	[######..................]  iot_backup.sensors  46.3MB/167MB  (27.7%)
2026-06-05T02:00:09.383+0700	[#############...........]  iot_backup.sensors  96.4MB/167MB  (57.8%)
2026-06-05T02:00:12.383+0700	[#####################...]  iot_backup.sensors  148MB/167MB  (88.7%)
2026-06-05T02:00:13.530+0700	[########################]  iot_backup.sensors  167MB/167MB  (100.0%)
2026-06-05T02:00:13.530+0700	finished restoring iot_backup.sensors (1453251 documents, 0 failures)
2026-06-05T02:00:13.530+0700	restoring indexes for collection iot_backup.prvdatas from metadata
2026-06-05T02:00:13.530+0700	index: &idx.IndexDocument{Options:primitive.M{"background":true, "expireAfterSeconds":2592000, "name":"createAt_1", "v":2}, Key:primitive.D{primitive.E{Key:"createAt", Value:1}}, PartialFilterExpression:primitive.D(nil)}
2026-06-05T02:00:13.531+0700	restoring indexes for collection iot_backup.sensors from metadata
2026-06-05T02:00:13.531+0700	index: &idx.IndexDocument{Options:primitive.M{"background":true, "name":"user_1_createAt_1_index_1", "v":2}, Key:primitive.D{primitive.E{Key:"user", Value:1}, primitive.E{Key:"createAt", Value:1}, primitive.E{Key:"index", Value:1}}, PartialFilterExpression:primitive.D(nil)}
2026-06-05T02:00:13.531+0700	no indexes to restore for collection iot_backup.infos
2026-06-05T02:00:13.531+0700	restoring indexes for collection iot_backup.prvcontrols from metadata
2026-06-05T02:00:13.531+0700	index: &idx.IndexDocument{Options:primitive.M{"background":true, "expireAfterSeconds":86400, "name":"createAt_-1", "v":2}, Key:primitive.D{primitive.E{Key:"createAt", Value:-1}}, PartialFilterExpression:primitive.D(nil)}
2026-06-05T02:00:13.531+0700	no indexes to restore for collection iot_backup.prvtimes
2026-06-05T02:00:13.531+0700	no indexes to restore for collection iot_backup.alarms
2026-06-05T02:00:13.531+0700	no indexes to restore for collection iot_backup.prvs
2026-06-05T02:00:13.531+0700	no indexes to restore for collection iot_backup.users
2026-06-05T02:00:13.531+0700	no indexes to restore for collection iot_backup.groups
2026-06-05T02:00:15.651+0700	1639717 document(s) restored successfully. 0 document(s) failed to restore.
Backup clone done at Fri Jun  5 02:00:15 +07 2026
{ ok: 1, dropped: 'iot_backup' }
2026-06-06T02:00:02.268+0700	writing iot.sensors to /tmp/mongo_clone/iot/sensors.bson
2026-06-06T02:00:02.268+0700	writing iot.prvdatas to /tmp/mongo_clone/iot/prvdatas.bson
2026-06-06T02:00:02.268+0700	writing iot.alarms to /tmp/mongo_clone/iot/alarms.bson
2026-06-06T02:00:02.268+0700	writing iot.prvcontrols to /tmp/mongo_clone/iot/prvcontrols.bson
2026-06-06T02:00:02.270+0700	done dumping iot.prvcontrols (699 documents)
2026-06-06T02:00:02.270+0700	writing iot.infos to /tmp/mongo_clone/iot/infos.bson
2026-06-06T02:00:02.271+0700	done dumping iot.infos (22 documents)
2026-06-06T02:00:02.271+0700	writing iot.groups to /tmp/mongo_clone/iot/groups.bson
2026-06-06T02:00:02.271+0700	done dumping iot.groups (10 documents)
2026-06-06T02:00:02.271+0700	writing iot.prvs to /tmp/mongo_clone/iot/prvs.bson
2026-06-06T02:00:02.272+0700	done dumping iot.prvs (3 documents)
2026-06-06T02:00:02.272+0700	writing iot.users to /tmp/mongo_clone/iot/users.bson
2026-06-06T02:00:02.272+0700	done dumping iot.users (2 documents)
2026-06-06T02:00:02.272+0700	writing iot.prvtimes to /tmp/mongo_clone/iot/prvtimes.bson
2026-06-06T02:00:02.272+0700	done dumping iot.prvtimes (0 documents)
2026-06-06T02:00:02.311+0700	done dumping iot.alarms (43411 documents)
2026-06-06T02:00:02.414+0700	done dumping iot.prvdatas (142459 documents)
2026-06-06T02:00:03.531+0700	done dumping iot.sensors (1481132 documents)
2026-06-06T02:00:03.543+0700	The --db and --collection flags are deprecated for this use-case; please use --nsInclude instead, i.e. with --nsInclude=${DATABASE}.${COLLECTION}
2026-06-06T02:00:03.543+0700	building a list of collections to restore from /tmp/mongo_clone/iot dir
2026-06-06T02:00:03.543+0700	don't know what to do with file "/tmp/mongo_clone/iot/prelude.json", skipping...
2026-06-06T02:00:03.543+0700	reading metadata for iot_backup.alarms from /tmp/mongo_clone/iot/alarms.metadata.json
2026-06-06T02:00:03.543+0700	reading metadata for iot_backup.groups from /tmp/mongo_clone/iot/groups.metadata.json
2026-06-06T02:00:03.543+0700	reading metadata for iot_backup.infos from /tmp/mongo_clone/iot/infos.metadata.json
2026-06-06T02:00:03.544+0700	reading metadata for iot_backup.prvcontrols from /tmp/mongo_clone/iot/prvcontrols.metadata.json
2026-06-06T02:00:03.544+0700	reading metadata for iot_backup.prvdatas from /tmp/mongo_clone/iot/prvdatas.metadata.json
2026-06-06T02:00:03.544+0700	reading metadata for iot_backup.prvs from /tmp/mongo_clone/iot/prvs.metadata.json
2026-06-06T02:00:03.544+0700	reading metadata for iot_backup.prvtimes from /tmp/mongo_clone/iot/prvtimes.metadata.json
2026-06-06T02:00:03.544+0700	reading metadata for iot_backup.sensors from /tmp/mongo_clone/iot/sensors.metadata.json
2026-06-06T02:00:03.544+0700	reading metadata for iot_backup.users from /tmp/mongo_clone/iot/users.metadata.json
2026-06-06T02:00:03.621+0700	restoring iot_backup.sensors from /tmp/mongo_clone/iot/sensors.bson
2026-06-06T02:00:03.633+0700	restoring iot_backup.prvdatas from /tmp/mongo_clone/iot/prvdatas.bson
2026-06-06T02:00:03.652+0700	restoring iot_backup.alarms from /tmp/mongo_clone/iot/alarms.bson
2026-06-06T02:00:03.669+0700	restoring iot_backup.prvcontrols from /tmp/mongo_clone/iot/prvcontrols.bson
2026-06-06T02:00:03.680+0700	finished restoring iot_backup.prvcontrols (699 documents, 0 failures)
2026-06-06T02:00:03.730+0700	restoring iot_backup.infos from /tmp/mongo_clone/iot/infos.bson
2026-06-06T02:00:03.747+0700	finished restoring iot_backup.infos (22 documents, 0 failures)
2026-06-06T02:00:03.791+0700	restoring iot_backup.prvs from /tmp/mongo_clone/iot/prvs.bson
2026-06-06T02:00:03.802+0700	finished restoring iot_backup.prvs (3 documents, 0 failures)
2026-06-06T02:00:03.861+0700	restoring iot_backup.groups from /tmp/mongo_clone/iot/groups.bson
2026-06-06T02:00:03.871+0700	finished restoring iot_backup.groups (10 documents, 0 failures)
2026-06-06T02:00:03.914+0700	restoring iot_backup.users from /tmp/mongo_clone/iot/users.bson
2026-06-06T02:00:03.932+0700	finished restoring iot_backup.users (2 documents, 0 failures)
2026-06-06T02:00:03.959+0700	finished restoring iot_backup.alarms (43411 documents, 0 failures)
2026-06-06T02:00:04.006+0700	restoring iot_backup.prvtimes from /tmp/mongo_clone/iot/prvtimes.bson
2026-06-06T02:00:04.018+0700	finished restoring iot_backup.prvtimes (0 documents, 0 failures)
2026-06-06T02:00:04.815+0700	finished restoring iot_backup.prvdatas (142459 documents, 0 failures)
2026-06-06T02:00:06.543+0700	[######..................]  iot_backup.sensors  47.4MB/170MB  (27.8%)
2026-06-06T02:00:09.544+0700	[#############...........]  iot_backup.sensors  97.9MB/170MB  (57.6%)
2026-06-06T02:00:12.543+0700	[#####################...]  iot_backup.sensors  149MB/170MB  (87.6%)
2026-06-06T02:00:13.775+0700	[########################]  iot_backup.sensors  170MB/170MB  (100.0%)
2026-06-06T02:00:13.775+0700	finished restoring iot_backup.sensors (1481132 documents, 0 failures)
2026-06-06T02:00:13.775+0700	no indexes to restore for collection iot_backup.alarms
2026-06-06T02:00:13.775+0700	no indexes to restore for collection iot_backup.groups
2026-06-06T02:00:13.775+0700	no indexes to restore for collection iot_backup.infos
2026-06-06T02:00:13.775+0700	no indexes to restore for collection iot_backup.users
2026-06-06T02:00:13.775+0700	restoring indexes for collection iot_backup.prvcontrols from metadata
2026-06-06T02:00:13.775+0700	index: &idx.IndexDocument{Options:primitive.M{"background":true, "expireAfterSeconds":86400, "name":"createAt_-1", "v":2}, Key:primitive.D{primitive.E{Key:"createAt", Value:-1}}, PartialFilterExpression:primitive.D(nil)}
2026-06-06T02:00:13.775+0700	restoring indexes for collection iot_backup.prvdatas from metadata
2026-06-06T02:00:13.775+0700	index: &idx.IndexDocument{Options:primitive.M{"background":true, "expireAfterSeconds":2592000, "name":"createAt_1", "v":2}, Key:primitive.D{primitive.E{Key:"createAt", Value:1}}, PartialFilterExpression:primitive.D(nil)}
2026-06-06T02:00:13.775+0700	no indexes to restore for collection iot_backup.prvs
2026-06-06T02:00:13.775+0700	no indexes to restore for collection iot_backup.prvtimes
2026-06-06T02:00:13.775+0700	restoring indexes for collection iot_backup.sensors from metadata
2026-06-06T02:00:13.775+0700	index: &idx.IndexDocument{Options:primitive.M{"background":true, "name":"user_1_createAt_1_index_1", "v":2}, Key:primitive.D{primitive.E{Key:"user", Value:1}, primitive.E{Key:"createAt", Value:1}, primitive.E{Key:"index", Value:1}}, PartialFilterExpression:primitive.D(nil)}
2026-06-06T02:00:15.956+0700	1667738 document(s) restored successfully. 0 document(s) failed to restore.
Backup clone done at Sat Jun  6 02:00:15 +07 2026
{ ok: 1, dropped: 'iot_backup' }
2026-06-07T02:00:01.594+0700	writing iot.sensors to /tmp/mongo_clone/iot/sensors.bson
2026-06-07T02:00:01.594+0700	writing iot.prvdatas to /tmp/mongo_clone/iot/prvdatas.bson
2026-06-07T02:00:01.594+0700	writing iot.alarms to /tmp/mongo_clone/iot/alarms.bson
2026-06-07T02:00:01.594+0700	writing iot.prvcontrols to /tmp/mongo_clone/iot/prvcontrols.bson
2026-06-07T02:00:01.599+0700	done dumping iot.prvcontrols (637 documents)
2026-06-07T02:00:01.599+0700	writing iot.infos to /tmp/mongo_clone/iot/infos.bson
2026-06-07T02:00:01.600+0700	done dumping iot.infos (22 documents)
2026-06-07T02:00:01.600+0700	writing iot.groups to /tmp/mongo_clone/iot/groups.bson
2026-06-07T02:00:01.600+0700	done dumping iot.groups (10 documents)
2026-06-07T02:00:01.600+0700	writing iot.prvs to /tmp/mongo_clone/iot/prvs.bson
2026-06-07T02:00:01.600+0700	done dumping iot.prvs (3 documents)
2026-06-07T02:00:01.600+0700	writing iot.users to /tmp/mongo_clone/iot/users.bson
2026-06-07T02:00:01.600+0700	done dumping iot.users (2 documents)
2026-06-07T02:00:01.600+0700	writing iot.prvtimes to /tmp/mongo_clone/iot/prvtimes.bson
2026-06-07T02:00:01.601+0700	done dumping iot.prvtimes (0 documents)
2026-06-07T02:00:01.650+0700	done dumping iot.alarms (43958 documents)
2026-06-07T02:00:01.741+0700	done dumping iot.prvdatas (142462 documents)
2026-06-07T02:00:02.847+0700	done dumping iot.sensors (1510149 documents)
2026-06-07T02:00:02.859+0700	The --db and --collection flags are deprecated for this use-case; please use --nsInclude instead, i.e. with --nsInclude=${DATABASE}.${COLLECTION}
2026-06-07T02:00:02.859+0700	building a list of collections to restore from /tmp/mongo_clone/iot dir
2026-06-07T02:00:02.859+0700	don't know what to do with file "/tmp/mongo_clone/iot/prelude.json", skipping...
2026-06-07T02:00:02.859+0700	reading metadata for iot_backup.groups from /tmp/mongo_clone/iot/groups.metadata.json
2026-06-07T02:00:02.859+0700	reading metadata for iot_backup.infos from /tmp/mongo_clone/iot/infos.metadata.json
2026-06-07T02:00:02.859+0700	reading metadata for iot_backup.prvdatas from /tmp/mongo_clone/iot/prvdatas.metadata.json
2026-06-07T02:00:02.859+0700	reading metadata for iot_backup.prvs from /tmp/mongo_clone/iot/prvs.metadata.json
2026-06-07T02:00:02.859+0700	reading metadata for iot_backup.prvtimes from /tmp/mongo_clone/iot/prvtimes.metadata.json
2026-06-07T02:00:02.859+0700	reading metadata for iot_backup.sensors from /tmp/mongo_clone/iot/sensors.metadata.json
2026-06-07T02:00:02.859+0700	reading metadata for iot_backup.users from /tmp/mongo_clone/iot/users.metadata.json
2026-06-07T02:00:02.859+0700	reading metadata for iot_backup.alarms from /tmp/mongo_clone/iot/alarms.metadata.json
2026-06-07T02:00:02.859+0700	reading metadata for iot_backup.prvcontrols from /tmp/mongo_clone/iot/prvcontrols.metadata.json
2026-06-07T02:00:02.937+0700	restoring iot_backup.sensors from /tmp/mongo_clone/iot/sensors.bson
2026-06-07T02:00:02.967+0700	restoring iot_backup.prvdatas from /tmp/mongo_clone/iot/prvdatas.bson
2026-06-07T02:00:02.985+0700	restoring iot_backup.alarms from /tmp/mongo_clone/iot/alarms.bson
2026-06-07T02:00:03.030+0700	restoring iot_backup.prvcontrols from /tmp/mongo_clone/iot/prvcontrols.bson
2026-06-07T02:00:03.040+0700	finished restoring iot_backup.prvcontrols (637 documents, 0 failures)
2026-06-07T02:00:03.095+0700	restoring iot_backup.infos from /tmp/mongo_clone/iot/infos.bson
2026-06-07T02:00:03.107+0700	finished restoring iot_backup.infos (22 documents, 0 failures)
2026-06-07T02:00:03.159+0700	restoring iot_backup.prvs from /tmp/mongo_clone/iot/prvs.bson
2026-06-07T02:00:03.169+0700	finished restoring iot_backup.prvs (3 documents, 0 failures)
2026-06-07T02:00:03.231+0700	restoring iot_backup.groups from /tmp/mongo_clone/iot/groups.bson
2026-06-07T02:00:03.249+0700	finished restoring iot_backup.groups (10 documents, 0 failures)
2026-06-07T02:00:03.298+0700	finished restoring iot_backup.alarms (43958 documents, 0 failures)
2026-06-07T02:00:03.330+0700	restoring iot_backup.users from /tmp/mongo_clone/iot/users.bson
2026-06-07T02:00:03.349+0700	finished restoring iot_backup.users (2 documents, 0 failures)
2026-06-07T02:00:03.372+0700	restoring iot_backup.prvtimes from /tmp/mongo_clone/iot/prvtimes.bson
2026-06-07T02:00:03.384+0700	finished restoring iot_backup.prvtimes (0 documents, 0 failures)
2026-06-07T02:00:04.182+0700	finished restoring iot_backup.prvdatas (142462 documents, 0 failures)
2026-06-07T02:00:05.859+0700	[######..................]  iot_backup.sensors  46.5MB/174MB  (26.8%)
2026-06-07T02:00:08.859+0700	[#############...........]  iot_backup.sensors  96.7MB/174MB  (55.7%)
2026-06-07T02:00:11.860+0700	[####################....]  iot_backup.sensors  148MB/174MB  (85.0%)
2026-06-07T02:00:13.394+0700	[########################]  iot_backup.sensors  174MB/174MB  (100.0%)
2026-06-07T02:00:13.394+0700	finished restoring iot_backup.sensors (1510149 documents, 0 failures)
2026-06-07T02:00:13.394+0700	restoring indexes for collection iot_backup.prvcontrols from metadata
2026-06-07T02:00:13.394+0700	index: &idx.IndexDocument{Options:primitive.M{"background":true, "expireAfterSeconds":86400, "name":"createAt_-1", "v":2}, Key:primitive.D{primitive.E{Key:"createAt", Value:-1}}, PartialFilterExpression:primitive.D(nil)}
2026-06-07T02:00:13.394+0700	no indexes to restore for collection iot_backup.prvtimes
2026-06-07T02:00:13.394+0700	no indexes to restore for collection iot_backup.alarms
2026-06-07T02:00:13.394+0700	restoring indexes for collection iot_backup.prvdatas from metadata
2026-06-07T02:00:13.394+0700	index: &idx.IndexDocument{Options:primitive.M{"background":true, "expireAfterSeconds":2592000, "name":"createAt_1", "v":2}, Key:primitive.D{primitive.E{Key:"createAt", Value:1}}, PartialFilterExpression:primitive.D(nil)}
2026-06-07T02:00:13.394+0700	no indexes to restore for collection iot_backup.prvs
2026-06-07T02:00:13.394+0700	restoring indexes for collection iot_backup.sensors from metadata
2026-06-07T02:00:13.394+0700	index: &idx.IndexDocument{Options:primitive.M{"background":true, "name":"user_1_createAt_1_index_1", "v":2}, Key:primitive.D{primitive.E{Key:"user", Value:1}, primitive.E{Key:"createAt", Value:1}, primitive.E{Key:"index", Value:1}}, PartialFilterExpression:primitive.D(nil)}
2026-06-07T02:00:13.394+0700	no indexes to restore for collection iot_backup.users
2026-06-07T02:00:13.394+0700	no indexes to restore for collection iot_backup.groups
2026-06-07T02:00:13.394+0700	no indexes to restore for collection iot_backup.infos
2026-06-07T02:00:15.600+0700	1697243 document(s) restored successfully. 0 document(s) failed to restore.
Backup clone done at Sun Jun  7 02:00:15 +07 2026
{ ok: 1, dropped: 'iot_backup' }
2026-06-08T02:00:02.256+0700	writing iot.sensors to /tmp/mongo_clone/iot/sensors.bson
2026-06-08T02:00:02.256+0700	writing iot.prvdatas to /tmp/mongo_clone/iot/prvdatas.bson
2026-06-08T02:00:02.256+0700	writing iot.alarms to /tmp/mongo_clone/iot/alarms.bson
2026-06-08T02:00:02.256+0700	writing iot.prvcontrols to /tmp/mongo_clone/iot/prvcontrols.bson
2026-06-08T02:00:02.259+0700	done dumping iot.prvcontrols (606 documents)
2026-06-08T02:00:02.259+0700	writing iot.infos to /tmp/mongo_clone/iot/infos.bson
2026-06-08T02:00:02.259+0700	done dumping iot.infos (22 documents)
2026-06-08T02:00:02.259+0700	writing iot.groups to /tmp/mongo_clone/iot/groups.bson
2026-06-08T02:00:02.260+0700	done dumping iot.groups (10 documents)
2026-06-08T02:00:02.260+0700	writing iot.prvs to /tmp/mongo_clone/iot/prvs.bson
2026-06-08T02:00:02.260+0700	done dumping iot.prvs (3 documents)
2026-06-08T02:00:02.260+0700	writing iot.users to /tmp/mongo_clone/iot/users.bson
2026-06-08T02:00:02.261+0700	done dumping iot.users (2 documents)
2026-06-08T02:00:02.261+0700	writing iot.prvtimes to /tmp/mongo_clone/iot/prvtimes.bson
2026-06-08T02:00:02.261+0700	done dumping iot.prvtimes (0 documents)
2026-06-08T02:00:02.301+0700	done dumping iot.alarms (44232 documents)
2026-06-08T02:00:02.394+0700	done dumping iot.prvdatas (142261 documents)
2026-06-08T02:00:03.511+0700	done dumping iot.sensors (1539188 documents)
2026-06-08T02:00:03.522+0700	The --db and --collection flags are deprecated for this use-case; please use --nsInclude instead, i.e. with --nsInclude=${DATABASE}.${COLLECTION}
2026-06-08T02:00:03.522+0700	building a list of collections to restore from /tmp/mongo_clone/iot dir
2026-06-08T02:00:03.522+0700	don't know what to do with file "/tmp/mongo_clone/iot/prelude.json", skipping...
2026-06-08T02:00:03.522+0700	reading metadata for iot_backup.alarms from /tmp/mongo_clone/iot/alarms.metadata.json
2026-06-08T02:00:03.522+0700	reading metadata for iot_backup.groups from /tmp/mongo_clone/iot/groups.metadata.json
2026-06-08T02:00:03.522+0700	reading metadata for iot_backup.prvs from /tmp/mongo_clone/iot/prvs.metadata.json
2026-06-08T02:00:03.522+0700	reading metadata for iot_backup.prvtimes from /tmp/mongo_clone/iot/prvtimes.metadata.json
2026-06-08T02:00:03.522+0700	reading metadata for iot_backup.users from /tmp/mongo_clone/iot/users.metadata.json
2026-06-08T02:00:03.522+0700	reading metadata for iot_backup.infos from /tmp/mongo_clone/iot/infos.metadata.json
2026-06-08T02:00:03.522+0700	reading metadata for iot_backup.prvcontrols from /tmp/mongo_clone/iot/prvcontrols.metadata.json
2026-06-08T02:00:03.522+0700	reading metadata for iot_backup.prvdatas from /tmp/mongo_clone/iot/prvdatas.metadata.json
2026-06-08T02:00:03.522+0700	reading metadata for iot_backup.sensors from /tmp/mongo_clone/iot/sensors.metadata.json
2026-06-08T02:00:03.603+0700	restoring iot_backup.sensors from /tmp/mongo_clone/iot/sensors.bson
2026-06-08T02:00:03.622+0700	restoring iot_backup.prvdatas from /tmp/mongo_clone/iot/prvdatas.bson
2026-06-08T02:00:03.635+0700	restoring iot_backup.alarms from /tmp/mongo_clone/iot/alarms.bson
2026-06-08T02:00:03.655+0700	restoring iot_backup.prvcontrols from /tmp/mongo_clone/iot/prvcontrols.bson
2026-06-08T02:00:03.665+0700	finished restoring iot_backup.prvcontrols (606 documents, 0 failures)
2026-06-08T02:00:03.706+0700	restoring iot_backup.infos from /tmp/mongo_clone/iot/infos.bson
2026-06-08T02:00:03.723+0700	finished restoring iot_backup.infos (22 documents, 0 failures)
2026-06-08T02:00:03.769+0700	restoring iot_backup.prvs from /tmp/mongo_clone/iot/prvs.bson
2026-06-08T02:00:03.781+0700	finished restoring iot_backup.prvs (3 documents, 0 failures)
2026-06-08T02:00:03.823+0700	restoring iot_backup.groups from /tmp/mongo_clone/iot/groups.bson
2026-06-08T02:00:03.835+0700	finished restoring iot_backup.groups (10 documents, 0 failures)
2026-06-08T02:00:03.910+0700	restoring iot_backup.users from /tmp/mongo_clone/iot/users.bson
2026-06-08T02:00:03.928+0700	finished restoring iot_backup.users (2 documents, 0 failures)
2026-06-08T02:00:03.944+0700	finished restoring iot_backup.alarms (44232 documents, 0 failures)
2026-06-08T02:00:03.969+0700	restoring iot_backup.prvtimes from /tmp/mongo_clone/iot/prvtimes.bson
2026-06-08T02:00:03.980+0700	finished restoring iot_backup.prvtimes (0 documents, 0 failures)
2026-06-08T02:00:04.804+0700	finished restoring iot_backup.prvdatas (142261 documents, 0 failures)
2026-06-08T02:00:06.522+0700	[######..................]  iot_backup.sensors  47.9MB/177MB  (27.1%)
2026-06-08T02:00:09.522+0700	[#############...........]  iot_backup.sensors  98.3MB/177MB  (55.6%)
2026-06-08T02:00:12.522+0700	[####################....]  iot_backup.sensors  150MB/177MB  (84.6%)
2026-06-08T02:00:14.108+0700	[########################]  iot_backup.sensors  177MB/177MB  (100.0%)
2026-06-08T02:00:14.108+0700	finished restoring iot_backup.sensors (1539188 documents, 0 failures)
2026-06-08T02:00:14.108+0700	no indexes to restore for collection iot_backup.alarms
2026-06-08T02:00:14.108+0700	no indexes to restore for collection iot_backup.groups
2026-06-08T02:00:14.108+0700	no indexes to restore for collection iot_backup.prvtimes
2026-06-08T02:00:14.108+0700	no indexes to restore for collection iot_backup.users
2026-06-08T02:00:14.108+0700	no indexes to restore for collection iot_backup.prvs
2026-06-08T02:00:14.108+0700	no indexes to restore for collection iot_backup.infos
2026-06-08T02:00:14.108+0700	restoring indexes for collection iot_backup.prvcontrols from metadata
2026-06-08T02:00:14.108+0700	index: &idx.IndexDocument{Options:primitive.M{"background":true, "expireAfterSeconds":86400, "name":"createAt_-1", "v":2}, Key:primitive.D{primitive.E{Key:"createAt", Value:-1}}, PartialFilterExpression:primitive.D(nil)}
2026-06-08T02:00:14.108+0700	restoring indexes for collection iot_backup.prvdatas from metadata
2026-06-08T02:00:14.108+0700	index: &idx.IndexDocument{Options:primitive.M{"background":true, "expireAfterSeconds":2592000, "name":"createAt_1", "v":2}, Key:primitive.D{primitive.E{Key:"createAt", Value:1}}, PartialFilterExpression:primitive.D(nil)}
2026-06-08T02:00:14.108+0700	restoring indexes for collection iot_backup.sensors from metadata
2026-06-08T02:00:14.108+0700	index: &idx.IndexDocument{Options:primitive.M{"background":true, "name":"user_1_createAt_1_index_1", "v":2}, Key:primitive.D{primitive.E{Key:"user", Value:1}, primitive.E{Key:"createAt", Value:1}, primitive.E{Key:"index", Value:1}}, PartialFilterExpression:primitive.D(nil)}
2026-06-08T02:00:16.344+0700	1726324 document(s) restored successfully. 0 document(s) failed to restore.
Backup clone done at Mon Jun  8 02:00:16 +07 2026
{ ok: 1, dropped: 'iot_backup' }
2026-06-09T02:00:02.008+0700	writing iot.sensors to /tmp/mongo_clone/iot/sensors.bson
2026-06-09T02:00:02.008+0700	writing iot.prvdatas to /tmp/mongo_clone/iot/prvdatas.bson
2026-06-09T02:00:02.008+0700	writing iot.alarms to /tmp/mongo_clone/iot/alarms.bson
2026-06-09T02:00:02.008+0700	writing iot.prvcontrols to /tmp/mongo_clone/iot/prvcontrols.bson
2026-06-09T02:00:02.010+0700	done dumping iot.prvcontrols (537 documents)
2026-06-09T02:00:02.010+0700	writing iot.infos to /tmp/mongo_clone/iot/infos.bson
2026-06-09T02:00:02.010+0700	done dumping iot.infos (22 documents)
2026-06-09T02:00:02.010+0700	writing iot.groups to /tmp/mongo_clone/iot/groups.bson
2026-06-09T02:00:02.011+0700	done dumping iot.groups (10 documents)
2026-06-09T02:00:02.011+0700	writing iot.prvs to /tmp/mongo_clone/iot/prvs.bson
2026-06-09T02:00:02.011+0700	done dumping iot.prvs (3 documents)
2026-06-09T02:00:02.011+0700	writing iot.users to /tmp/mongo_clone/iot/users.bson
2026-06-09T02:00:02.011+0700	done dumping iot.users (2 documents)
2026-06-09T02:00:02.011+0700	writing iot.prvtimes to /tmp/mongo_clone/iot/prvtimes.bson
2026-06-09T02:00:02.011+0700	done dumping iot.prvtimes (0 documents)
2026-06-09T02:00:02.054+0700	done dumping iot.alarms (44518 documents)
2026-06-09T02:00:02.149+0700	done dumping iot.prvdatas (142287 documents)
2026-06-09T02:00:03.322+0700	done dumping iot.sensors (1568919 documents)
2026-06-09T02:00:03.334+0700	The --db and --collection flags are deprecated for this use-case; please use --nsInclude instead, i.e. with --nsInclude=${DATABASE}.${COLLECTION}
2026-06-09T02:00:03.334+0700	building a list of collections to restore from /tmp/mongo_clone/iot dir
2026-06-09T02:00:03.334+0700	don't know what to do with file "/tmp/mongo_clone/iot/prelude.json", skipping...
2026-06-09T02:00:03.334+0700	reading metadata for iot_backup.prvcontrols from /tmp/mongo_clone/iot/prvcontrols.metadata.json
2026-06-09T02:00:03.335+0700	reading metadata for iot_backup.prvdatas from /tmp/mongo_clone/iot/prvdatas.metadata.json
2026-06-09T02:00:03.335+0700	reading metadata for iot_backup.sensors from /tmp/mongo_clone/iot/sensors.metadata.json
2026-06-09T02:00:03.335+0700	reading metadata for iot_backup.users from /tmp/mongo_clone/iot/users.metadata.json
2026-06-09T02:00:03.335+0700	reading metadata for iot_backup.alarms from /tmp/mongo_clone/iot/alarms.metadata.json
2026-06-09T02:00:03.335+0700	reading metadata for iot_backup.groups from /tmp/mongo_clone/iot/groups.metadata.json
2026-06-09T02:00:03.335+0700	reading metadata for iot_backup.infos from /tmp/mongo_clone/iot/infos.metadata.json
2026-06-09T02:00:03.335+0700	reading metadata for iot_backup.prvs from /tmp/mongo_clone/iot/prvs.metadata.json
2026-06-09T02:00:03.335+0700	reading metadata for iot_backup.prvtimes from /tmp/mongo_clone/iot/prvtimes.metadata.json
2026-06-09T02:00:03.417+0700	restoring iot_backup.sensors from /tmp/mongo_clone/iot/sensors.bson
2026-06-09T02:00:03.428+0700	restoring iot_backup.prvdatas from /tmp/mongo_clone/iot/prvdatas.bson
2026-06-09T02:00:03.447+0700	restoring iot_backup.alarms from /tmp/mongo_clone/iot/alarms.bson
2026-06-09T02:00:03.460+0700	restoring iot_backup.prvcontrols from /tmp/mongo_clone/iot/prvcontrols.bson
2026-06-09T02:00:03.470+0700	finished restoring iot_backup.prvcontrols (537 documents, 0 failures)
2026-06-09T02:00:03.550+0700	restoring iot_backup.infos from /tmp/mongo_clone/iot/infos.bson
2026-06-09T02:00:03.560+0700	finished restoring iot_backup.infos (22 documents, 0 failures)
2026-06-09T02:00:03.614+0700	restoring iot_backup.prvs from /tmp/mongo_clone/iot/prvs.bson
2026-06-09T02:00:03.625+0700	finished restoring iot_backup.prvs (3 documents, 0 failures)
2026-06-09T02:00:03.668+0700	restoring iot_backup.groups from /tmp/mongo_clone/iot/groups.bson
2026-06-09T02:00:03.687+0700	finished restoring iot_backup.groups (10 documents, 0 failures)
2026-06-09T02:00:03.732+0700	restoring iot_backup.users from /tmp/mongo_clone/iot/users.bson
2026-06-09T02:00:03.748+0700	finished restoring iot_backup.users (2 documents, 0 failures)
2026-06-09T02:00:03.753+0700	finished restoring iot_backup.alarms (44518 documents, 0 failures)
2026-06-09T02:00:03.785+0700	restoring iot_backup.prvtimes from /tmp/mongo_clone/iot/prvtimes.bson
2026-06-09T02:00:03.802+0700	finished restoring iot_backup.prvtimes (0 documents, 0 failures)
2026-06-09T02:00:04.599+0700	finished restoring iot_backup.prvdatas (142287 documents, 0 failures)
2026-06-09T02:00:06.335+0700	[######..................]  iot_backup.sensors  47.7MB/180MB  (26.5%)
2026-06-09T02:00:09.334+0700	[#############...........]  iot_backup.sensors  98.2MB/180MB  (54.5%)
2026-06-09T02:00:12.335+0700	[###################.....]  iot_backup.sensors  149MB/180MB  (82.6%)
2026-06-09T02:00:14.201+0700	[########################]  iot_backup.sensors  180MB/180MB  (100.0%)
2026-06-09T02:00:14.201+0700	finished restoring iot_backup.sensors (1568919 documents, 0 failures)
2026-06-09T02:00:14.201+0700	restoring indexes for collection iot_backup.sensors from metadata
2026-06-09T02:00:14.201+0700	index: &idx.IndexDocument{Options:primitive.M{"background":true, "name":"user_1_createAt_1_index_1", "v":2}, Key:primitive.D{primitive.E{Key:"user", Value:1}, primitive.E{Key:"createAt", Value:1}, primitive.E{Key:"index", Value:1}}, PartialFilterExpression:primitive.D(nil)}
2026-06-09T02:00:14.201+0700	no indexes to restore for collection iot_backup.alarms
2026-06-09T02:00:14.201+0700	no indexes to restore for collection iot_backup.prvtimes
2026-06-09T02:00:14.201+0700	restoring indexes for collection iot_backup.prvdatas from metadata
2026-06-09T02:00:14.201+0700	index: &idx.IndexDocument{Options:primitive.M{"background":true, "expireAfterSeconds":2592000, "name":"createAt_1", "v":2}, Key:primitive.D{primitive.E{Key:"createAt", Value:1}}, PartialFilterExpression:primitive.D(nil)}
2026-06-09T02:00:14.201+0700	no indexes to restore for collection iot_backup.users
2026-06-09T02:00:14.201+0700	no indexes to restore for collection iot_backup.groups
2026-06-09T02:00:14.201+0700	no indexes to restore for collection iot_backup.infos
2026-06-09T02:00:14.201+0700	no indexes to restore for collection iot_backup.prvs
2026-06-09T02:00:14.201+0700	restoring indexes for collection iot_backup.prvcontrols from metadata
2026-06-09T02:00:14.201+0700	index: &idx.IndexDocument{Options:primitive.M{"background":true, "expireAfterSeconds":86400, "name":"createAt_-1", "v":2}, Key:primitive.D{primitive.E{Key:"createAt", Value:-1}}, PartialFilterExpression:primitive.D(nil)}
2026-06-09T02:00:16.494+0700	1756298 document(s) restored successfully. 0 document(s) failed to restore.
Backup clone done at Tue Jun  9 02:00:16 +07 2026
{ ok: 1, dropped: 'iot_backup' }
2026-06-10T02:00:02.137+0700	writing iot.sensors to /tmp/mongo_clone/iot/sensors.bson
2026-06-10T02:00:02.138+0700	writing iot.prvdatas to /tmp/mongo_clone/iot/prvdatas.bson
2026-06-10T02:00:02.138+0700	writing iot.alarms to /tmp/mongo_clone/iot/alarms.bson
2026-06-10T02:00:02.138+0700	writing iot.prvcontrols to /tmp/mongo_clone/iot/prvcontrols.bson
2026-06-10T02:00:02.143+0700	done dumping iot.prvcontrols (686 documents)
2026-06-10T02:00:02.143+0700	writing iot.infos to /tmp/mongo_clone/iot/infos.bson
2026-06-10T02:00:02.143+0700	done dumping iot.infos (22 documents)
2026-06-10T02:00:02.143+0700	writing iot.groups to /tmp/mongo_clone/iot/groups.bson
2026-06-10T02:00:02.143+0700	done dumping iot.groups (10 documents)
2026-06-10T02:00:02.143+0700	writing iot.prvs to /tmp/mongo_clone/iot/prvs.bson
2026-06-10T02:00:02.144+0700	done dumping iot.prvs (3 documents)
2026-06-10T02:00:02.144+0700	writing iot.users to /tmp/mongo_clone/iot/users.bson
2026-06-10T02:00:02.144+0700	done dumping iot.users (2 documents)
2026-06-10T02:00:02.144+0700	writing iot.prvtimes to /tmp/mongo_clone/iot/prvtimes.bson
2026-06-10T02:00:02.144+0700	done dumping iot.prvtimes (0 documents)
2026-06-10T02:00:02.192+0700	done dumping iot.alarms (44813 documents)
2026-06-10T02:00:02.295+0700	done dumping iot.prvdatas (142314 documents)
2026-06-10T02:00:03.534+0700	done dumping iot.sensors (1599095 documents)
2026-06-10T02:00:03.546+0700	The --db and --collection flags are deprecated for this use-case; please use --nsInclude instead, i.e. with --nsInclude=${DATABASE}.${COLLECTION}
2026-06-10T02:00:03.546+0700	building a list of collections to restore from /tmp/mongo_clone/iot dir
2026-06-10T02:00:03.546+0700	don't know what to do with file "/tmp/mongo_clone/iot/prelude.json", skipping...
2026-06-10T02:00:03.546+0700	reading metadata for iot_backup.alarms from /tmp/mongo_clone/iot/alarms.metadata.json
2026-06-10T02:00:03.546+0700	reading metadata for iot_backup.groups from /tmp/mongo_clone/iot/groups.metadata.json
2026-06-10T02:00:03.546+0700	reading metadata for iot_backup.sensors from /tmp/mongo_clone/iot/sensors.metadata.json
2026-06-10T02:00:03.546+0700	reading metadata for iot_backup.users from /tmp/mongo_clone/iot/users.metadata.json
2026-06-10T02:00:03.546+0700	reading metadata for iot_backup.infos from /tmp/mongo_clone/iot/infos.metadata.json
2026-06-10T02:00:03.546+0700	reading metadata for iot_backup.prvcontrols from /tmp/mongo_clone/iot/prvcontrols.metadata.json
2026-06-10T02:00:03.546+0700	reading metadata for iot_backup.prvdatas from /tmp/mongo_clone/iot/prvdatas.metadata.json
2026-06-10T02:00:03.546+0700	reading metadata for iot_backup.prvs from /tmp/mongo_clone/iot/prvs.metadata.json
2026-06-10T02:00:03.547+0700	reading metadata for iot_backup.prvtimes from /tmp/mongo_clone/iot/prvtimes.metadata.json
2026-06-10T02:00:03.605+0700	restoring iot_backup.sensors from /tmp/mongo_clone/iot/sensors.bson
2026-06-10T02:00:03.615+0700	restoring iot_backup.prvdatas from /tmp/mongo_clone/iot/prvdatas.bson
2026-06-10T02:00:03.721+0700	restoring iot_backup.alarms from /tmp/mongo_clone/iot/alarms.bson
2026-06-10T02:00:03.745+0700	restoring iot_backup.prvcontrols from /tmp/mongo_clone/iot/prvcontrols.bson
2026-06-10T02:00:03.755+0700	finished restoring iot_backup.prvcontrols (686 documents, 0 failures)
2026-06-10T02:00:03.827+0700	restoring iot_backup.infos from /tmp/mongo_clone/iot/infos.bson
2026-06-10T02:00:03.837+0700	finished restoring iot_backup.infos (22 documents, 0 failures)
2026-06-10T02:00:03.891+0700	restoring iot_backup.prvs from /tmp/mongo_clone/iot/prvs.bson
2026-06-10T02:00:03.902+0700	finished restoring iot_backup.prvs (3 documents, 0 failures)
2026-06-10T02:00:03.959+0700	restoring iot_backup.groups from /tmp/mongo_clone/iot/groups.bson
2026-06-10T02:00:03.975+0700	finished restoring iot_backup.groups (10 documents, 0 failures)
2026-06-10T02:00:04.028+0700	finished restoring iot_backup.alarms (44813 documents, 0 failures)
2026-06-10T02:00:04.040+0700	restoring iot_backup.users from /tmp/mongo_clone/iot/users.bson
2026-06-10T02:00:04.050+0700	finished restoring iot_backup.users (2 documents, 0 failures)
2026-06-10T02:00:04.122+0700	restoring iot_backup.prvtimes from /tmp/mongo_clone/iot/prvtimes.bson
2026-06-10T02:00:04.135+0700	finished restoring iot_backup.prvtimes (0 documents, 0 failures)
2026-06-10T02:00:04.776+0700	finished restoring iot_backup.prvdatas (142314 documents, 0 failures)
2026-06-10T02:00:06.546+0700	[######..................]  iot_backup.sensors  47.6MB/184MB  (25.9%)
2026-06-10T02:00:09.546+0700	[############............]  iot_backup.sensors  97.8MB/184MB  (53.2%)
2026-06-10T02:00:12.546+0700	[###################.....]  iot_backup.sensors  148MB/184MB  (80.6%)
2026-06-10T02:00:14.595+0700	[########################]  iot_backup.sensors  184MB/184MB  (100.0%)
2026-06-10T02:00:14.596+0700	finished restoring iot_backup.sensors (1599095 documents, 0 failures)
2026-06-10T02:00:14.596+0700	restoring indexes for collection iot_backup.prvcontrols from metadata
2026-06-10T02:00:14.596+0700	index: &idx.IndexDocument{Options:primitive.M{"background":true, "expireAfterSeconds":86400, "name":"createAt_-1", "v":2}, Key:primitive.D{primitive.E{Key:"createAt", Value:-1}}, PartialFilterExpression:primitive.D(nil)}
2026-06-10T02:00:14.596+0700	restoring indexes for collection iot_backup.prvdatas from metadata
2026-06-10T02:00:14.596+0700	index: &idx.IndexDocument{Options:primitive.M{"background":true, "expireAfterSeconds":2592000, "name":"createAt_1", "v":2}, Key:primitive.D{primitive.E{Key:"createAt", Value:1}}, PartialFilterExpression:primitive.D(nil)}
2026-06-10T02:00:14.596+0700	no indexes to restore for collection iot_backup.prvs
2026-06-10T02:00:14.596+0700	no indexes to restore for collection iot_backup.users
2026-06-10T02:00:14.596+0700	no indexes to restore for collection iot_backup.groups
2026-06-10T02:00:14.596+0700	restoring indexes for collection iot_backup.sensors from metadata
2026-06-10T02:00:14.596+0700	index: &idx.IndexDocument{Options:primitive.M{"background":true, "name":"user_1_createAt_1_index_1", "v":2}, Key:primitive.D{primitive.E{Key:"user", Value:1}, primitive.E{Key:"createAt", Value:1}, primitive.E{Key:"index", Value:1}}, PartialFilterExpression:primitive.D(nil)}
2026-06-10T02:00:14.596+0700	no indexes to restore for collection iot_backup.infos
2026-06-10T02:00:14.596+0700	no indexes to restore for collection iot_backup.prvtimes
2026-06-10T02:00:14.596+0700	no indexes to restore for collection iot_backup.alarms
2026-06-10T02:00:16.908+0700	1786945 document(s) restored successfully. 0 document(s) failed to restore.
Backup clone done at Wed Jun 10 02:00:16 +07 2026
{ ok: 1, dropped: 'iot_backup' }
2026-06-11T02:00:01.544+0700	writing iot.sensors to /tmp/mongo_clone/iot/sensors.bson
2026-06-11T02:00:01.544+0700	writing iot.prvdatas to /tmp/mongo_clone/iot/prvdatas.bson
2026-06-11T02:00:01.544+0700	writing iot.alarms to /tmp/mongo_clone/iot/alarms.bson
2026-06-11T02:00:01.544+0700	writing iot.prvcontrols to /tmp/mongo_clone/iot/prvcontrols.bson
2026-06-11T02:00:01.551+0700	done dumping iot.prvcontrols (843 documents)
2026-06-11T02:00:01.551+0700	writing iot.infos to /tmp/mongo_clone/iot/infos.bson
2026-06-11T02:00:01.552+0700	done dumping iot.infos (22 documents)
2026-06-11T02:00:01.552+0700	writing iot.groups to /tmp/mongo_clone/iot/groups.bson
2026-06-11T02:00:01.553+0700	done dumping iot.groups (10 documents)
2026-06-11T02:00:01.553+0700	writing iot.prvs to /tmp/mongo_clone/iot/prvs.bson
2026-06-11T02:00:01.553+0700	done dumping iot.prvs (3 documents)
2026-06-11T02:00:01.553+0700	writing iot.users to /tmp/mongo_clone/iot/users.bson
2026-06-11T02:00:01.553+0700	done dumping iot.users (2 documents)
2026-06-11T02:00:01.553+0700	writing iot.prvtimes to /tmp/mongo_clone/iot/prvtimes.bson
2026-06-11T02:00:01.554+0700	done dumping iot.prvtimes (0 documents)
2026-06-11T02:00:01.590+0700	done dumping iot.alarms (44928 documents)
2026-06-11T02:00:01.698+0700	done dumping iot.prvdatas (142513 documents)
2026-06-11T02:00:02.950+0700	done dumping iot.sensors (1629277 documents)
2026-06-11T02:00:02.962+0700	The --db and --collection flags are deprecated for this use-case; please use --nsInclude instead, i.e. with --nsInclude=${DATABASE}.${COLLECTION}
2026-06-11T02:00:02.962+0700	building a list of collections to restore from /tmp/mongo_clone/iot dir
2026-06-11T02:00:02.962+0700	don't know what to do with file "/tmp/mongo_clone/iot/prelude.json", skipping...
2026-06-11T02:00:02.962+0700	reading metadata for iot_backup.prvs from /tmp/mongo_clone/iot/prvs.metadata.json
2026-06-11T02:00:02.962+0700	reading metadata for iot_backup.prvtimes from /tmp/mongo_clone/iot/prvtimes.metadata.json
2026-06-11T02:00:02.962+0700	reading metadata for iot_backup.prvcontrols from /tmp/mongo_clone/iot/prvcontrols.metadata.json
2026-06-11T02:00:02.962+0700	reading metadata for iot_backup.prvdatas from /tmp/mongo_clone/iot/prvdatas.metadata.json
2026-06-11T02:00:02.962+0700	reading metadata for iot_backup.sensors from /tmp/mongo_clone/iot/sensors.metadata.json
2026-06-11T02:00:02.962+0700	reading metadata for iot_backup.users from /tmp/mongo_clone/iot/users.metadata.json
2026-06-11T02:00:02.962+0700	reading metadata for iot_backup.alarms from /tmp/mongo_clone/iot/alarms.metadata.json
2026-06-11T02:00:02.962+0700	reading metadata for iot_backup.groups from /tmp/mongo_clone/iot/groups.metadata.json
2026-06-11T02:00:02.962+0700	reading metadata for iot_backup.infos from /tmp/mongo_clone/iot/infos.metadata.json
2026-06-11T02:00:03.028+0700	restoring iot_backup.sensors from /tmp/mongo_clone/iot/sensors.bson
2026-06-11T02:00:03.040+0700	restoring iot_backup.prvdatas from /tmp/mongo_clone/iot/prvdatas.bson
2026-06-11T02:00:03.075+0700	restoring iot_backup.alarms from /tmp/mongo_clone/iot/alarms.bson
2026-06-11T02:00:03.096+0700	restoring iot_backup.prvcontrols from /tmp/mongo_clone/iot/prvcontrols.bson
2026-06-11T02:00:03.106+0700	finished restoring iot_backup.prvcontrols (843 documents, 0 failures)
2026-06-11T02:00:03.177+0700	restoring iot_backup.infos from /tmp/mongo_clone/iot/infos.bson
2026-06-11T02:00:03.188+0700	finished restoring iot_backup.infos (22 documents, 0 failures)
2026-06-11T02:00:03.260+0700	restoring iot_backup.prvs from /tmp/mongo_clone/iot/prvs.bson
2026-06-11T02:00:03.278+0700	finished restoring iot_backup.prvs (3 documents, 0 failures)
2026-06-11T02:00:03.320+0700	restoring iot_backup.groups from /tmp/mongo_clone/iot/groups.bson
2026-06-11T02:00:03.339+0700	finished restoring iot_backup.groups (10 documents, 0 failures)
2026-06-11T02:00:03.393+0700	restoring iot_backup.users from /tmp/mongo_clone/iot/users.bson
2026-06-11T02:00:03.404+0700	finished restoring iot_backup.users (2 documents, 0 failures)
2026-06-11T02:00:03.411+0700	finished restoring iot_backup.alarms (44928 documents, 0 failures)
2026-06-11T02:00:03.466+0700	restoring iot_backup.prvtimes from /tmp/mongo_clone/iot/prvtimes.bson
2026-06-11T02:00:03.478+0700	finished restoring iot_backup.prvtimes (0 documents, 0 failures)
2026-06-11T02:00:04.270+0700	finished restoring iot_backup.prvdatas (142513 documents, 0 failures)
2026-06-11T02:00:05.962+0700	[######..................]  iot_backup.sensors  47.0MB/187MB  (25.1%)
2026-06-11T02:00:08.962+0700	[############............]  iot_backup.sensors  96.9MB/187MB  (51.8%)
2026-06-11T02:00:11.962+0700	[##################......]  iot_backup.sensors  147MB/187MB  (78.3%)
2026-06-11T02:00:14.353+0700	[########################]  iot_backup.sensors  187MB/187MB  (100.0%)
2026-06-11T02:00:14.353+0700	finished restoring iot_backup.sensors (1629277 documents, 0 failures)
2026-06-11T02:00:14.353+0700	no indexes to restore for collection iot_backup.prvtimes
2026-06-11T02:00:14.353+0700	no indexes to restore for collection iot_backup.users
2026-06-11T02:00:14.353+0700	no indexes to restore for collection iot_backup.groups
2026-06-11T02:00:14.353+0700	restoring indexes for collection iot_backup.sensors from metadata
2026-06-11T02:00:14.353+0700	index: &idx.IndexDocument{Options:primitive.M{"background":true, "name":"user_1_createAt_1_index_1", "v":2}, Key:primitive.D{primitive.E{Key:"user", Value:1}, primitive.E{Key:"createAt", Value:1}, primitive.E{Key:"index", Value:1}}, PartialFilterExpression:primitive.D(nil)}
2026-06-11T02:00:14.353+0700	no indexes to restore for collection iot_backup.alarms
2026-06-11T02:00:14.353+0700	no indexes to restore for collection iot_backup.infos
2026-06-11T02:00:14.353+0700	no indexes to restore for collection iot_backup.prvs
2026-06-11T02:00:14.353+0700	restoring indexes for collection iot_backup.prvcontrols from metadata
2026-06-11T02:00:14.353+0700	index: &idx.IndexDocument{Options:primitive.M{"background":true, "expireAfterSeconds":86400, "name":"createAt_-1", "v":2}, Key:primitive.D{primitive.E{Key:"createAt", Value:-1}}, PartialFilterExpression:primitive.D(nil)}
2026-06-11T02:00:14.353+0700	restoring indexes for collection iot_backup.prvdatas from metadata
2026-06-11T02:00:14.353+0700	index: &idx.IndexDocument{Options:primitive.M{"background":true, "expireAfterSeconds":2592000, "name":"createAt_1", "v":2}, Key:primitive.D{primitive.E{Key:"createAt", Value:1}}, PartialFilterExpression:primitive.D(nil)}
2026-06-11T02:00:16.734+0700	1817598 document(s) restored successfully. 0 document(s) failed to restore.
Backup clone done at Thu Jun 11 02:00:16 +07 2026
{ ok: 1, dropped: 'iot_backup' }
2026-06-12T02:00:02.380+0700	writing iot.sensors to /tmp/mongo_clone/iot/sensors.bson
2026-06-12T02:00:02.380+0700	writing iot.prvdatas to /tmp/mongo_clone/iot/prvdatas.bson
2026-06-12T02:00:02.380+0700	writing iot.alarms to /tmp/mongo_clone/iot/alarms.bson
2026-06-12T02:00:02.381+0700	writing iot.prvcontrols to /tmp/mongo_clone/iot/prvcontrols.bson
2026-06-12T02:00:02.383+0700	done dumping iot.prvcontrols (728 documents)
2026-06-12T02:00:02.383+0700	writing iot.infos to /tmp/mongo_clone/iot/infos.bson
2026-06-12T02:00:02.384+0700	done dumping iot.infos (22 documents)
2026-06-12T02:00:02.384+0700	writing iot.groups to /tmp/mongo_clone/iot/groups.bson
2026-06-12T02:00:02.384+0700	done dumping iot.groups (10 documents)
2026-06-12T02:00:02.384+0700	writing iot.prvs to /tmp/mongo_clone/iot/prvs.bson
2026-06-12T02:00:02.385+0700	done dumping iot.prvs (3 documents)
2026-06-12T02:00:02.385+0700	writing iot.users to /tmp/mongo_clone/iot/users.bson
2026-06-12T02:00:02.385+0700	done dumping iot.users (2 documents)
2026-06-12T02:00:02.385+0700	writing iot.prvtimes to /tmp/mongo_clone/iot/prvtimes.bson
2026-06-12T02:00:02.386+0700	done dumping iot.prvtimes (0 documents)
2026-06-12T02:00:02.428+0700	done dumping iot.alarms (45158 documents)
2026-06-12T02:00:02.534+0700	done dumping iot.prvdatas (142526 documents)
2026-06-12T02:00:03.795+0700	done dumping iot.sensors (1659745 documents)
2026-06-12T02:00:03.806+0700	The --db and --collection flags are deprecated for this use-case; please use --nsInclude instead, i.e. with --nsInclude=${DATABASE}.${COLLECTION}
2026-06-12T02:00:03.806+0700	building a list of collections to restore from /tmp/mongo_clone/iot dir
2026-06-12T02:00:03.806+0700	don't know what to do with file "/tmp/mongo_clone/iot/prelude.json", skipping...
2026-06-12T02:00:03.806+0700	reading metadata for iot_backup.prvdatas from /tmp/mongo_clone/iot/prvdatas.metadata.json
2026-06-12T02:00:03.806+0700	reading metadata for iot_backup.prvs from /tmp/mongo_clone/iot/prvs.metadata.json
2026-06-12T02:00:03.806+0700	reading metadata for iot_backup.users from /tmp/mongo_clone/iot/users.metadata.json
2026-06-12T02:00:03.806+0700	reading metadata for iot_backup.alarms from /tmp/mongo_clone/iot/alarms.metadata.json
2026-06-12T02:00:03.806+0700	reading metadata for iot_backup.groups from /tmp/mongo_clone/iot/groups.metadata.json
2026-06-12T02:00:03.806+0700	reading metadata for iot_backup.infos from /tmp/mongo_clone/iot/infos.metadata.json
2026-06-12T02:00:03.806+0700	reading metadata for iot_backup.prvcontrols from /tmp/mongo_clone/iot/prvcontrols.metadata.json
2026-06-12T02:00:03.806+0700	reading metadata for iot_backup.prvtimes from /tmp/mongo_clone/iot/prvtimes.metadata.json
2026-06-12T02:00:03.806+0700	reading metadata for iot_backup.sensors from /tmp/mongo_clone/iot/sensors.metadata.json
2026-06-12T02:00:03.908+0700	restoring iot_backup.sensors from /tmp/mongo_clone/iot/sensors.bson
2026-06-12T02:00:03.914+0700	restoring iot_backup.prvdatas from /tmp/mongo_clone/iot/prvdatas.bson
2026-06-12T02:00:03.925+0700	restoring iot_backup.alarms from /tmp/mongo_clone/iot/alarms.bson
2026-06-12T02:00:03.951+0700	restoring iot_backup.prvcontrols from /tmp/mongo_clone/iot/prvcontrols.bson
2026-06-12T02:00:03.961+0700	finished restoring iot_backup.prvcontrols (728 documents, 0 failures)
2026-06-12T02:00:04.036+0700	restoring iot_backup.infos from /tmp/mongo_clone/iot/infos.bson
2026-06-12T02:00:04.046+0700	finished restoring iot_backup.infos (22 documents, 0 failures)
2026-06-12T02:00:04.079+0700	restoring iot_backup.prvs from /tmp/mongo_clone/iot/prvs.bson
2026-06-12T02:00:04.090+0700	finished restoring iot_backup.prvs (3 documents, 0 failures)
2026-06-12T02:00:04.118+0700	restoring iot_backup.groups from /tmp/mongo_clone/iot/groups.bson
2026-06-12T02:00:04.135+0700	finished restoring iot_backup.groups (10 documents, 0 failures)
2026-06-12T02:00:04.168+0700	restoring iot_backup.users from /tmp/mongo_clone/iot/users.bson
2026-06-12T02:00:04.186+0700	finished restoring iot_backup.users (2 documents, 0 failures)
2026-06-12T02:00:04.225+0700	finished restoring iot_backup.alarms (45158 documents, 0 failures)
2026-06-12T02:00:04.236+0700	restoring iot_backup.prvtimes from /tmp/mongo_clone/iot/prvtimes.bson
2026-06-12T02:00:04.249+0700	finished restoring iot_backup.prvtimes (0 documents, 0 failures)
2026-06-12T02:00:05.080+0700	finished restoring iot_backup.prvdatas (142526 documents, 0 failures)
2026-06-12T02:00:06.806+0700	[######..................]  iot_backup.sensors  47.7MB/191MB  (25.0%)
2026-06-12T02:00:09.805+0700	[############............]  iot_backup.sensors  97.2MB/191MB  (51.0%)
2026-06-12T02:00:12.806+0700	[##################......]  iot_backup.sensors  148MB/191MB  (77.9%)
2026-06-12T02:00:15.373+0700	[########################]  iot_backup.sensors  191MB/191MB  (100.0%)
2026-06-12T02:00:15.373+0700	finished restoring iot_backup.sensors (1659745 documents, 0 failures)
2026-06-12T02:00:15.373+0700	no indexes to restore for collection iot_backup.prvs
2026-06-12T02:00:15.373+0700	no indexes to restore for collection iot_backup.alarms
2026-06-12T02:00:15.373+0700	no indexes to restore for collection iot_backup.infos
2026-06-12T02:00:15.373+0700	no indexes to restore for collection iot_backup.prvtimes
2026-06-12T02:00:15.373+0700	restoring indexes for collection iot_backup.sensors from metadata
2026-06-12T02:00:15.373+0700	index: &idx.IndexDocument{Options:primitive.M{"background":true, "name":"user_1_createAt_1_index_1", "v":2}, Key:primitive.D{primitive.E{Key:"user", Value:1}, primitive.E{Key:"createAt", Value:1}, primitive.E{Key:"index", Value:1}}, PartialFilterExpression:primitive.D(nil)}
2026-06-12T02:00:15.373+0700	restoring indexes for collection iot_backup.prvdatas from metadata
2026-06-12T02:00:15.373+0700	index: &idx.IndexDocument{Options:primitive.M{"background":true, "expireAfterSeconds":2592000, "name":"createAt_1", "v":2}, Key:primitive.D{primitive.E{Key:"createAt", Value:1}}, PartialFilterExpression:primitive.D(nil)}
2026-06-12T02:00:15.373+0700	no indexes to restore for collection iot_backup.groups
2026-06-12T02:00:15.373+0700	restoring indexes for collection iot_backup.prvcontrols from metadata
2026-06-12T02:00:15.373+0700	index: &idx.IndexDocument{Options:primitive.M{"background":true, "expireAfterSeconds":86400, "name":"createAt_-1", "v":2}, Key:primitive.D{primitive.E{Key:"createAt", Value:-1}}, PartialFilterExpression:primitive.D(nil)}
2026-06-12T02:00:15.373+0700	no indexes to restore for collection iot_backup.users
2026-06-12T02:00:17.893+0700	1848194 document(s) restored successfully. 0 document(s) failed to restore.
Backup clone done at Fri Jun 12 02:00:17 +07 2026
{ ok: 1, dropped: 'iot_backup' }
2026-06-13T02:00:01.532+0700	writing iot.sensors to /tmp/mongo_clone/iot/sensors.bson
2026-06-13T02:00:01.532+0700	writing iot.prvdatas to /tmp/mongo_clone/iot/prvdatas.bson
2026-06-13T02:00:01.532+0700	writing iot.alarms to /tmp/mongo_clone/iot/alarms.bson
2026-06-13T02:00:01.532+0700	writing iot.prvcontrols to /tmp/mongo_clone/iot/prvcontrols.bson
2026-06-13T02:00:01.536+0700	done dumping iot.prvcontrols (779 documents)
2026-06-13T02:00:01.536+0700	writing iot.infos to /tmp/mongo_clone/iot/infos.bson
2026-06-13T02:00:01.537+0700	done dumping iot.infos (22 documents)
2026-06-13T02:00:01.537+0700	writing iot.groups to /tmp/mongo_clone/iot/groups.bson
2026-06-13T02:00:01.538+0700	done dumping iot.groups (10 documents)
2026-06-13T02:00:01.538+0700	writing iot.prvs to /tmp/mongo_clone/iot/prvs.bson
2026-06-13T02:00:01.539+0700	done dumping iot.prvs (3 documents)
2026-06-13T02:00:01.539+0700	writing iot.users to /tmp/mongo_clone/iot/users.bson
2026-06-13T02:00:01.539+0700	done dumping iot.users (2 documents)
2026-06-13T02:00:01.539+0700	writing iot.prvtimes to /tmp/mongo_clone/iot/prvtimes.bson
2026-06-13T02:00:01.539+0700	done dumping iot.prvtimes (0 documents)
2026-06-13T02:00:01.579+0700	done dumping iot.alarms (45416 documents)
2026-06-13T02:00:01.676+0700	done dumping iot.prvdatas (142363 documents)
2026-06-13T02:00:02.927+0700	done dumping iot.sensors (1690595 documents)
2026-06-13T02:00:02.939+0700	The --db and --collection flags are deprecated for this use-case; please use --nsInclude instead, i.e. with --nsInclude=${DATABASE}.${COLLECTION}
2026-06-13T02:00:02.939+0700	building a list of collections to restore from /tmp/mongo_clone/iot dir
2026-06-13T02:00:02.939+0700	don't know what to do with file "/tmp/mongo_clone/iot/prelude.json", skipping...
2026-06-13T02:00:02.939+0700	reading metadata for iot_backup.infos from /tmp/mongo_clone/iot/infos.metadata.json
2026-06-13T02:00:02.939+0700	reading metadata for iot_backup.prvdatas from /tmp/mongo_clone/iot/prvdatas.metadata.json
2026-06-13T02:00:02.939+0700	reading metadata for iot_backup.users from /tmp/mongo_clone/iot/users.metadata.json
2026-06-13T02:00:02.939+0700	reading metadata for iot_backup.groups from /tmp/mongo_clone/iot/groups.metadata.json
2026-06-13T02:00:02.939+0700	reading metadata for iot_backup.prvcontrols from /tmp/mongo_clone/iot/prvcontrols.metadata.json
2026-06-13T02:00:02.939+0700	reading metadata for iot_backup.prvs from /tmp/mongo_clone/iot/prvs.metadata.json
2026-06-13T02:00:02.939+0700	reading metadata for iot_backup.prvtimes from /tmp/mongo_clone/iot/prvtimes.metadata.json
2026-06-13T02:00:02.939+0700	reading metadata for iot_backup.sensors from /tmp/mongo_clone/iot/sensors.metadata.json
2026-06-13T02:00:02.939+0700	reading metadata for iot_backup.alarms from /tmp/mongo_clone/iot/alarms.metadata.json
2026-06-13T02:00:03.047+0700	restoring iot_backup.sensors from /tmp/mongo_clone/iot/sensors.bson
2026-06-13T02:00:03.062+0700	restoring iot_backup.prvdatas from /tmp/mongo_clone/iot/prvdatas.bson
2026-06-13T02:00:03.090+0700	restoring iot_backup.alarms from /tmp/mongo_clone/iot/alarms.bson
2026-06-13T02:00:03.139+0700	restoring iot_backup.prvcontrols from /tmp/mongo_clone/iot/prvcontrols.bson
2026-06-13T02:00:03.150+0700	finished restoring iot_backup.prvcontrols (779 documents, 0 failures)
2026-06-13T02:00:03.288+0700	restoring iot_backup.infos from /tmp/mongo_clone/iot/infos.bson
2026-06-13T02:00:03.299+0700	finished restoring iot_backup.infos (22 documents, 0 failures)
2026-06-13T02:00:03.398+0700	restoring iot_backup.prvs from /tmp/mongo_clone/iot/prvs.bson
2026-06-13T02:00:03.401+0700	finished restoring iot_backup.alarms (45416 documents, 0 failures)
2026-06-13T02:00:03.416+0700	finished restoring iot_backup.prvs (3 documents, 0 failures)
2026-06-13T02:00:03.487+0700	restoring iot_backup.groups from /tmp/mongo_clone/iot/groups.bson
2026-06-13T02:00:03.503+0700	finished restoring iot_backup.groups (10 documents, 0 failures)
2026-06-13T02:00:03.509+0700	restoring iot_backup.users from /tmp/mongo_clone/iot/users.bson
2026-06-13T02:00:03.523+0700	finished restoring iot_backup.users (2 documents, 0 failures)
2026-06-13T02:00:03.568+0700	restoring iot_backup.prvtimes from /tmp/mongo_clone/iot/prvtimes.bson
2026-06-13T02:00:03.585+0700	finished restoring iot_backup.prvtimes (0 documents, 0 failures)
2026-06-13T02:00:04.223+0700	finished restoring iot_backup.prvdatas (142363 documents, 0 failures)
2026-06-13T02:00:05.939+0700	[#####...................]  iot_backup.sensors  47.0MB/194MB  (24.2%)
2026-06-13T02:00:08.938+0700	[############............]  iot_backup.sensors  97.1MB/194MB  (50.0%)
2026-06-13T02:00:11.939+0700	[##################......]  iot_backup.sensors  147MB/194MB  (75.7%)
2026-06-13T02:00:14.778+0700	[########################]  iot_backup.sensors  194MB/194MB  (100.0%)
2026-06-13T02:00:14.778+0700	finished restoring iot_backup.sensors (1690595 documents, 0 failures)
2026-06-13T02:00:14.779+0700	no indexes to restore for collection iot_backup.infos
2026-06-13T02:00:14.779+0700	restoring indexes for collection iot_backup.prvcontrols from metadata
2026-06-13T02:00:14.779+0700	index: &idx.IndexDocument{Options:primitive.M{"background":true, "expireAfterSeconds":86400, "name":"createAt_-1", "v":2}, Key:primitive.D{primitive.E{Key:"createAt", Value:-1}}, PartialFilterExpression:primitive.D(nil)}
2026-06-13T02:00:14.779+0700	no indexes to restore for collection iot_backup.groups
2026-06-13T02:00:14.779+0700	restoring indexes for collection iot_backup.prvdatas from metadata
2026-06-13T02:00:14.779+0700	index: &idx.IndexDocument{Options:primitive.M{"background":true, "expireAfterSeconds":2592000, "name":"createAt_1", "v":2}, Key:primitive.D{primitive.E{Key:"createAt", Value:1}}, PartialFilterExpression:primitive.D(nil)}
2026-06-13T02:00:14.779+0700	no indexes to restore for collection iot_backup.prvtimes
2026-06-13T02:00:14.779+0700	no indexes to restore for collection iot_backup.users
2026-06-13T02:00:14.779+0700	no indexes to restore for collection iot_backup.prvs
2026-06-13T02:00:14.779+0700	restoring indexes for collection iot_backup.sensors from metadata
2026-06-13T02:00:14.779+0700	index: &idx.IndexDocument{Options:primitive.M{"background":true, "name":"user_1_createAt_1_index_1", "v":2}, Key:primitive.D{primitive.E{Key:"user", Value:1}, primitive.E{Key:"createAt", Value:1}, primitive.E{Key:"index", Value:1}}, PartialFilterExpression:primitive.D(nil)}
2026-06-13T02:00:14.779+0700	no indexes to restore for collection iot_backup.alarms
2026-06-13T02:00:17.290+0700	1879190 document(s) restored successfully. 0 document(s) failed to restore.
Backup clone done at Sat Jun 13 02:00:17 +07 2026
{ ok: 1, dropped: 'iot_backup' }
2026-06-14T02:00:01.913+0700	writing iot.sensors to /tmp/mongo_clone/iot/sensors.bson
2026-06-14T02:00:01.913+0700	writing iot.prvdatas to /tmp/mongo_clone/iot/prvdatas.bson
2026-06-14T02:00:01.914+0700	writing iot.alarms to /tmp/mongo_clone/iot/alarms.bson
2026-06-14T02:00:01.914+0700	writing iot.prvcontrols to /tmp/mongo_clone/iot/prvcontrols.bson
2026-06-14T02:00:01.916+0700	done dumping iot.prvcontrols (563 documents)
2026-06-14T02:00:01.916+0700	writing iot.infos to /tmp/mongo_clone/iot/infos.bson
2026-06-14T02:00:01.916+0700	done dumping iot.infos (22 documents)
2026-06-14T02:00:01.916+0700	writing iot.groups to /tmp/mongo_clone/iot/groups.bson
2026-06-14T02:00:01.917+0700	done dumping iot.groups (10 documents)
2026-06-14T02:00:01.917+0700	writing iot.prvs to /tmp/mongo_clone/iot/prvs.bson
2026-06-14T02:00:01.917+0700	done dumping iot.prvs (3 documents)
2026-06-14T02:00:01.917+0700	writing iot.users to /tmp/mongo_clone/iot/users.bson
2026-06-14T02:00:01.917+0700	done dumping iot.users (2 documents)
2026-06-14T02:00:01.917+0700	writing iot.prvtimes to /tmp/mongo_clone/iot/prvtimes.bson
2026-06-14T02:00:01.917+0700	done dumping iot.prvtimes (0 documents)
2026-06-14T02:00:01.969+0700	done dumping iot.alarms (45565 documents)
2026-06-14T02:00:02.067+0700	done dumping iot.prvdatas (142304 documents)
2026-06-14T02:00:03.338+0700	done dumping iot.sensors (1720536 documents)
2026-06-14T02:00:03.351+0700	The --db and --collection flags are deprecated for this use-case; please use --nsInclude instead, i.e. with --nsInclude=${DATABASE}.${COLLECTION}
2026-06-14T02:00:03.351+0700	building a list of collections to restore from /tmp/mongo_clone/iot dir
2026-06-14T02:00:03.351+0700	don't know what to do with file "/tmp/mongo_clone/iot/prelude.json", skipping...
2026-06-14T02:00:03.351+0700	reading metadata for iot_backup.alarms from /tmp/mongo_clone/iot/alarms.metadata.json
2026-06-14T02:00:03.351+0700	reading metadata for iot_backup.groups from /tmp/mongo_clone/iot/groups.metadata.json
2026-06-14T02:00:03.351+0700	reading metadata for iot_backup.infos from /tmp/mongo_clone/iot/infos.metadata.json
2026-06-14T02:00:03.351+0700	reading metadata for iot_backup.prvcontrols from /tmp/mongo_clone/iot/prvcontrols.metadata.json
2026-06-14T02:00:03.351+0700	reading metadata for iot_backup.prvdatas from /tmp/mongo_clone/iot/prvdatas.metadata.json
2026-06-14T02:00:03.351+0700	reading metadata for iot_backup.prvs from /tmp/mongo_clone/iot/prvs.metadata.json
2026-06-14T02:00:03.351+0700	reading metadata for iot_backup.prvtimes from /tmp/mongo_clone/iot/prvtimes.metadata.json
2026-06-14T02:00:03.351+0700	reading metadata for iot_backup.sensors from /tmp/mongo_clone/iot/sensors.metadata.json
2026-06-14T02:00:03.351+0700	reading metadata for iot_backup.users from /tmp/mongo_clone/iot/users.metadata.json
2026-06-14T02:00:03.425+0700	restoring iot_backup.sensors from /tmp/mongo_clone/iot/sensors.bson
2026-06-14T02:00:03.441+0700	restoring iot_backup.prvdatas from /tmp/mongo_clone/iot/prvdatas.bson
2026-06-14T02:00:03.510+0700	restoring iot_backup.alarms from /tmp/mongo_clone/iot/alarms.bson
2026-06-14T02:00:03.528+0700	restoring iot_backup.prvcontrols from /tmp/mongo_clone/iot/prvcontrols.bson
2026-06-14T02:00:03.539+0700	finished restoring iot_backup.prvcontrols (563 documents, 0 failures)
2026-06-14T02:00:03.597+0700	restoring iot_backup.infos from /tmp/mongo_clone/iot/infos.bson
2026-06-14T02:00:03.613+0700	finished restoring iot_backup.infos (22 documents, 0 failures)
2026-06-14T02:00:03.690+0700	restoring iot_backup.prvs from /tmp/mongo_clone/iot/prvs.bson
2026-06-14T02:00:03.700+0700	finished restoring iot_backup.prvs (3 documents, 0 failures)
2026-06-14T02:00:03.738+0700	restoring iot_backup.groups from /tmp/mongo_clone/iot/groups.bson
2026-06-14T02:00:03.748+0700	finished restoring iot_backup.groups (10 documents, 0 failures)
2026-06-14T02:00:03.792+0700	restoring iot_backup.users from /tmp/mongo_clone/iot/users.bson
2026-06-14T02:00:03.809+0700	finished restoring iot_backup.users (2 documents, 0 failures)
2026-06-14T02:00:03.820+0700	finished restoring iot_backup.alarms (45565 documents, 0 failures)
2026-06-14T02:00:03.853+0700	restoring iot_backup.prvtimes from /tmp/mongo_clone/iot/prvtimes.bson
2026-06-14T02:00:03.870+0700	finished restoring iot_backup.prvtimes (0 documents, 0 failures)
2026-06-14T02:00:04.611+0700	finished restoring iot_backup.prvdatas (142304 documents, 0 failures)
2026-06-14T02:00:06.351+0700	[#####...................]  iot_backup.sensors  47.0MB/198MB  (23.8%)
2026-06-14T02:00:09.351+0700	[###########.............]  iot_backup.sensors  96.3MB/198MB  (48.7%)
2026-06-14T02:00:12.352+0700	[#################.......]  iot_backup.sensors  147MB/198MB  (74.3%)
2026-06-14T02:00:15.351+0700	[#######################.]  iot_backup.sensors  197MB/198MB  (99.7%)
2026-06-14T02:00:15.395+0700	[########################]  iot_backup.sensors  198MB/198MB  (100.0%)
2026-06-14T02:00:15.396+0700	finished restoring iot_backup.sensors (1720536 documents, 0 failures)
2026-06-14T02:00:15.396+0700	restoring indexes for collection iot_backup.prvcontrols from metadata
2026-06-14T02:00:15.396+0700	index: &idx.IndexDocument{Options:primitive.M{"background":true, "expireAfterSeconds":86400, "name":"createAt_-1", "v":2}, Key:primitive.D{primitive.E{Key:"createAt", Value:-1}}, PartialFilterExpression:primitive.D(nil)}
2026-06-14T02:00:15.396+0700	no indexes to restore for collection iot_backup.prvs
2026-06-14T02:00:15.396+0700	no indexes to restore for collection iot_backup.prvtimes
2026-06-14T02:00:15.396+0700	no indexes to restore for collection iot_backup.alarms
2026-06-14T02:00:15.396+0700	no indexes to restore for collection iot_backup.groups
2026-06-14T02:00:15.396+0700	no indexes to restore for collection iot_backup.infos
2026-06-14T02:00:15.396+0700	restoring indexes for collection iot_backup.prvdatas from metadata
2026-06-14T02:00:15.396+0700	index: &idx.IndexDocument{Options:primitive.M{"background":true, "expireAfterSeconds":2592000, "name":"createAt_1", "v":2}, Key:primitive.D{primitive.E{Key:"createAt", Value:1}}, PartialFilterExpression:primitive.D(nil)}
2026-06-14T02:00:15.396+0700	restoring indexes for collection iot_backup.sensors from metadata
2026-06-14T02:00:15.397+0700	index: &idx.IndexDocument{Options:primitive.M{"background":true, "name":"user_1_createAt_1_index_1", "v":2}, Key:primitive.D{primitive.E{Key:"user", Value:1}, primitive.E{Key:"createAt", Value:1}, primitive.E{Key:"index", Value:1}}, PartialFilterExpression:primitive.D(nil)}
2026-06-14T02:00:15.397+0700	no indexes to restore for collection iot_backup.users
2026-06-14T02:00:17.950+0700	1909005 document(s) restored successfully. 0 document(s) failed to restore.
Backup clone done at Sun Jun 14 02:00:17 +07 2026
{ ok: 1, dropped: 'iot_backup' }
2026-06-15T02:00:01.578+0700	writing iot.sensors to /tmp/mongo_clone/iot/sensors.bson
2026-06-15T02:00:01.578+0700	writing iot.prvdatas to /tmp/mongo_clone/iot/prvdatas.bson
2026-06-15T02:00:01.578+0700	writing iot.alarms to /tmp/mongo_clone/iot/alarms.bson
2026-06-15T02:00:01.578+0700	writing iot.prvcontrols to /tmp/mongo_clone/iot/prvcontrols.bson
2026-06-15T02:00:01.587+0700	done dumping iot.prvcontrols (402 documents)
2026-06-15T02:00:01.587+0700	writing iot.infos to /tmp/mongo_clone/iot/infos.bson
2026-06-15T02:00:01.587+0700	done dumping iot.infos (22 documents)
2026-06-15T02:00:01.587+0700	writing iot.groups to /tmp/mongo_clone/iot/groups.bson
2026-06-15T02:00:01.588+0700	done dumping iot.groups (10 documents)
2026-06-15T02:00:01.588+0700	writing iot.prvs to /tmp/mongo_clone/iot/prvs.bson
2026-06-15T02:00:01.588+0700	done dumping iot.prvs (3 documents)
2026-06-15T02:00:01.588+0700	writing iot.users to /tmp/mongo_clone/iot/users.bson
2026-06-15T02:00:01.588+0700	done dumping iot.users (2 documents)
2026-06-15T02:00:01.588+0700	writing iot.prvtimes to /tmp/mongo_clone/iot/prvtimes.bson
2026-06-15T02:00:01.589+0700	done dumping iot.prvtimes (0 documents)
2026-06-15T02:00:01.624+0700	done dumping iot.alarms (45815 documents)
2026-06-15T02:00:01.721+0700	done dumping iot.prvdatas (142492 documents)
2026-06-15T02:00:03.086+0700	done dumping iot.sensors (1749269 documents)
2026-06-15T02:00:03.098+0700	The --db and --collection flags are deprecated for this use-case; please use --nsInclude instead, i.e. with --nsInclude=${DATABASE}.${COLLECTION}
2026-06-15T02:00:03.098+0700	building a list of collections to restore from /tmp/mongo_clone/iot dir
2026-06-15T02:00:03.098+0700	don't know what to do with file "/tmp/mongo_clone/iot/prelude.json", skipping...
2026-06-15T02:00:03.098+0700	reading metadata for iot_backup.groups from /tmp/mongo_clone/iot/groups.metadata.json
2026-06-15T02:00:03.098+0700	reading metadata for iot_backup.infos from /tmp/mongo_clone/iot/infos.metadata.json
2026-06-15T02:00:03.098+0700	reading metadata for iot_backup.prvs from /tmp/mongo_clone/iot/prvs.metadata.json
2026-06-15T02:00:03.098+0700	reading metadata for iot_backup.prvtimes from /tmp/mongo_clone/iot/prvtimes.metadata.json
2026-06-15T02:00:03.098+0700	reading metadata for iot_backup.alarms from /tmp/mongo_clone/iot/alarms.metadata.json
2026-06-15T02:00:03.098+0700	reading metadata for iot_backup.prvcontrols from /tmp/mongo_clone/iot/prvcontrols.metadata.json
2026-06-15T02:00:03.099+0700	reading metadata for iot_backup.prvdatas from /tmp/mongo_clone/iot/prvdatas.metadata.json
2026-06-15T02:00:03.099+0700	reading metadata for iot_backup.sensors from /tmp/mongo_clone/iot/sensors.metadata.json
2026-06-15T02:00:03.099+0700	reading metadata for iot_backup.users from /tmp/mongo_clone/iot/users.metadata.json
2026-06-15T02:00:03.151+0700	restoring iot_backup.sensors from /tmp/mongo_clone/iot/sensors.bson
2026-06-15T02:00:03.159+0700	restoring iot_backup.prvdatas from /tmp/mongo_clone/iot/prvdatas.bson
2026-06-15T02:00:03.180+0700	restoring iot_backup.alarms from /tmp/mongo_clone/iot/alarms.bson
2026-06-15T02:00:03.191+0700	restoring iot_backup.prvcontrols from /tmp/mongo_clone/iot/prvcontrols.bson
2026-06-15T02:00:03.202+0700	finished restoring iot_backup.prvcontrols (402 documents, 0 failures)
2026-06-15T02:00:03.362+0700	restoring iot_backup.infos from /tmp/mongo_clone/iot/infos.bson
2026-06-15T02:00:03.372+0700	finished restoring iot_backup.infos (22 documents, 0 failures)
2026-06-15T02:00:03.396+0700	restoring iot_backup.prvs from /tmp/mongo_clone/iot/prvs.bson
2026-06-15T02:00:03.406+0700	finished restoring iot_backup.prvs (3 documents, 0 failures)
2026-06-15T02:00:03.482+0700	restoring iot_backup.groups from /tmp/mongo_clone/iot/groups.bson
2026-06-15T02:00:03.491+0700	finished restoring iot_backup.alarms (45815 documents, 0 failures)
2026-06-15T02:00:03.503+0700	finished restoring iot_backup.groups (10 documents, 0 failures)
2026-06-15T02:00:03.552+0700	restoring iot_backup.users from /tmp/mongo_clone/iot/users.bson
2026-06-15T02:00:03.570+0700	finished restoring iot_backup.users (2 documents, 0 failures)
2026-06-15T02:00:03.576+0700	restoring iot_backup.prvtimes from /tmp/mongo_clone/iot/prvtimes.bson
2026-06-15T02:00:03.586+0700	finished restoring iot_backup.prvtimes (0 documents, 0 failures)
2026-06-15T02:00:04.315+0700	finished restoring iot_backup.prvdatas (142492 documents, 0 failures)
2026-06-15T02:00:06.098+0700	[#####...................]  iot_backup.sensors  48.3MB/201MB  (24.0%)
2026-06-15T02:00:09.098+0700	[###########.............]  iot_backup.sensors  97.9MB/201MB  (48.7%)
2026-06-15T02:00:12.098+0700	[#################.......]  iot_backup.sensors  146MB/201MB  (72.8%)
2026-06-15T02:00:15.098+0700	[#######################.]  iot_backup.sensors  197MB/201MB  (98.1%)
2026-06-15T02:00:15.339+0700	[########################]  iot_backup.sensors  201MB/201MB  (100.0%)
2026-06-15T02:00:15.339+0700	finished restoring iot_backup.sensors (1749269 documents, 0 failures)
2026-06-15T02:00:15.339+0700	no indexes to restore for collection iot_backup.groups
2026-06-15T02:00:15.339+0700	no indexes to restore for collection iot_backup.infos
2026-06-15T02:00:15.339+0700	no indexes to restore for collection iot_backup.prvs
2026-06-15T02:00:15.339+0700	restoring indexes for collection iot_backup.prvcontrols from metadata
2026-06-15T02:00:15.339+0700	index: &idx.IndexDocument{Options:primitive.M{"background":true, "expireAfterSeconds":86400, "name":"createAt_-1", "v":2}, Key:primitive.D{primitive.E{Key:"createAt", Value:-1}}, PartialFilterExpression:primitive.D(nil)}
2026-06-15T02:00:15.339+0700	no indexes to restore for collection iot_backup.prvtimes
2026-06-15T02:00:15.339+0700	no indexes to restore for collection iot_backup.alarms
2026-06-15T02:00:15.339+0700	restoring indexes for collection iot_backup.prvdatas from metadata
2026-06-15T02:00:15.339+0700	index: &idx.IndexDocument{Options:primitive.M{"background":true, "expireAfterSeconds":2592000, "name":"createAt_1", "v":2}, Key:primitive.D{primitive.E{Key:"createAt", Value:1}}, PartialFilterExpression:primitive.D(nil)}
2026-06-15T02:00:15.340+0700	restoring indexes for collection iot_backup.sensors from metadata
2026-06-15T02:00:15.340+0700	index: &idx.IndexDocument{Options:primitive.M{"background":true, "name":"user_1_createAt_1_index_1", "v":2}, Key:primitive.D{primitive.E{Key:"user", Value:1}, primitive.E{Key:"createAt", Value:1}, primitive.E{Key:"index", Value:1}}, PartialFilterExpression:primitive.D(nil)}
2026-06-15T02:00:15.340+0700	no indexes to restore for collection iot_backup.users
2026-06-15T02:00:17.921+0700	1938015 document(s) restored successfully. 0 document(s) failed to restore.
Backup clone done at Mon Jun 15 02:00:17 +07 2026
{ ok: 1, dropped: 'iot_backup' }
2026-06-16T02:00:03.401+0700	writing iot.sensors to /tmp/mongo_clone/iot/sensors.bson
2026-06-16T02:00:03.401+0700	writing iot.prvdatas to /tmp/mongo_clone/iot/prvdatas.bson
2026-06-16T02:00:03.401+0700	writing iot.alarms to /tmp/mongo_clone/iot/alarms.bson
2026-06-16T02:00:03.401+0700	writing iot.prvcontrols to /tmp/mongo_clone/iot/prvcontrols.bson
2026-06-16T02:00:03.405+0700	done dumping iot.prvcontrols (415 documents)
2026-06-16T02:00:03.405+0700	writing iot.infos to /tmp/mongo_clone/iot/infos.bson
2026-06-16T02:00:03.405+0700	done dumping iot.infos (22 documents)
2026-06-16T02:00:03.405+0700	writing iot.groups to /tmp/mongo_clone/iot/groups.bson
2026-06-16T02:00:03.406+0700	done dumping iot.groups (10 documents)
2026-06-16T02:00:03.406+0700	writing iot.prvs to /tmp/mongo_clone/iot/prvs.bson
2026-06-16T02:00:03.406+0700	done dumping iot.prvs (3 documents)
2026-06-16T02:00:03.406+0700	writing iot.users to /tmp/mongo_clone/iot/users.bson
2026-06-16T02:00:03.406+0700	done dumping iot.users (2 documents)
2026-06-16T02:00:03.406+0700	writing iot.prvtimes to /tmp/mongo_clone/iot/prvtimes.bson
2026-06-16T02:00:03.407+0700	done dumping iot.prvtimes (0 documents)
2026-06-16T02:00:03.457+0700	done dumping iot.alarms (45987 documents)
2026-06-16T02:00:03.576+0700	done dumping iot.prvdatas (143760 documents)
2026-06-16T02:00:04.884+0700	done dumping iot.sensors (1778041 documents)
2026-06-16T02:00:05.020+0700	The --db and --collection flags are deprecated for this use-case; please use --nsInclude instead, i.e. with --nsInclude=${DATABASE}.${COLLECTION}
2026-06-16T02:00:05.020+0700	building a list of collections to restore from /tmp/mongo_clone/iot dir
2026-06-16T02:00:05.020+0700	don't know what to do with file "/tmp/mongo_clone/iot/prelude.json", skipping...
2026-06-16T02:00:05.020+0700	reading metadata for iot_backup.alarms from /tmp/mongo_clone/iot/alarms.metadata.json
2026-06-16T02:00:05.020+0700	reading metadata for iot_backup.groups from /tmp/mongo_clone/iot/groups.metadata.json
2026-06-16T02:00:05.020+0700	reading metadata for iot_backup.infos from /tmp/mongo_clone/iot/infos.metadata.json
2026-06-16T02:00:05.020+0700	reading metadata for iot_backup.prvcontrols from /tmp/mongo_clone/iot/prvcontrols.metadata.json
2026-06-16T02:00:05.020+0700	reading metadata for iot_backup.prvtimes from /tmp/mongo_clone/iot/prvtimes.metadata.json
2026-06-16T02:00:05.020+0700	reading metadata for iot_backup.sensors from /tmp/mongo_clone/iot/sensors.metadata.json
2026-06-16T02:00:05.020+0700	reading metadata for iot_backup.prvdatas from /tmp/mongo_clone/iot/prvdatas.metadata.json
2026-06-16T02:00:05.020+0700	reading metadata for iot_backup.prvs from /tmp/mongo_clone/iot/prvs.metadata.json
2026-06-16T02:00:05.020+0700	reading metadata for iot_backup.users from /tmp/mongo_clone/iot/users.metadata.json
2026-06-16T02:00:05.081+0700	restoring iot_backup.sensors from /tmp/mongo_clone/iot/sensors.bson
2026-06-16T02:00:05.091+0700	restoring iot_backup.prvdatas from /tmp/mongo_clone/iot/prvdatas.bson
2026-06-16T02:00:05.109+0700	restoring iot_backup.alarms from /tmp/mongo_clone/iot/alarms.bson
2026-06-16T02:00:05.123+0700	restoring iot_backup.prvcontrols from /tmp/mongo_clone/iot/prvcontrols.bson
2026-06-16T02:00:05.134+0700	finished restoring iot_backup.prvcontrols (415 documents, 0 failures)
2026-06-16T02:00:05.154+0700	restoring iot_backup.infos from /tmp/mongo_clone/iot/infos.bson
2026-06-16T02:00:05.164+0700	finished restoring iot_backup.infos (22 documents, 0 failures)
2026-06-16T02:00:05.207+0700	restoring iot_backup.prvs from /tmp/mongo_clone/iot/prvs.bson
2026-06-16T02:00:05.217+0700	finished restoring iot_backup.prvs (3 documents, 0 failures)
2026-06-16T02:00:05.245+0700	restoring iot_backup.groups from /tmp/mongo_clone/iot/groups.bson
2026-06-16T02:00:05.264+0700	finished restoring iot_backup.groups (10 documents, 0 failures)
2026-06-16T02:00:05.310+0700	restoring iot_backup.users from /tmp/mongo_clone/iot/users.bson
2026-06-16T02:00:05.322+0700	finished restoring iot_backup.users (2 documents, 0 failures)
2026-06-16T02:00:05.353+0700	restoring iot_backup.prvtimes from /tmp/mongo_clone/iot/prvtimes.bson
2026-06-16T02:00:05.371+0700	finished restoring iot_backup.prvtimes (0 documents, 0 failures)
2026-06-16T02:00:05.435+0700	finished restoring iot_backup.alarms (45987 documents, 0 failures)
2026-06-16T02:00:06.275+0700	finished restoring iot_backup.prvdatas (143760 documents, 0 failures)
2026-06-16T02:00:08.019+0700	[#####...................]  iot_backup.sensors  46.2MB/204MB  (22.6%)
2026-06-16T02:00:11.019+0700	[###########.............]  iot_backup.sensors  95.6MB/204MB  (46.8%)
2026-06-16T02:00:14.019+0700	[#################.......]  iot_backup.sensors  146MB/204MB  (71.6%)
2026-06-16T02:00:17.019+0700	[#######################.]  iot_backup.sensors  198MB/204MB  (96.7%)
2026-06-16T02:00:17.412+0700	[########################]  iot_backup.sensors  204MB/204MB  (100.0%)
2026-06-16T02:00:17.412+0700	finished restoring iot_backup.sensors (1778041 documents, 0 failures)
2026-06-16T02:00:17.412+0700	no indexes to restore for collection iot_backup.groups
2026-06-16T02:00:17.412+0700	no indexes to restore for collection iot_backup.prvtimes
2026-06-16T02:00:17.412+0700	restoring indexes for collection iot_backup.sensors from metadata
2026-06-16T02:00:17.412+0700	index: &idx.IndexDocument{Options:primitive.M{"background":true, "name":"user_1_createAt_1_index_1", "v":2}, Key:primitive.D{primitive.E{Key:"user", Value:1}, primitive.E{Key:"createAt", Value:1}, primitive.E{Key:"index", Value:1}}, PartialFilterExpression:primitive.D(nil)}
2026-06-16T02:00:17.412+0700	no indexes to restore for collection iot_backup.prvs
2026-06-16T02:00:17.412+0700	no indexes to restore for collection iot_backup.users
2026-06-16T02:00:17.412+0700	no indexes to restore for collection iot_backup.alarms
2026-06-16T02:00:17.412+0700	no indexes to restore for collection iot_backup.infos
2026-06-16T02:00:17.412+0700	restoring indexes for collection iot_backup.prvcontrols from metadata
2026-06-16T02:00:17.412+0700	index: &idx.IndexDocument{Options:primitive.M{"background":true, "expireAfterSeconds":86400, "name":"createAt_-1", "v":2}, Key:primitive.D{primitive.E{Key:"createAt", Value:-1}}, PartialFilterExpression:primitive.D(nil)}
2026-06-16T02:00:17.412+0700	restoring indexes for collection iot_backup.prvdatas from metadata
2026-06-16T02:00:17.412+0700	index: &idx.IndexDocument{Options:primitive.M{"background":true, "expireAfterSeconds":2592000, "name":"createAt_1", "v":2}, Key:primitive.D{primitive.E{Key:"createAt", Value:1}}, PartialFilterExpression:primitive.D(nil)}
2026-06-16T02:00:20.049+0700	1968240 document(s) restored successfully. 0 document(s) failed to restore.
Backup clone done at Tue Jun 16 02:00:20 +07 2026
{ ok: 1, dropped: 'iot_backup' }
2026-06-17T02:00:03.633+0700	writing iot.sensors to /tmp/mongo_clone/iot/sensors.bson
2026-06-17T02:00:03.633+0700	writing iot.prvdatas to /tmp/mongo_clone/iot/prvdatas.bson
2026-06-17T02:00:03.633+0700	writing iot.alarms to /tmp/mongo_clone/iot/alarms.bson
2026-06-17T02:00:03.633+0700	writing iot.prvcontrols to /tmp/mongo_clone/iot/prvcontrols.bson
2026-06-17T02:00:03.636+0700	done dumping iot.prvcontrols (433 documents)
2026-06-17T02:00:03.636+0700	writing iot.infos to /tmp/mongo_clone/iot/infos.bson
2026-06-17T02:00:03.637+0700	done dumping iot.infos (22 documents)
2026-06-17T02:00:03.637+0700	writing iot.groups to /tmp/mongo_clone/iot/groups.bson
2026-06-17T02:00:03.638+0700	done dumping iot.groups (10 documents)
2026-06-17T02:00:03.638+0700	writing iot.prvs to /tmp/mongo_clone/iot/prvs.bson
2026-06-17T02:00:03.638+0700	done dumping iot.prvs (3 documents)
2026-06-17T02:00:03.638+0700	writing iot.users to /tmp/mongo_clone/iot/users.bson
2026-06-17T02:00:03.639+0700	done dumping iot.users (2 documents)
2026-06-17T02:00:03.639+0700	writing iot.prvtimes to /tmp/mongo_clone/iot/prvtimes.bson
2026-06-17T02:00:03.639+0700	done dumping iot.prvtimes (0 documents)
2026-06-17T02:00:03.695+0700	done dumping iot.alarms (46359 documents)
2026-06-17T02:00:03.798+0700	done dumping iot.prvdatas (143760 documents)
2026-06-17T02:00:05.174+0700	done dumping iot.sensors (1806837 documents)
2026-06-17T02:00:05.323+0700	The --db and --collection flags are deprecated for this use-case; please use --nsInclude instead, i.e. with --nsInclude=${DATABASE}.${COLLECTION}
2026-06-17T02:00:05.323+0700	building a list of collections to restore from /tmp/mongo_clone/iot dir
2026-06-17T02:00:05.323+0700	don't know what to do with file "/tmp/mongo_clone/iot/prelude.json", skipping...
2026-06-17T02:00:05.323+0700	reading metadata for iot_backup.alarms from /tmp/mongo_clone/iot/alarms.metadata.json
2026-06-17T02:00:05.324+0700	reading metadata for iot_backup.groups from /tmp/mongo_clone/iot/groups.metadata.json
2026-06-17T02:00:05.324+0700	reading metadata for iot_backup.infos from /tmp/mongo_clone/iot/infos.metadata.json
2026-06-17T02:00:05.324+0700	reading metadata for iot_backup.prvcontrols from /tmp/mongo_clone/iot/prvcontrols.metadata.json
2026-06-17T02:00:05.324+0700	reading metadata for iot_backup.prvs from /tmp/mongo_clone/iot/prvs.metadata.json
2026-06-17T02:00:05.324+0700	reading metadata for iot_backup.sensors from /tmp/mongo_clone/iot/sensors.metadata.json
2026-06-17T02:00:05.324+0700	reading metadata for iot_backup.prvdatas from /tmp/mongo_clone/iot/prvdatas.metadata.json
2026-06-17T02:00:05.324+0700	reading metadata for iot_backup.prvtimes from /tmp/mongo_clone/iot/prvtimes.metadata.json
2026-06-17T02:00:05.324+0700	reading metadata for iot_backup.users from /tmp/mongo_clone/iot/users.metadata.json
2026-06-17T02:00:05.378+0700	restoring iot_backup.sensors from /tmp/mongo_clone/iot/sensors.bson
2026-06-17T02:00:05.385+0700	restoring iot_backup.prvdatas from /tmp/mongo_clone/iot/prvdatas.bson
2026-06-17T02:00:05.392+0700	restoring iot_backup.alarms from /tmp/mongo_clone/iot/alarms.bson
2026-06-17T02:00:05.410+0700	restoring iot_backup.prvcontrols from /tmp/mongo_clone/iot/prvcontrols.bson
2026-06-17T02:00:05.422+0700	finished restoring iot_backup.prvcontrols (433 documents, 0 failures)
2026-06-17T02:00:05.460+0700	restoring iot_backup.infos from /tmp/mongo_clone/iot/infos.bson
2026-06-17T02:00:05.476+0700	finished restoring iot_backup.infos (22 documents, 0 failures)
2026-06-17T02:00:05.510+0700	restoring iot_backup.prvs from /tmp/mongo_clone/iot/prvs.bson
2026-06-17T02:00:05.520+0700	finished restoring iot_backup.prvs (3 documents, 0 failures)
2026-06-17T02:00:05.548+0700	restoring iot_backup.groups from /tmp/mongo_clone/iot/groups.bson
2026-06-17T02:00:05.558+0700	finished restoring iot_backup.groups (10 documents, 0 failures)
2026-06-17T02:00:05.582+0700	restoring iot_backup.users from /tmp/mongo_clone/iot/users.bson
2026-06-17T02:00:05.592+0700	finished restoring iot_backup.users (2 documents, 0 failures)
2026-06-17T02:00:05.625+0700	restoring iot_backup.prvtimes from /tmp/mongo_clone/iot/prvtimes.bson
2026-06-17T02:00:05.644+0700	finished restoring iot_backup.prvtimes (0 documents, 0 failures)
2026-06-17T02:00:05.724+0700	finished restoring iot_backup.alarms (46359 documents, 0 failures)
2026-06-17T02:00:06.603+0700	finished restoring iot_backup.prvdatas (143760 documents, 0 failures)
2026-06-17T02:00:08.323+0700	[#####...................]  iot_backup.sensors  48.4MB/208MB  (23.3%)
2026-06-17T02:00:11.323+0700	[###########.............]  iot_backup.sensors  98.8MB/208MB  (47.6%)
2026-06-17T02:00:14.323+0700	[#################.......]  iot_backup.sensors  150MB/208MB  (72.1%)
2026-06-17T02:00:17.323+0700	[#######################.]  iot_backup.sensors  201MB/208MB  (96.7%)
2026-06-17T02:00:17.726+0700	[########################]  iot_backup.sensors  208MB/208MB  (100.0%)
2026-06-17T02:00:17.726+0700	finished restoring iot_backup.sensors (1806837 documents, 0 failures)
2026-06-17T02:00:17.726+0700	restoring indexes for collection iot_backup.prvcontrols from metadata
2026-06-17T02:00:17.726+0700	index: &idx.IndexDocument{Options:primitive.M{"background":true, "expireAfterSeconds":86400, "name":"createAt_-1", "v":2}, Key:primitive.D{primitive.E{Key:"createAt", Value:-1}}, PartialFilterExpression:primitive.D(nil)}
2026-06-17T02:00:17.726+0700	no indexes to restore for collection iot_backup.prvs
2026-06-17T02:00:17.726+0700	restoring indexes for collection iot_backup.sensors from metadata
2026-06-17T02:00:17.726+0700	index: &idx.IndexDocument{Options:primitive.M{"background":true, "name":"user_1_createAt_1_index_1", "v":2}, Key:primitive.D{primitive.E{Key:"user", Value:1}, primitive.E{Key:"createAt", Value:1}, primitive.E{Key:"index", Value:1}}, PartialFilterExpression:primitive.D(nil)}
2026-06-17T02:00:17.726+0700	no indexes to restore for collection iot_backup.users
2026-06-17T02:00:17.726+0700	no indexes to restore for collection iot_backup.prvtimes
2026-06-17T02:00:17.726+0700	no indexes to restore for collection iot_backup.alarms
2026-06-17T02:00:17.726+0700	no indexes to restore for collection iot_backup.groups
2026-06-17T02:00:17.726+0700	no indexes to restore for collection iot_backup.infos
2026-06-17T02:00:17.726+0700	restoring indexes for collection iot_backup.prvdatas from metadata
2026-06-17T02:00:17.726+0700	index: &idx.IndexDocument{Options:primitive.M{"background":true, "expireAfterSeconds":2592000, "name":"createAt_1", "v":2}, Key:primitive.D{primitive.E{Key:"createAt", Value:1}}, PartialFilterExpression:primitive.D(nil)}
2026-06-17T02:00:20.254+0700	1997426 document(s) restored successfully. 0 document(s) failed to restore.
Backup clone done at Wed Jun 17 02:00:20 +07 2026
{ ok: 1, dropped: 'iot_backup' }
2026-06-18T02:00:01.879+0700	writing iot.sensors to /tmp/mongo_clone/iot/sensors.bson
2026-06-18T02:00:01.879+0700	writing iot.prvdatas to /tmp/mongo_clone/iot/prvdatas.bson
2026-06-18T02:00:01.879+0700	writing iot.alarms to /tmp/mongo_clone/iot/alarms.bson
2026-06-18T02:00:01.879+0700	writing iot.prvcontrols to /tmp/mongo_clone/iot/prvcontrols.bson
2026-06-18T02:00:01.881+0700	done dumping iot.prvcontrols (478 documents)
2026-06-18T02:00:01.881+0700	writing iot.infos to /tmp/mongo_clone/iot/infos.bson
2026-06-18T02:00:01.882+0700	done dumping iot.infos (22 documents)
2026-06-18T02:00:01.882+0700	writing iot.groups to /tmp/mongo_clone/iot/groups.bson
2026-06-18T02:00:01.882+0700	done dumping iot.groups (10 documents)
2026-06-18T02:00:01.882+0700	writing iot.prvs to /tmp/mongo_clone/iot/prvs.bson
2026-06-18T02:00:01.882+0700	done dumping iot.prvs (3 documents)
2026-06-18T02:00:01.882+0700	writing iot.users to /tmp/mongo_clone/iot/users.bson
2026-06-18T02:00:01.883+0700	done dumping iot.users (2 documents)
2026-06-18T02:00:01.883+0700	writing iot.prvtimes to /tmp/mongo_clone/iot/prvtimes.bson
2026-06-18T02:00:01.884+0700	done dumping iot.prvtimes (0 documents)
2026-06-18T02:00:01.934+0700	done dumping iot.alarms (46545 documents)
2026-06-18T02:00:02.024+0700	done dumping iot.prvdatas (143804 documents)
2026-06-18T02:00:03.410+0700	done dumping iot.sensors (1835847 documents)
2026-06-18T02:00:03.421+0700	The --db and --collection flags are deprecated for this use-case; please use --nsInclude instead, i.e. with --nsInclude=${DATABASE}.${COLLECTION}
2026-06-18T02:00:03.421+0700	building a list of collections to restore from /tmp/mongo_clone/iot dir
2026-06-18T02:00:03.421+0700	don't know what to do with file "/tmp/mongo_clone/iot/prelude.json", skipping...
2026-06-18T02:00:03.421+0700	reading metadata for iot_backup.infos from /tmp/mongo_clone/iot/infos.metadata.json
2026-06-18T02:00:03.421+0700	reading metadata for iot_backup.prvtimes from /tmp/mongo_clone/iot/prvtimes.metadata.json
2026-06-18T02:00:03.421+0700	reading metadata for iot_backup.sensors from /tmp/mongo_clone/iot/sensors.metadata.json
2026-06-18T02:00:03.421+0700	reading metadata for iot_backup.users from /tmp/mongo_clone/iot/users.metadata.json
2026-06-18T02:00:03.422+0700	reading metadata for iot_backup.groups from /tmp/mongo_clone/iot/groups.metadata.json
2026-06-18T02:00:03.422+0700	reading metadata for iot_backup.prvcontrols from /tmp/mongo_clone/iot/prvcontrols.metadata.json
2026-06-18T02:00:03.422+0700	reading metadata for iot_backup.prvdatas from /tmp/mongo_clone/iot/prvdatas.metadata.json
2026-06-18T02:00:03.422+0700	reading metadata for iot_backup.prvs from /tmp/mongo_clone/iot/prvs.metadata.json
2026-06-18T02:00:03.422+0700	reading metadata for iot_backup.alarms from /tmp/mongo_clone/iot/alarms.metadata.json
2026-06-18T02:00:03.483+0700	restoring iot_backup.sensors from /tmp/mongo_clone/iot/sensors.bson
2026-06-18T02:00:03.492+0700	restoring iot_backup.prvdatas from /tmp/mongo_clone/iot/prvdatas.bson
2026-06-18T02:00:03.503+0700	restoring iot_backup.alarms from /tmp/mongo_clone/iot/alarms.bson
2026-06-18T02:00:03.519+0700	restoring iot_backup.prvcontrols from /tmp/mongo_clone/iot/prvcontrols.bson
2026-06-18T02:00:03.529+0700	finished restoring iot_backup.prvcontrols (478 documents, 0 failures)
2026-06-18T02:00:03.637+0700	restoring iot_backup.infos from /tmp/mongo_clone/iot/infos.bson
2026-06-18T02:00:03.648+0700	finished restoring iot_backup.infos (22 documents, 0 failures)
2026-06-18T02:00:03.763+0700	restoring iot_backup.prvs from /tmp/mongo_clone/iot/prvs.bson
2026-06-18T02:00:03.781+0700	finished restoring iot_backup.prvs (3 documents, 0 failures)
2026-06-18T02:00:03.822+0700	finished restoring iot_backup.alarms (46545 documents, 0 failures)
2026-06-18T02:00:03.830+0700	restoring iot_backup.groups from /tmp/mongo_clone/iot/groups.bson
2026-06-18T02:00:03.842+0700	finished restoring iot_backup.groups (10 documents, 0 failures)
2026-06-18T02:00:03.879+0700	restoring iot_backup.users from /tmp/mongo_clone/iot/users.bson
2026-06-18T02:00:03.897+0700	finished restoring iot_backup.users (2 documents, 0 failures)
2026-06-18T02:00:03.905+0700	restoring iot_backup.prvtimes from /tmp/mongo_clone/iot/prvtimes.bson
2026-06-18T02:00:03.919+0700	finished restoring iot_backup.prvtimes (0 documents, 0 failures)
2026-06-18T02:00:04.695+0700	finished restoring iot_backup.prvdatas (143804 documents, 0 failures)
2026-06-18T02:00:06.421+0700	[#####...................]  iot_backup.sensors  46.4MB/211MB  (22.0%)
2026-06-18T02:00:09.421+0700	[##########..............]  iot_backup.sensors  96.1MB/211MB  (45.6%)
2026-06-18T02:00:12.422+0700	[################........]  iot_backup.sensors  145MB/211MB  (69.0%)
2026-06-18T02:00:15.421+0700	[######################..]  iot_backup.sensors  195MB/211MB  (92.4%)
2026-06-18T02:00:16.420+0700	[########################]  iot_backup.sensors  211MB/211MB  (100.0%)
2026-06-18T02:00:16.421+0700	finished restoring iot_backup.sensors (1835847 documents, 0 failures)
2026-06-18T02:00:16.421+0700	no indexes to restore for collection iot_backup.infos
2026-06-18T02:00:16.421+0700	restoring indexes for collection iot_backup.prvdatas from metadata
2026-06-18T02:00:16.421+0700	index: &idx.IndexDocument{Options:primitive.M{"background":true, "expireAfterSeconds":2592000, "name":"createAt_1", "v":2}, Key:primitive.D{primitive.E{Key:"createAt", Value:1}}, PartialFilterExpression:primitive.D(nil)}
2026-06-18T02:00:16.421+0700	no indexes to restore for collection iot_backup.groups
2026-06-18T02:00:16.421+0700	no indexes to restore for collection iot_backup.alarms
2026-06-18T02:00:16.421+0700	no indexes to restore for collection iot_backup.prvtimes
2026-06-18T02:00:16.421+0700	restoring indexes for collection iot_backup.sensors from metadata
2026-06-18T02:00:16.421+0700	index: &idx.IndexDocument{Options:primitive.M{"background":true, "name":"user_1_createAt_1_index_1", "v":2}, Key:primitive.D{primitive.E{Key:"user", Value:1}, primitive.E{Key:"createAt", Value:1}, primitive.E{Key:"index", Value:1}}, PartialFilterExpression:primitive.D(nil)}
2026-06-18T02:00:16.421+0700	no indexes to restore for collection iot_backup.users
2026-06-18T02:00:16.421+0700	restoring indexes for collection iot_backup.prvcontrols from metadata
2026-06-18T02:00:16.421+0700	index: &idx.IndexDocument{Options:primitive.M{"background":true, "expireAfterSeconds":86400, "name":"createAt_-1", "v":2}, Key:primitive.D{primitive.E{Key:"createAt", Value:-1}}, PartialFilterExpression:primitive.D(nil)}
2026-06-18T02:00:16.421+0700	no indexes to restore for collection iot_backup.prvs
2026-06-18T02:00:19.029+0700	2026711 document(s) restored successfully. 0 document(s) failed to restore.
Backup clone done at Thu Jun 18 02:00:19 +07 2026
{ ok: 1, dropped: 'iot_backup' }
2026-06-19T02:00:01.665+0700	writing iot.sensors to /tmp/mongo_clone/iot/sensors.bson
2026-06-19T02:00:01.665+0700	writing iot.prvdatas to /tmp/mongo_clone/iot/prvdatas.bson
2026-06-19T02:00:01.666+0700	writing iot.alarms to /tmp/mongo_clone/iot/alarms.bson
2026-06-19T02:00:01.666+0700	writing iot.prvcontrols to /tmp/mongo_clone/iot/prvcontrols.bson
2026-06-19T02:00:01.668+0700	done dumping iot.prvcontrols (488 documents)
2026-06-19T02:00:01.668+0700	writing iot.infos to /tmp/mongo_clone/iot/infos.bson
2026-06-19T02:00:01.668+0700	done dumping iot.infos (22 documents)
2026-06-19T02:00:01.668+0700	writing iot.groups to /tmp/mongo_clone/iot/groups.bson
2026-06-19T02:00:01.668+0700	done dumping iot.groups (10 documents)
2026-06-19T02:00:01.669+0700	writing iot.prvs to /tmp/mongo_clone/iot/prvs.bson
2026-06-19T02:00:01.669+0700	done dumping iot.prvs (3 documents)
2026-06-19T02:00:01.669+0700	writing iot.users to /tmp/mongo_clone/iot/users.bson
2026-06-19T02:00:01.669+0700	done dumping iot.users (2 documents)
2026-06-19T02:00:01.669+0700	writing iot.prvtimes to /tmp/mongo_clone/iot/prvtimes.bson
2026-06-19T02:00:01.670+0700	done dumping iot.prvtimes (0 documents)
2026-06-19T02:00:01.710+0700	done dumping iot.alarms (46651 documents)
2026-06-19T02:00:01.807+0700	done dumping iot.prvdatas (143796 documents)
2026-06-19T02:00:03.225+0700	done dumping iot.sensors (1864858 documents)
2026-06-19T02:00:03.235+0700	The --db and --collection flags are deprecated for this use-case; please use --nsInclude instead, i.e. with --nsInclude=${DATABASE}.${COLLECTION}
2026-06-19T02:00:03.235+0700	building a list of collections to restore from /tmp/mongo_clone/iot dir
2026-06-19T02:00:03.235+0700	don't know what to do with file "/tmp/mongo_clone/iot/prelude.json", skipping...
2026-06-19T02:00:03.235+0700	reading metadata for iot_backup.users from /tmp/mongo_clone/iot/users.metadata.json
2026-06-19T02:00:03.235+0700	reading metadata for iot_backup.alarms from /tmp/mongo_clone/iot/alarms.metadata.json
2026-06-19T02:00:03.235+0700	reading metadata for iot_backup.prvcontrols from /tmp/mongo_clone/iot/prvcontrols.metadata.json
2026-06-19T02:00:03.235+0700	reading metadata for iot_backup.prvdatas from /tmp/mongo_clone/iot/prvdatas.metadata.json
2026-06-19T02:00:03.235+0700	reading metadata for iot_backup.prvs from /tmp/mongo_clone/iot/prvs.metadata.json
2026-06-19T02:00:03.235+0700	reading metadata for iot_backup.prvtimes from /tmp/mongo_clone/iot/prvtimes.metadata.json
2026-06-19T02:00:03.235+0700	reading metadata for iot_backup.sensors from /tmp/mongo_clone/iot/sensors.metadata.json
2026-06-19T02:00:03.235+0700	reading metadata for iot_backup.groups from /tmp/mongo_clone/iot/groups.metadata.json
2026-06-19T02:00:03.235+0700	reading metadata for iot_backup.infos from /tmp/mongo_clone/iot/infos.metadata.json
2026-06-19T02:00:03.281+0700	restoring iot_backup.sensors from /tmp/mongo_clone/iot/sensors.bson
2026-06-19T02:00:03.294+0700	restoring iot_backup.prvdatas from /tmp/mongo_clone/iot/prvdatas.bson
2026-06-19T02:00:03.301+0700	restoring iot_backup.alarms from /tmp/mongo_clone/iot/alarms.bson
2026-06-19T02:00:03.331+0700	restoring iot_backup.prvcontrols from /tmp/mongo_clone/iot/prvcontrols.bson
2026-06-19T02:00:03.342+0700	finished restoring iot_backup.prvcontrols (488 documents, 0 failures)
2026-06-19T02:00:03.392+0700	restoring iot_backup.infos from /tmp/mongo_clone/iot/infos.bson
2026-06-19T02:00:03.409+0700	finished restoring iot_backup.infos (22 documents, 0 failures)
2026-06-19T02:00:03.449+0700	restoring iot_backup.prvs from /tmp/mongo_clone/iot/prvs.bson
2026-06-19T02:00:03.467+0700	finished restoring iot_backup.prvs (3 documents, 0 failures)
2026-06-19T02:00:03.508+0700	restoring iot_backup.groups from /tmp/mongo_clone/iot/groups.bson
2026-06-19T02:00:03.520+0700	finished restoring iot_backup.groups (10 documents, 0 failures)
2026-06-19T02:00:03.571+0700	restoring iot_backup.users from /tmp/mongo_clone/iot/users.bson
2026-06-19T02:00:03.591+0700	finished restoring iot_backup.users (2 documents, 0 failures)
2026-06-19T02:00:03.613+0700	finished restoring iot_backup.alarms (46651 documents, 0 failures)
2026-06-19T02:00:03.634+0700	restoring iot_backup.prvtimes from /tmp/mongo_clone/iot/prvtimes.bson
2026-06-19T02:00:03.647+0700	finished restoring iot_backup.prvtimes (0 documents, 0 failures)
2026-06-19T02:00:04.465+0700	finished restoring iot_backup.prvdatas (143796 documents, 0 failures)
2026-06-19T02:00:06.235+0700	[#####...................]  iot_backup.sensors  47.7MB/214MB  (22.3%)
2026-06-19T02:00:09.235+0700	[##########..............]  iot_backup.sensors  98.0MB/214MB  (45.8%)
2026-06-19T02:00:12.235+0700	[################........]  iot_backup.sensors  149MB/214MB  (69.4%)
2026-06-19T02:00:15.235+0700	[######################..]  iot_backup.sensors  198MB/214MB  (92.4%)
2026-06-19T02:00:16.212+0700	[########################]  iot_backup.sensors  214MB/214MB  (100.0%)
2026-06-19T02:00:16.212+0700	finished restoring iot_backup.sensors (1864858 documents, 0 failures)
2026-06-19T02:00:16.212+0700	no indexes to restore for collection iot_backup.alarms
2026-06-19T02:00:16.212+0700	restoring indexes for collection iot_backup.prvcontrols from metadata
2026-06-19T02:00:16.212+0700	index: &idx.IndexDocument{Options:primitive.M{"background":true, "expireAfterSeconds":86400, "name":"createAt_-1", "v":2}, Key:primitive.D{primitive.E{Key:"createAt", Value:-1}}, PartialFilterExpression:primitive.D(nil)}
2026-06-19T02:00:16.212+0700	no indexes to restore for collection iot_backup.prvtimes
2026-06-19T02:00:16.212+0700	no indexes to restore for collection iot_backup.groups
2026-06-19T02:00:16.212+0700	no indexes to restore for collection iot_backup.infos
2026-06-19T02:00:16.212+0700	no indexes to restore for collection iot_backup.users
2026-06-19T02:00:16.212+0700	restoring indexes for collection iot_backup.prvdatas from metadata
2026-06-19T02:00:16.212+0700	index: &idx.IndexDocument{Options:primitive.M{"background":true, "expireAfterSeconds":2592000, "name":"createAt_1", "v":2}, Key:primitive.D{primitive.E{Key:"createAt", Value:1}}, PartialFilterExpression:primitive.D(nil)}
2026-06-19T02:00:16.212+0700	no indexes to restore for collection iot_backup.prvs
2026-06-19T02:00:16.212+0700	restoring indexes for collection iot_backup.sensors from metadata
2026-06-19T02:00:16.212+0700	index: &idx.IndexDocument{Options:primitive.M{"background":true, "name":"user_1_createAt_1_index_1", "v":2}, Key:primitive.D{primitive.E{Key:"user", Value:1}, primitive.E{Key:"createAt", Value:1}, primitive.E{Key:"index", Value:1}}, PartialFilterExpression:primitive.D(nil)}
2026-06-19T02:00:18.808+0700	2055830 document(s) restored successfully. 0 document(s) failed to restore.
Backup clone done at Fri Jun 19 02:00:18 +07 2026
{ ok: 1, dropped: 'iot_backup' }
2026-06-20T02:00:01.450+0700	writing iot.sensors to /tmp/mongo_clone/iot/sensors.bson
2026-06-20T02:00:01.451+0700	writing iot.prvdatas to /tmp/mongo_clone/iot/prvdatas.bson
2026-06-20T02:00:01.451+0700	writing iot.alarms to /tmp/mongo_clone/iot/alarms.bson
2026-06-20T02:00:01.451+0700	writing iot.prvcontrols to /tmp/mongo_clone/iot/prvcontrols.bson
2026-06-20T02:00:01.454+0700	done dumping iot.prvcontrols (484 documents)
2026-06-20T02:00:01.454+0700	writing iot.infos to /tmp/mongo_clone/iot/infos.bson
2026-06-20T02:00:01.454+0700	done dumping iot.infos (22 documents)
2026-06-20T02:00:01.454+0700	writing iot.groups to /tmp/mongo_clone/iot/groups.bson
2026-06-20T02:00:01.455+0700	done dumping iot.groups (10 documents)
2026-06-20T02:00:01.455+0700	writing iot.prvs to /tmp/mongo_clone/iot/prvs.bson
2026-06-20T02:00:01.456+0700	done dumping iot.prvs (3 documents)
2026-06-20T02:00:01.456+0700	writing iot.users to /tmp/mongo_clone/iot/users.bson
2026-06-20T02:00:01.456+0700	done dumping iot.users (2 documents)
2026-06-20T02:00:01.456+0700	writing iot.prvtimes to /tmp/mongo_clone/iot/prvtimes.bson
2026-06-20T02:00:01.456+0700	done dumping iot.prvtimes (0 documents)
2026-06-20T02:00:01.510+0700	done dumping iot.alarms (47469 documents)
2026-06-20T02:00:01.629+0700	done dumping iot.prvdatas (143773 documents)
2026-06-20T02:00:03.072+0700	done dumping iot.sensors (1893604 documents)
2026-06-20T02:00:03.085+0700	The --db and --collection flags are deprecated for this use-case; please use --nsInclude instead, i.e. with --nsInclude=${DATABASE}.${COLLECTION}
2026-06-20T02:00:03.085+0700	building a list of collections to restore from /tmp/mongo_clone/iot dir
2026-06-20T02:00:03.085+0700	don't know what to do with file "/tmp/mongo_clone/iot/prelude.json", skipping...
2026-06-20T02:00:03.085+0700	reading metadata for iot_backup.alarms from /tmp/mongo_clone/iot/alarms.metadata.json
2026-06-20T02:00:03.085+0700	reading metadata for iot_backup.prvcontrols from /tmp/mongo_clone/iot/prvcontrols.metadata.json
2026-06-20T02:00:03.085+0700	reading metadata for iot_backup.prvs from /tmp/mongo_clone/iot/prvs.metadata.json
2026-06-20T02:00:03.085+0700	reading metadata for iot_backup.groups from /tmp/mongo_clone/iot/groups.metadata.json
2026-06-20T02:00:03.085+0700	reading metadata for iot_backup.infos from /tmp/mongo_clone/iot/infos.metadata.json
2026-06-20T02:00:03.085+0700	reading metadata for iot_backup.prvdatas from /tmp/mongo_clone/iot/prvdatas.metadata.json
2026-06-20T02:00:03.085+0700	reading metadata for iot_backup.prvtimes from /tmp/mongo_clone/iot/prvtimes.metadata.json
2026-06-20T02:00:03.085+0700	reading metadata for iot_backup.sensors from /tmp/mongo_clone/iot/sensors.metadata.json
2026-06-20T02:00:03.085+0700	reading metadata for iot_backup.users from /tmp/mongo_clone/iot/users.metadata.json
2026-06-20T02:00:03.126+0700	restoring iot_backup.sensors from /tmp/mongo_clone/iot/sensors.bson
2026-06-20T02:00:03.133+0700	restoring iot_backup.prvdatas from /tmp/mongo_clone/iot/prvdatas.bson
2026-06-20T02:00:03.142+0700	restoring iot_backup.alarms from /tmp/mongo_clone/iot/alarms.bson
2026-06-20T02:00:03.172+0700	restoring iot_backup.prvcontrols from /tmp/mongo_clone/iot/prvcontrols.bson
2026-06-20T02:00:03.182+0700	finished restoring iot_backup.prvcontrols (484 documents, 0 failures)
2026-06-20T02:00:03.232+0700	restoring iot_backup.infos from /tmp/mongo_clone/iot/infos.bson
2026-06-20T02:00:03.243+0700	finished restoring iot_backup.infos (22 documents, 0 failures)
2026-06-20T02:00:03.290+0700	restoring iot_backup.prvs from /tmp/mongo_clone/iot/prvs.bson
2026-06-20T02:00:03.306+0700	finished restoring iot_backup.prvs (3 documents, 0 failures)
2026-06-20T02:00:03.344+0700	restoring iot_backup.groups from /tmp/mongo_clone/iot/groups.bson
2026-06-20T02:00:03.354+0700	finished restoring iot_backup.groups (10 documents, 0 failures)
2026-06-20T02:00:03.398+0700	restoring iot_backup.users from /tmp/mongo_clone/iot/users.bson
2026-06-20T02:00:03.411+0700	finished restoring iot_backup.users (2 documents, 0 failures)
2026-06-20T02:00:03.444+0700	restoring iot_backup.prvtimes from /tmp/mongo_clone/iot/prvtimes.bson
2026-06-20T02:00:03.456+0700	finished restoring iot_backup.prvtimes (0 documents, 0 failures)
2026-06-20T02:00:03.477+0700	finished restoring iot_backup.alarms (47469 documents, 0 failures)
2026-06-20T02:00:04.320+0700	finished restoring iot_backup.prvdatas (143773 documents, 0 failures)
2026-06-20T02:00:06.084+0700	[#####...................]  iot_backup.sensors  48.3MB/217MB  (22.2%)
2026-06-20T02:00:09.084+0700	[##########..............]  iot_backup.sensors  98.5MB/217MB  (45.3%)
2026-06-20T02:00:12.085+0700	[################........]  iot_backup.sensors  149MB/217MB  (68.6%)
2026-06-20T02:00:15.085+0700	[#####################...]  iot_backup.sensors  199MB/217MB  (91.6%)
2026-06-20T02:00:16.149+0700	[########################]  iot_backup.sensors  217MB/217MB  (100.0%)
2026-06-20T02:00:16.149+0700	finished restoring iot_backup.sensors (1893604 documents, 0 failures)
2026-06-20T02:00:16.149+0700	restoring indexes for collection iot_backup.sensors from metadata
2026-06-20T02:00:16.149+0700	index: &idx.IndexDocument{Options:primitive.M{"background":true, "name":"user_1_createAt_1_index_1", "v":2}, Key:primitive.D{primitive.E{Key:"user", Value:1}, primitive.E{Key:"createAt", Value:1}, primitive.E{Key:"index", Value:1}}, PartialFilterExpression:primitive.D(nil)}
2026-06-20T02:00:16.149+0700	no indexes to restore for collection iot_backup.users
2026-06-20T02:00:16.149+0700	restoring indexes for collection iot_backup.prvcontrols from metadata
2026-06-20T02:00:16.150+0700	index: &idx.IndexDocument{Options:primitive.M{"background":true, "expireAfterSeconds":86400, "name":"createAt_-1", "v":2}, Key:primitive.D{primitive.E{Key:"createAt", Value:-1}}, PartialFilterExpression:primitive.D(nil)}
2026-06-20T02:00:16.150+0700	no indexes to restore for collection iot_backup.infos
2026-06-20T02:00:16.150+0700	no indexes to restore for collection iot_backup.prvtimes
2026-06-20T02:00:16.150+0700	no indexes to restore for collection iot_backup.alarms
2026-06-20T02:00:16.150+0700	no indexes to restore for collection iot_backup.prvs
2026-06-20T02:00:16.150+0700	restoring indexes for collection iot_backup.prvdatas from metadata
2026-06-20T02:00:16.150+0700	index: &idx.IndexDocument{Options:primitive.M{"background":true, "expireAfterSeconds":2592000, "name":"createAt_1", "v":2}, Key:primitive.D{primitive.E{Key:"createAt", Value:1}}, PartialFilterExpression:primitive.D(nil)}
2026-06-20T02:00:16.150+0700	no indexes to restore for collection iot_backup.groups
2026-06-20T02:00:18.825+0700	2085367 document(s) restored successfully. 0 document(s) failed to restore.
Backup clone done at Sat Jun 20 02:00:18 +07 2026
{ ok: 1, dropped: 'iot_backup' }
2026-06-21T02:00:01.439+0700	writing iot.sensors to /tmp/mongo_clone/iot/sensors.bson
2026-06-21T02:00:01.439+0700	writing iot.prvdatas to /tmp/mongo_clone/iot/prvdatas.bson
2026-06-21T02:00:01.440+0700	writing iot.alarms to /tmp/mongo_clone/iot/alarms.bson
2026-06-21T02:00:01.440+0700	writing iot.prvcontrols to /tmp/mongo_clone/iot/prvcontrols.bson
2026-06-21T02:00:01.443+0700	done dumping iot.prvcontrols (407 documents)
2026-06-21T02:00:01.443+0700	writing iot.infos to /tmp/mongo_clone/iot/infos.bson
2026-06-21T02:00:01.443+0700	done dumping iot.infos (22 documents)
2026-06-21T02:00:01.443+0700	writing iot.groups to /tmp/mongo_clone/iot/groups.bson
2026-06-21T02:00:01.443+0700	done dumping iot.groups (10 documents)
2026-06-21T02:00:01.443+0700	writing iot.prvs to /tmp/mongo_clone/iot/prvs.bson
2026-06-21T02:00:01.444+0700	done dumping iot.prvs (3 documents)
2026-06-21T02:00:01.444+0700	writing iot.users to /tmp/mongo_clone/iot/users.bson
2026-06-21T02:00:01.444+0700	done dumping iot.users (2 documents)
2026-06-21T02:00:01.444+0700	writing iot.prvtimes to /tmp/mongo_clone/iot/prvtimes.bson
2026-06-21T02:00:01.444+0700	done dumping iot.prvtimes (0 documents)
2026-06-21T02:00:01.491+0700	done dumping iot.alarms (48411 documents)
2026-06-21T02:00:01.610+0700	done dumping iot.prvdatas (143689 documents)
2026-06-21T02:00:03.062+0700	done dumping iot.sensors (1922341 documents)
2026-06-21T02:00:03.073+0700	The --db and --collection flags are deprecated for this use-case; please use --nsInclude instead, i.e. with --nsInclude=${DATABASE}.${COLLECTION}
2026-06-21T02:00:03.073+0700	building a list of collections to restore from /tmp/mongo_clone/iot dir
2026-06-21T02:00:03.073+0700	don't know what to do with file "/tmp/mongo_clone/iot/prelude.json", skipping...
2026-06-21T02:00:03.073+0700	reading metadata for iot_backup.infos from /tmp/mongo_clone/iot/infos.metadata.json
2026-06-21T02:00:03.073+0700	reading metadata for iot_backup.prvcontrols from /tmp/mongo_clone/iot/prvcontrols.metadata.json
2026-06-21T02:00:03.073+0700	reading metadata for iot_backup.users from /tmp/mongo_clone/iot/users.metadata.json
2026-06-21T02:00:03.073+0700	reading metadata for iot_backup.prvs from /tmp/mongo_clone/iot/prvs.metadata.json
2026-06-21T02:00:03.073+0700	reading metadata for iot_backup.prvtimes from /tmp/mongo_clone/iot/prvtimes.metadata.json
2026-06-21T02:00:03.073+0700	reading metadata for iot_backup.sensors from /tmp/mongo_clone/iot/sensors.metadata.json
2026-06-21T02:00:03.073+0700	reading metadata for iot_backup.alarms from /tmp/mongo_clone/iot/alarms.metadata.json
2026-06-21T02:00:03.073+0700	reading metadata for iot_backup.groups from /tmp/mongo_clone/iot/groups.metadata.json
2026-06-21T02:00:03.073+0700	reading metadata for iot_backup.prvdatas from /tmp/mongo_clone/iot/prvdatas.metadata.json
2026-06-21T02:00:03.128+0700	restoring iot_backup.sensors from /tmp/mongo_clone/iot/sensors.bson
2026-06-21T02:00:03.134+0700	restoring iot_backup.prvdatas from /tmp/mongo_clone/iot/prvdatas.bson
2026-06-21T02:00:03.256+0700	restoring iot_backup.alarms from /tmp/mongo_clone/iot/alarms.bson
2026-06-21T02:00:03.271+0700	restoring iot_backup.prvcontrols from /tmp/mongo_clone/iot/prvcontrols.bson
2026-06-21T02:00:03.281+0700	finished restoring iot_backup.prvcontrols (407 documents, 0 failures)
2026-06-21T02:00:03.345+0700	restoring iot_backup.infos from /tmp/mongo_clone/iot/infos.bson
2026-06-21T02:00:03.361+0700	finished restoring iot_backup.infos (22 documents, 0 failures)
2026-06-21T02:00:03.440+0700	restoring iot_backup.prvs from /tmp/mongo_clone/iot/prvs.bson
2026-06-21T02:00:03.450+0700	finished restoring iot_backup.prvs (3 documents, 0 failures)
2026-06-21T02:00:03.505+0700	restoring iot_backup.groups from /tmp/mongo_clone/iot/groups.bson
2026-06-21T02:00:03.516+0700	finished restoring iot_backup.groups (10 documents, 0 failures)
2026-06-21T02:00:03.558+0700	restoring iot_backup.users from /tmp/mongo_clone/iot/users.bson
2026-06-21T02:00:03.575+0700	finished restoring iot_backup.users (2 documents, 0 failures)
2026-06-21T02:00:03.604+0700	finished restoring iot_backup.alarms (48411 documents, 0 failures)
2026-06-21T02:00:03.618+0700	restoring iot_backup.prvtimes from /tmp/mongo_clone/iot/prvtimes.bson
2026-06-21T02:00:03.631+0700	finished restoring iot_backup.prvtimes (0 documents, 0 failures)
2026-06-21T02:00:04.374+0700	finished restoring iot_backup.prvdatas (143689 documents, 0 failures)
2026-06-21T02:00:06.072+0700	[####....................]  iot_backup.sensors  46.0MB/221MB  (20.8%)
2026-06-21T02:00:09.073+0700	[##########..............]  iot_backup.sensors  95.5MB/221MB  (43.3%)
2026-06-21T02:00:12.073+0700	[###############.........]  iot_backup.sensors  144MB/221MB  (65.4%)
2026-06-21T02:00:15.073+0700	[#####################...]  iot_backup.sensors  194MB/221MB  (87.8%)
2026-06-21T02:00:16.717+0700	[########################]  iot_backup.sensors  221MB/221MB  (100.0%)
2026-06-21T02:00:16.717+0700	finished restoring iot_backup.sensors (1922341 documents, 0 failures)
2026-06-21T02:00:16.717+0700	restoring indexes for collection iot_backup.prvcontrols from metadata
2026-06-21T02:00:16.717+0700	index: &idx.IndexDocument{Options:primitive.M{"background":true, "expireAfterSeconds":86400, "name":"createAt_-1", "v":2}, Key:primitive.D{primitive.E{Key:"createAt", Value:-1}}, PartialFilterExpression:primitive.D(nil)}
2026-06-21T02:00:16.718+0700	no indexes to restore for collection iot_backup.prvtimes
2026-06-21T02:00:16.718+0700	no indexes to restore for collection iot_backup.alarms
2026-06-21T02:00:16.718+0700	no indexes to restore for collection iot_backup.groups
2026-06-21T02:00:16.718+0700	no indexes to restore for collection iot_backup.infos
2026-06-21T02:00:16.718+0700	no indexes to restore for collection iot_backup.prvs
2026-06-21T02:00:16.718+0700	restoring indexes for collection iot_backup.sensors from metadata
2026-06-21T02:00:16.718+0700	index: &idx.IndexDocument{Options:primitive.M{"background":true, "name":"user_1_createAt_1_index_1", "v":2}, Key:primitive.D{primitive.E{Key:"user", Value:1}, primitive.E{Key:"createAt", Value:1}, primitive.E{Key:"index", Value:1}}, PartialFilterExpression:primitive.D(nil)}
2026-06-21T02:00:16.718+0700	restoring indexes for collection iot_backup.prvdatas from metadata
2026-06-21T02:00:16.718+0700	index: &idx.IndexDocument{Options:primitive.M{"background":true, "expireAfterSeconds":2592000, "name":"createAt_1", "v":2}, Key:primitive.D{primitive.E{Key:"createAt", Value:1}}, PartialFilterExpression:primitive.D(nil)}
2026-06-21T02:00:16.718+0700	no indexes to restore for collection iot_backup.users
2026-06-21T02:00:19.400+0700	2114885 document(s) restored successfully. 0 document(s) failed to restore.
Backup clone done at Sun Jun 21 02:00:19 +07 2026
{ ok: 1, dropped: 'iot_backup' }
2026-06-22T02:00:02.042+0700	writing iot.sensors to /tmp/mongo_clone/iot/sensors.bson
2026-06-22T02:00:02.042+0700	writing iot.prvdatas to /tmp/mongo_clone/iot/prvdatas.bson
2026-06-22T02:00:02.042+0700	writing iot.alarms to /tmp/mongo_clone/iot/alarms.bson
2026-06-22T02:00:02.042+0700	writing iot.prvcontrols to /tmp/mongo_clone/iot/prvcontrols.bson
2026-06-22T02:00:02.047+0700	done dumping iot.prvcontrols (306 documents)
2026-06-22T02:00:02.047+0700	writing iot.infos to /tmp/mongo_clone/iot/infos.bson
2026-06-22T02:00:02.048+0700	done dumping iot.infos (22 documents)
2026-06-22T02:00:02.048+0700	writing iot.groups to /tmp/mongo_clone/iot/groups.bson
2026-06-22T02:00:02.049+0700	done dumping iot.groups (10 documents)
2026-06-22T02:00:02.049+0700	writing iot.prvs to /tmp/mongo_clone/iot/prvs.bson
2026-06-22T02:00:02.049+0700	done dumping iot.prvs (3 documents)
2026-06-22T02:00:02.049+0700	writing iot.users to /tmp/mongo_clone/iot/users.bson
2026-06-22T02:00:02.049+0700	done dumping iot.users (2 documents)
2026-06-22T02:00:02.049+0700	writing iot.prvtimes to /tmp/mongo_clone/iot/prvtimes.bson
2026-06-22T02:00:02.050+0700	done dumping iot.prvtimes (0 documents)
2026-06-22T02:00:02.104+0700	done dumping iot.alarms (49273 documents)
2026-06-22T02:00:02.192+0700	done dumping iot.prvdatas (143793 documents)
2026-06-22T02:00:03.700+0700	done dumping iot.sensors (1951331 documents)
2026-06-22T02:00:03.710+0700	The --db and --collection flags are deprecated for this use-case; please use --nsInclude instead, i.e. with --nsInclude=${DATABASE}.${COLLECTION}
2026-06-22T02:00:03.710+0700	building a list of collections to restore from /tmp/mongo_clone/iot dir
2026-06-22T02:00:03.710+0700	don't know what to do with file "/tmp/mongo_clone/iot/prelude.json", skipping...
2026-06-22T02:00:03.710+0700	reading metadata for iot_backup.alarms from /tmp/mongo_clone/iot/alarms.metadata.json
2026-06-22T02:00:03.710+0700	reading metadata for iot_backup.groups from /tmp/mongo_clone/iot/groups.metadata.json
2026-06-22T02:00:03.710+0700	reading metadata for iot_backup.prvcontrols from /tmp/mongo_clone/iot/prvcontrols.metadata.json
2026-06-22T02:00:03.710+0700	reading metadata for iot_backup.prvtimes from /tmp/mongo_clone/iot/prvtimes.metadata.json
2026-06-22T02:00:03.710+0700	reading metadata for iot_backup.sensors from /tmp/mongo_clone/iot/sensors.metadata.json
2026-06-22T02:00:03.711+0700	reading metadata for iot_backup.infos from /tmp/mongo_clone/iot/infos.metadata.json
2026-06-22T02:00:03.711+0700	reading metadata for iot_backup.prvdatas from /tmp/mongo_clone/iot/prvdatas.metadata.json
2026-06-22T02:00:03.711+0700	reading metadata for iot_backup.prvs from /tmp/mongo_clone/iot/prvs.metadata.json
2026-06-22T02:00:03.711+0700	reading metadata for iot_backup.users from /tmp/mongo_clone/iot/users.metadata.json
2026-06-22T02:00:03.757+0700	restoring iot_backup.sensors from /tmp/mongo_clone/iot/sensors.bson
2026-06-22T02:00:03.771+0700	restoring iot_backup.prvdatas from /tmp/mongo_clone/iot/prvdatas.bson
2026-06-22T02:00:03.792+0700	restoring iot_backup.alarms from /tmp/mongo_clone/iot/alarms.bson
2026-06-22T02:00:03.805+0700	restoring iot_backup.prvcontrols from /tmp/mongo_clone/iot/prvcontrols.bson
2026-06-22T02:00:03.815+0700	finished restoring iot_backup.prvcontrols (306 documents, 0 failures)
2026-06-22T02:00:03.851+0700	restoring iot_backup.infos from /tmp/mongo_clone/iot/infos.bson
2026-06-22T02:00:03.868+0700	finished restoring iot_backup.infos (22 documents, 0 failures)
2026-06-22T02:00:03.927+0700	restoring iot_backup.prvs from /tmp/mongo_clone/iot/prvs.bson
2026-06-22T02:00:03.941+0700	finished restoring iot_backup.prvs (3 documents, 0 failures)
2026-06-22T02:00:03.987+0700	restoring iot_backup.groups from /tmp/mongo_clone/iot/groups.bson
2026-06-22T02:00:04.004+0700	finished restoring iot_backup.groups (10 documents, 0 failures)
2026-06-22T02:00:04.039+0700	restoring iot_backup.users from /tmp/mongo_clone/iot/users.bson
2026-06-22T02:00:04.049+0700	finished restoring iot_backup.users (2 documents, 0 failures)
2026-06-22T02:00:04.082+0700	restoring iot_backup.prvtimes from /tmp/mongo_clone/iot/prvtimes.bson
2026-06-22T02:00:04.098+0700	finished restoring iot_backup.prvtimes (0 documents, 0 failures)
2026-06-22T02:00:04.137+0700	finished restoring iot_backup.alarms (49273 documents, 0 failures)
2026-06-22T02:00:04.989+0700	finished restoring iot_backup.prvdatas (143793 documents, 0 failures)
2026-06-22T02:00:06.711+0700	[#####...................]  iot_backup.sensors  47.7MB/224MB  (21.3%)
2026-06-22T02:00:09.710+0700	[##########..............]  iot_backup.sensors  97.4MB/224MB  (43.4%)
2026-06-22T02:00:12.710+0700	[###############.........]  iot_backup.sensors  145MB/224MB  (64.8%)
2026-06-22T02:00:15.710+0700	[####################....]  iot_backup.sensors  195MB/224MB  (86.9%)
2026-06-22T02:00:17.458+0700	[########################]  iot_backup.sensors  224MB/224MB  (100.0%)
2026-06-22T02:00:17.458+0700	finished restoring iot_backup.sensors (1951331 documents, 0 failures)
2026-06-22T02:00:17.458+0700	restoring indexes for collection iot_backup.sensors from metadata
2026-06-22T02:00:17.458+0700	index: &idx.IndexDocument{Options:primitive.M{"background":true, "name":"user_1_createAt_1_index_1", "v":2}, Key:primitive.D{primitive.E{Key:"user", Value:1}, primitive.E{Key:"createAt", Value:1}, primitive.E{Key:"index", Value:1}}, PartialFilterExpression:primitive.D(nil)}
2026-06-22T02:00:17.458+0700	no indexes to restore for collection iot_backup.users
2026-06-22T02:00:17.458+0700	restoring indexes for collection iot_backup.prvcontrols from metadata
2026-06-22T02:00:17.458+0700	index: &idx.IndexDocument{Options:primitive.M{"background":true, "expireAfterSeconds":86400, "name":"createAt_-1", "v":2}, Key:primitive.D{primitive.E{Key:"createAt", Value:-1}}, PartialFilterExpression:primitive.D(nil)}
2026-06-22T02:00:17.458+0700	no indexes to restore for collection iot_backup.prvtimes
2026-06-22T02:00:17.458+0700	no indexes to restore for collection iot_backup.infos
2026-06-22T02:00:17.458+0700	restoring indexes for collection iot_backup.prvdatas from metadata
2026-06-22T02:00:17.458+0700	index: &idx.IndexDocument{Options:primitive.M{"background":true, "expireAfterSeconds":2592000, "name":"createAt_1", "v":2}, Key:primitive.D{primitive.E{Key:"createAt", Value:1}}, PartialFilterExpression:primitive.D(nil)}
2026-06-22T02:00:17.458+0700	no indexes to restore for collection iot_backup.prvs
2026-06-22T02:00:17.458+0700	no indexes to restore for collection iot_backup.alarms
2026-06-22T02:00:17.458+0700	no indexes to restore for collection iot_backup.groups
2026-06-22T02:00:20.177+0700	2144740 document(s) restored successfully. 0 document(s) failed to restore.
Backup clone done at Mon Jun 22 02:00:20 +07 2026
{ ok: 1, dropped: 'iot_backup' }
2026-06-23T02:00:01.862+0700	writing iot.sensors to /tmp/mongo_clone/iot/sensors.bson
2026-06-23T02:00:01.862+0700	writing iot.prvdatas to /tmp/mongo_clone/iot/prvdatas.bson
2026-06-23T02:00:01.862+0700	writing iot.alarms to /tmp/mongo_clone/iot/alarms.bson
2026-06-23T02:00:01.863+0700	writing iot.prvcontrols to /tmp/mongo_clone/iot/prvcontrols.bson
2026-06-23T02:00:01.864+0700	done dumping iot.prvcontrols (489 documents)
2026-06-23T02:00:01.865+0700	writing iot.infos to /tmp/mongo_clone/iot/infos.bson
2026-06-23T02:00:01.865+0700	done dumping iot.infos (22 documents)
2026-06-23T02:00:01.865+0700	writing iot.groups to /tmp/mongo_clone/iot/groups.bson
2026-06-23T02:00:01.865+0700	done dumping iot.groups (11 documents)
2026-06-23T02:00:01.865+0700	writing iot.prvs to /tmp/mongo_clone/iot/prvs.bson
2026-06-23T02:00:01.866+0700	done dumping iot.prvs (3 documents)
2026-06-23T02:00:01.866+0700	writing iot.users to /tmp/mongo_clone/iot/users.bson
2026-06-23T02:00:01.866+0700	done dumping iot.users (2 documents)
2026-06-23T02:00:01.866+0700	writing iot.prvtimes to /tmp/mongo_clone/iot/prvtimes.bson
2026-06-23T02:00:01.866+0700	done dumping iot.prvtimes (0 documents)
2026-06-23T02:00:01.916+0700	done dumping iot.alarms (49937 documents)
2026-06-23T02:00:02.018+0700	done dumping iot.prvdatas (143968 documents)
2026-06-23T02:00:03.502+0700	done dumping iot.sensors (1980398 documents)
2026-06-23T02:00:03.514+0700	The --db and --collection flags are deprecated for this use-case; please use --nsInclude instead, i.e. with --nsInclude=${DATABASE}.${COLLECTION}
2026-06-23T02:00:03.514+0700	building a list of collections to restore from /tmp/mongo_clone/iot dir
2026-06-23T02:00:03.514+0700	don't know what to do with file "/tmp/mongo_clone/iot/prelude.json", skipping...
2026-06-23T02:00:03.514+0700	reading metadata for iot_backup.prvcontrols from /tmp/mongo_clone/iot/prvcontrols.metadata.json
2026-06-23T02:00:03.514+0700	reading metadata for iot_backup.prvs from /tmp/mongo_clone/iot/prvs.metadata.json
2026-06-23T02:00:03.514+0700	reading metadata for iot_backup.prvtimes from /tmp/mongo_clone/iot/prvtimes.metadata.json
2026-06-23T02:00:03.514+0700	reading metadata for iot_backup.sensors from /tmp/mongo_clone/iot/sensors.metadata.json
2026-06-23T02:00:03.514+0700	reading metadata for iot_backup.users from /tmp/mongo_clone/iot/users.metadata.json
2026-06-23T02:00:03.514+0700	reading metadata for iot_backup.alarms from /tmp/mongo_clone/iot/alarms.metadata.json
2026-06-23T02:00:03.514+0700	reading metadata for iot_backup.groups from /tmp/mongo_clone/iot/groups.metadata.json
2026-06-23T02:00:03.514+0700	reading metadata for iot_backup.infos from /tmp/mongo_clone/iot/infos.metadata.json
2026-06-23T02:00:03.514+0700	reading metadata for iot_backup.prvdatas from /tmp/mongo_clone/iot/prvdatas.metadata.json
2026-06-23T02:00:03.583+0700	restoring iot_backup.sensors from /tmp/mongo_clone/iot/sensors.bson
2026-06-23T02:00:03.593+0700	restoring iot_backup.prvdatas from /tmp/mongo_clone/iot/prvdatas.bson
2026-06-23T02:00:03.618+0700	restoring iot_backup.alarms from /tmp/mongo_clone/iot/alarms.bson
2026-06-23T02:00:03.635+0700	restoring iot_backup.prvcontrols from /tmp/mongo_clone/iot/prvcontrols.bson
2026-06-23T02:00:03.646+0700	finished restoring iot_backup.prvcontrols (489 documents, 0 failures)
2026-06-23T02:00:03.684+0700	restoring iot_backup.infos from /tmp/mongo_clone/iot/infos.bson
2026-06-23T02:00:03.702+0700	finished restoring iot_backup.infos (22 documents, 0 failures)
2026-06-23T02:00:03.733+0700	restoring iot_backup.prvs from /tmp/mongo_clone/iot/prvs.bson
2026-06-23T02:00:03.745+0700	finished restoring iot_backup.prvs (3 documents, 0 failures)
2026-06-23T02:00:03.775+0700	restoring iot_backup.groups from /tmp/mongo_clone/iot/groups.bson
2026-06-23T02:00:03.786+0700	finished restoring iot_backup.groups (11 documents, 0 failures)
2026-06-23T02:00:03.822+0700	restoring iot_backup.users from /tmp/mongo_clone/iot/users.bson
2026-06-23T02:00:03.832+0700	finished restoring iot_backup.users (2 documents, 0 failures)
2026-06-23T02:00:03.868+0700	restoring iot_backup.prvtimes from /tmp/mongo_clone/iot/prvtimes.bson
2026-06-23T02:00:03.885+0700	finished restoring iot_backup.prvtimes (0 documents, 0 failures)
2026-06-23T02:00:03.967+0700	finished restoring iot_backup.alarms (49937 documents, 0 failures)
2026-06-23T02:00:04.803+0700	finished restoring iot_backup.prvdatas (143968 documents, 0 failures)
2026-06-23T02:00:06.513+0700	[####....................]  iot_backup.sensors  47.3MB/227MB  (20.8%)
2026-06-23T02:00:09.514+0700	[##########..............]  iot_backup.sensors  98.4MB/227MB  (43.3%)
2026-06-23T02:00:12.514+0700	[###############.........]  iot_backup.sensors  149MB/227MB  (65.6%)
2026-06-23T02:00:15.513+0700	[#####################...]  iot_backup.sensors  200MB/227MB  (88.0%)
2026-06-23T02:00:17.108+0700	[########################]  iot_backup.sensors  227MB/227MB  (100.0%)
2026-06-23T02:00:17.108+0700	finished restoring iot_backup.sensors (1980398 documents, 0 failures)
2026-06-23T02:00:17.108+0700	no indexes to restore for collection iot_backup.users
2026-06-23T02:00:17.108+0700	no indexes to restore for collection iot_backup.groups
2026-06-23T02:00:17.108+0700	no indexes to restore for collection iot_backup.infos
2026-06-23T02:00:17.108+0700	restoring indexes for collection iot_backup.prvdatas from metadata
2026-06-23T02:00:17.108+0700	index: &idx.IndexDocument{Options:primitive.M{"background":true, "expireAfterSeconds":2592000, "name":"createAt_1", "v":2}, Key:primitive.D{primitive.E{Key:"createAt", Value:1}}, PartialFilterExpression:primitive.D(nil)}
2026-06-23T02:00:17.108+0700	no indexes to restore for collection iot_backup.prvtimes
2026-06-23T02:00:17.108+0700	no indexes to restore for collection iot_backup.prvs
2026-06-23T02:00:17.108+0700	restoring indexes for collection iot_backup.sensors from metadata
2026-06-23T02:00:17.108+0700	index: &idx.IndexDocument{Options:primitive.M{"background":true, "name":"user_1_createAt_1_index_1", "v":2}, Key:primitive.D{primitive.E{Key:"user", Value:1}, primitive.E{Key:"createAt", Value:1}, primitive.E{Key:"index", Value:1}}, PartialFilterExpression:primitive.D(nil)}
2026-06-23T02:00:17.108+0700	no indexes to restore for collection iot_backup.alarms
2026-06-23T02:00:17.108+0700	restoring indexes for collection iot_backup.prvcontrols from metadata
2026-06-23T02:00:17.108+0700	index: &idx.IndexDocument{Options:primitive.M{"background":true, "expireAfterSeconds":86400, "name":"createAt_-1", "v":2}, Key:primitive.D{primitive.E{Key:"createAt", Value:-1}}, PartialFilterExpression:primitive.D(nil)}
2026-06-23T02:00:19.874+0700	2174830 document(s) restored successfully. 0 document(s) failed to restore.
Backup clone done at Tue Jun 23 02:00:19 +07 2026
{ ok: 1, dropped: 'iot_backup' }
2026-06-24T02:00:01.492+0700	writing iot.sensors to /tmp/mongo_clone/iot/sensors.bson
2026-06-24T02:00:01.492+0700	writing iot.prvdatas to /tmp/mongo_clone/iot/prvdatas.bson
2026-06-24T02:00:01.492+0700	writing iot.alarms to /tmp/mongo_clone/iot/alarms.bson
2026-06-24T02:00:01.492+0700	writing iot.prvcontrols to /tmp/mongo_clone/iot/prvcontrols.bson
2026-06-24T02:00:01.494+0700	done dumping iot.prvcontrols (370 documents)
2026-06-24T02:00:01.494+0700	writing iot.infos to /tmp/mongo_clone/iot/infos.bson
2026-06-24T02:00:01.495+0700	done dumping iot.infos (22 documents)
2026-06-24T02:00:01.495+0700	writing iot.groups to /tmp/mongo_clone/iot/groups.bson
2026-06-24T02:00:01.495+0700	done dumping iot.groups (12 documents)
2026-06-24T02:00:01.495+0700	writing iot.prvs to /tmp/mongo_clone/iot/prvs.bson
2026-06-24T02:00:01.496+0700	done dumping iot.prvs (3 documents)
2026-06-24T02:00:01.496+0700	writing iot.users to /tmp/mongo_clone/iot/users.bson
2026-06-24T02:00:01.496+0700	done dumping iot.users (2 documents)
2026-06-24T02:00:01.496+0700	writing iot.prvtimes to /tmp/mongo_clone/iot/prvtimes.bson
2026-06-24T02:00:01.496+0700	done dumping iot.prvtimes (0 documents)
2026-06-24T02:00:01.550+0700	done dumping iot.alarms (50821 documents)
2026-06-24T02:00:01.647+0700	done dumping iot.prvdatas (144125 documents)
2026-06-24T02:00:03.177+0700	done dumping iot.sensors (2011223 documents)
2026-06-24T02:00:03.190+0700	The --db and --collection flags are deprecated for this use-case; please use --nsInclude instead, i.e. with --nsInclude=${DATABASE}.${COLLECTION}
2026-06-24T02:00:03.190+0700	building a list of collections to restore from /tmp/mongo_clone/iot dir
2026-06-24T02:00:03.190+0700	don't know what to do with file "/tmp/mongo_clone/iot/prelude.json", skipping...
2026-06-24T02:00:03.190+0700	reading metadata for iot_backup.users from /tmp/mongo_clone/iot/users.metadata.json
2026-06-24T02:00:03.190+0700	reading metadata for iot_backup.groups from /tmp/mongo_clone/iot/groups.metadata.json
2026-06-24T02:00:03.190+0700	reading metadata for iot_backup.infos from /tmp/mongo_clone/iot/infos.metadata.json
2026-06-24T02:00:03.190+0700	reading metadata for iot_backup.prvcontrols from /tmp/mongo_clone/iot/prvcontrols.metadata.json
2026-06-24T02:00:03.190+0700	reading metadata for iot_backup.prvdatas from /tmp/mongo_clone/iot/prvdatas.metadata.json
2026-06-24T02:00:03.190+0700	reading metadata for iot_backup.prvs from /tmp/mongo_clone/iot/prvs.metadata.json
2026-06-24T02:00:03.190+0700	reading metadata for iot_backup.sensors from /tmp/mongo_clone/iot/sensors.metadata.json
2026-06-24T02:00:03.190+0700	reading metadata for iot_backup.alarms from /tmp/mongo_clone/iot/alarms.metadata.json
2026-06-24T02:00:03.190+0700	reading metadata for iot_backup.prvtimes from /tmp/mongo_clone/iot/prvtimes.metadata.json
2026-06-24T02:00:03.238+0700	restoring iot_backup.sensors from /tmp/mongo_clone/iot/sensors.bson
2026-06-24T02:00:03.250+0700	restoring iot_backup.prvdatas from /tmp/mongo_clone/iot/prvdatas.bson
2026-06-24T02:00:03.256+0700	restoring iot_backup.alarms from /tmp/mongo_clone/iot/alarms.bson
2026-06-24T02:00:03.265+0700	restoring iot_backup.prvcontrols from /tmp/mongo_clone/iot/prvcontrols.bson
2026-06-24T02:00:03.276+0700	finished restoring iot_backup.prvcontrols (370 documents, 0 failures)
2026-06-24T02:00:03.316+0700	restoring iot_backup.infos from /tmp/mongo_clone/iot/infos.bson
2026-06-24T02:00:03.327+0700	finished restoring iot_backup.infos (22 documents, 0 failures)
2026-06-24T02:00:03.388+0700	restoring iot_backup.prvs from /tmp/mongo_clone/iot/prvs.bson
2026-06-24T02:00:03.408+0700	finished restoring iot_backup.prvs (3 documents, 0 failures)
2026-06-24T02:00:03.495+0700	restoring iot_backup.groups from /tmp/mongo_clone/iot/groups.bson
2026-06-24T02:00:03.505+0700	finished restoring iot_backup.groups (12 documents, 0 failures)
2026-06-24T02:00:03.542+0700	restoring iot_backup.users from /tmp/mongo_clone/iot/users.bson
2026-06-24T02:00:03.554+0700	finished restoring iot_backup.users (2 documents, 0 failures)
2026-06-24T02:00:03.613+0700	restoring iot_backup.prvtimes from /tmp/mongo_clone/iot/prvtimes.bson
2026-06-24T02:00:03.625+0700	finished restoring iot_backup.prvtimes (0 documents, 0 failures)
2026-06-24T02:00:03.631+0700	finished restoring iot_backup.alarms (50821 documents, 0 failures)
2026-06-24T02:00:04.486+0700	finished restoring iot_backup.prvdatas (144125 documents, 0 failures)
2026-06-24T02:00:06.190+0700	[####....................]  iot_backup.sensors  46.7MB/231MB  (20.2%)
2026-06-24T02:00:09.190+0700	[##########..............]  iot_backup.sensors  97.5MB/231MB  (42.2%)
2026-06-24T02:00:12.190+0700	[###############.........]  iot_backup.sensors  148MB/231MB  (64.2%)
2026-06-24T02:00:15.191+0700	[####################....]  iot_backup.sensors  198MB/231MB  (85.8%)
2026-06-24T02:00:17.122+0700	[########################]  iot_backup.sensors  231MB/231MB  (100.0%)
2026-06-24T02:00:17.122+0700	finished restoring iot_backup.sensors (2011223 documents, 0 failures)
2026-06-24T02:00:17.122+0700	no indexes to restore for collection iot_backup.users
2026-06-24T02:00:17.122+0700	no indexes to restore for collection iot_backup.groups
2026-06-24T02:00:17.122+0700	no indexes to restore for collection iot_backup.infos
2026-06-24T02:00:17.122+0700	no indexes to restore for collection iot_backup.prvs
2026-06-24T02:00:17.122+0700	restoring indexes for collection iot_backup.sensors from metadata
2026-06-24T02:00:17.122+0700	index: &idx.IndexDocument{Options:primitive.M{"background":true, "name":"user_1_createAt_1_index_1", "v":2}, Key:primitive.D{primitive.E{Key:"user", Value:1}, primitive.E{Key:"createAt", Value:1}, primitive.E{Key:"index", Value:1}}, PartialFilterExpression:primitive.D(nil)}
2026-06-24T02:00:17.122+0700	restoring indexes for collection iot_backup.prvcontrols from metadata
2026-06-24T02:00:17.122+0700	index: &idx.IndexDocument{Options:primitive.M{"background":true, "expireAfterSeconds":86400, "name":"createAt_-1", "v":2}, Key:primitive.D{primitive.E{Key:"createAt", Value:-1}}, PartialFilterExpression:primitive.D(nil)}
2026-06-24T02:00:17.122+0700	restoring indexes for collection iot_backup.prvdatas from metadata
2026-06-24T02:00:17.122+0700	index: &idx.IndexDocument{Options:primitive.M{"background":true, "expireAfterSeconds":2592000, "name":"createAt_1", "v":2}, Key:primitive.D{primitive.E{Key:"createAt", Value:1}}, PartialFilterExpression:primitive.D(nil)}
2026-06-24T02:00:17.122+0700	no indexes to restore for collection iot_backup.alarms
2026-06-24T02:00:17.122+0700	no indexes to restore for collection iot_backup.prvtimes
2026-06-24T02:00:21.887+0700	2206578 document(s) restored successfully. 0 document(s) failed to restore.
Backup clone done at Wed Jun 24 02:00:21 +07 2026
{ ok: 1, dropped: 'iot_backup' }
2026-06-25T02:00:01.527+0700	writing iot.sensors to /tmp/mongo_clone/iot/sensors.bson
2026-06-25T02:00:01.527+0700	writing iot.prvdatas to /tmp/mongo_clone/iot/prvdatas.bson
2026-06-25T02:00:01.527+0700	writing iot.prvcontrols to /tmp/mongo_clone/iot/prvcontrols.bson
2026-06-25T02:00:01.527+0700	writing iot.alarms to /tmp/mongo_clone/iot/alarms.bson
2026-06-25T02:00:01.529+0700	done dumping iot.prvcontrols (408 documents)
2026-06-25T02:00:01.529+0700	writing iot.infos to /tmp/mongo_clone/iot/infos.bson
2026-06-25T02:00:01.529+0700	done dumping iot.infos (22 documents)
2026-06-25T02:00:01.529+0700	writing iot.groups to /tmp/mongo_clone/iot/groups.bson
2026-06-25T02:00:01.530+0700	done dumping iot.groups (12 documents)
2026-06-25T02:00:01.530+0700	writing iot.prvs to /tmp/mongo_clone/iot/prvs.bson
2026-06-25T02:00:01.530+0700	done dumping iot.prvs (3 documents)
2026-06-25T02:00:01.530+0700	writing iot.users to /tmp/mongo_clone/iot/users.bson
2026-06-25T02:00:01.530+0700	done dumping iot.users (2 documents)
2026-06-25T02:00:01.530+0700	writing iot.prvtimes to /tmp/mongo_clone/iot/prvtimes.bson
2026-06-25T02:00:01.530+0700	done dumping iot.prvtimes (0 documents)
2026-06-25T02:00:01.587+0700	done dumping iot.alarms (51549 documents)
2026-06-25T02:00:01.674+0700	done dumping iot.prvdatas (143914 documents)
2026-06-25T02:00:03.218+0700	done dumping iot.sensors (2041502 documents)
2026-06-25T02:00:03.230+0700	The --db and --collection flags are deprecated for this use-case; please use --nsInclude instead, i.e. with --nsInclude=${DATABASE}.${COLLECTION}
2026-06-25T02:00:03.230+0700	building a list of collections to restore from /tmp/mongo_clone/iot dir
2026-06-25T02:00:03.230+0700	don't know what to do with file "/tmp/mongo_clone/iot/prelude.json", skipping...
2026-06-25T02:00:03.230+0700	reading metadata for iot_backup.alarms from /tmp/mongo_clone/iot/alarms.metadata.json
2026-06-25T02:00:03.230+0700	reading metadata for iot_backup.prvcontrols from /tmp/mongo_clone/iot/prvcontrols.metadata.json
2026-06-25T02:00:03.230+0700	reading metadata for iot_backup.prvtimes from /tmp/mongo_clone/iot/prvtimes.metadata.json
2026-06-25T02:00:03.230+0700	reading metadata for iot_backup.users from /tmp/mongo_clone/iot/users.metadata.json
2026-06-25T02:00:03.230+0700	reading metadata for iot_backup.groups from /tmp/mongo_clone/iot/groups.metadata.json
2026-06-25T02:00:03.230+0700	reading metadata for iot_backup.infos from /tmp/mongo_clone/iot/infos.metadata.json
2026-06-25T02:00:03.230+0700	reading metadata for iot_backup.prvdatas from /tmp/mongo_clone/iot/prvdatas.metadata.json
2026-06-25T02:00:03.230+0700	reading metadata for iot_backup.prvs from /tmp/mongo_clone/iot/prvs.metadata.json
2026-06-25T02:00:03.230+0700	reading metadata for iot_backup.sensors from /tmp/mongo_clone/iot/sensors.metadata.json
2026-06-25T02:00:03.292+0700	restoring iot_backup.sensors from /tmp/mongo_clone/iot/sensors.bson
2026-06-25T02:00:03.302+0700	restoring iot_backup.prvdatas from /tmp/mongo_clone/iot/prvdatas.bson
2026-06-25T02:00:03.318+0700	restoring iot_backup.alarms from /tmp/mongo_clone/iot/alarms.bson
2026-06-25T02:00:03.336+0700	restoring iot_backup.prvcontrols from /tmp/mongo_clone/iot/prvcontrols.bson
2026-06-25T02:00:03.346+0700	finished restoring iot_backup.prvcontrols (408 documents, 0 failures)
2026-06-25T02:00:03.396+0700	restoring iot_backup.infos from /tmp/mongo_clone/iot/infos.bson
2026-06-25T02:00:03.414+0700	finished restoring iot_backup.infos (22 documents, 0 failures)
2026-06-25T02:00:03.452+0700	restoring iot_backup.prvs from /tmp/mongo_clone/iot/prvs.bson
2026-06-25T02:00:03.465+0700	finished restoring iot_backup.prvs (3 documents, 0 failures)
2026-06-25T02:00:03.514+0700	restoring iot_backup.groups from /tmp/mongo_clone/iot/groups.bson
2026-06-25T02:00:03.524+0700	finished restoring iot_backup.groups (12 documents, 0 failures)
2026-06-25T02:00:03.560+0700	restoring iot_backup.users from /tmp/mongo_clone/iot/users.bson
2026-06-25T02:00:03.578+0700	finished restoring iot_backup.users (2 documents, 0 failures)
2026-06-25T02:00:03.625+0700	restoring iot_backup.prvtimes from /tmp/mongo_clone/iot/prvtimes.bson
2026-06-25T02:00:03.639+0700	finished restoring iot_backup.prvtimes (0 documents, 0 failures)
2026-06-25T02:00:03.677+0700	finished restoring iot_backup.alarms (51549 documents, 0 failures)
2026-06-25T02:00:04.486+0700	finished restoring iot_backup.prvdatas (143914 documents, 0 failures)
2026-06-25T02:00:06.229+0700	[####....................]  iot_backup.sensors  47.7MB/234MB  (20.4%)
2026-06-25T02:00:09.230+0700	[#########...............]  iot_backup.sensors  97.1MB/234MB  (41.4%)
2026-06-25T02:00:12.230+0700	[###############.........]  iot_backup.sensors  148MB/234MB  (63.2%)
2026-06-25T02:00:15.230+0700	[####################....]  iot_backup.sensors  198MB/234MB  (84.5%)
2026-06-25T02:00:17.358+0700	[########################]  iot_backup.sensors  234MB/234MB  (100.0%)
2026-06-25T02:00:17.358+0700	finished restoring iot_backup.sensors (2041502 documents, 0 failures)
2026-06-25T02:00:17.358+0700	restoring indexes for collection iot_backup.sensors from metadata
2026-06-25T02:00:17.358+0700	index: &idx.IndexDocument{Options:primitive.M{"background":true, "name":"user_1_createAt_1_index_1", "v":2}, Key:primitive.D{primitive.E{Key:"user", Value:1}, primitive.E{Key:"createAt", Value:1}, primitive.E{Key:"index", Value:1}}, PartialFilterExpression:primitive.D(nil)}
2026-06-25T02:00:17.359+0700	restoring indexes for collection iot_backup.prvcontrols from metadata
2026-06-25T02:00:17.359+0700	index: &idx.IndexDocument{Options:primitive.M{"background":true, "expireAfterSeconds":86400, "name":"createAt_-1", "v":2}, Key:primitive.D{primitive.E{Key:"createAt", Value:-1}}, PartialFilterExpression:primitive.D(nil)}
2026-06-25T02:00:17.359+0700	restoring indexes for collection iot_backup.prvdatas from metadata
2026-06-25T02:00:17.359+0700	index: &idx.IndexDocument{Options:primitive.M{"background":true, "expireAfterSeconds":2592000, "name":"createAt_1", "v":2}, Key:primitive.D{primitive.E{Key:"createAt", Value:1}}, PartialFilterExpression:primitive.D(nil)}
2026-06-25T02:00:17.359+0700	no indexes to restore for collection iot_backup.users
2026-06-25T02:00:17.359+0700	no indexes to restore for collection iot_backup.groups
2026-06-25T02:00:17.359+0700	no indexes to restore for collection iot_backup.infos
2026-06-25T02:00:17.359+0700	no indexes to restore for collection iot_backup.prvs
2026-06-25T02:00:17.359+0700	no indexes to restore for collection iot_backup.alarms
2026-06-25T02:00:17.359+0700	no indexes to restore for collection iot_backup.prvtimes
2026-06-25T02:00:20.194+0700	2237412 document(s) restored successfully. 0 document(s) failed to restore.
Backup clone done at Thu Jun 25 02:00:20 +07 2026
{ ok: 1, dropped: 'iot_backup' }
2026-06-26T02:00:01.858+0700	writing iot.sensors to /tmp/mongo_clone/iot/sensors.bson
2026-06-26T02:00:01.858+0700	writing iot.prvdatas to /tmp/mongo_clone/iot/prvdatas.bson
2026-06-26T02:00:01.858+0700	writing iot.alarms to /tmp/mongo_clone/iot/alarms.bson
2026-06-26T02:00:01.858+0700	writing iot.prvcontrols to /tmp/mongo_clone/iot/prvcontrols.bson
2026-06-26T02:00:01.862+0700	done dumping iot.prvcontrols (409 documents)
2026-06-26T02:00:01.862+0700	writing iot.infos to /tmp/mongo_clone/iot/infos.bson
2026-06-26T02:00:01.863+0700	done dumping iot.infos (22 documents)
2026-06-26T02:00:01.863+0700	writing iot.groups to /tmp/mongo_clone/iot/groups.bson
2026-06-26T02:00:01.863+0700	done dumping iot.groups (12 documents)
2026-06-26T02:00:01.863+0700	writing iot.prvs to /tmp/mongo_clone/iot/prvs.bson
2026-06-26T02:00:01.863+0700	done dumping iot.prvs (3 documents)
2026-06-26T02:00:01.863+0700	writing iot.users to /tmp/mongo_clone/iot/users.bson
2026-06-26T02:00:01.864+0700	done dumping iot.users (2 documents)
2026-06-26T02:00:01.864+0700	writing iot.prvtimes to /tmp/mongo_clone/iot/prvtimes.bson
2026-06-26T02:00:01.866+0700	done dumping iot.prvtimes (0 documents)
2026-06-26T02:00:01.916+0700	done dumping iot.alarms (52037 documents)
2026-06-26T02:00:02.003+0700	done dumping iot.prvdatas (143853 documents)
2026-06-26T02:00:03.586+0700	done dumping iot.sensors (2071982 documents)
2026-06-26T02:00:03.596+0700	The --db and --collection flags are deprecated for this use-case; please use --nsInclude instead, i.e. with --nsInclude=${DATABASE}.${COLLECTION}
2026-06-26T02:00:03.596+0700	building a list of collections to restore from /tmp/mongo_clone/iot dir
2026-06-26T02:00:03.596+0700	don't know what to do with file "/tmp/mongo_clone/iot/prelude.json", skipping...
2026-06-26T02:00:03.596+0700	reading metadata for iot_backup.prvdatas from /tmp/mongo_clone/iot/prvdatas.metadata.json
2026-06-26T02:00:03.596+0700	reading metadata for iot_backup.prvs from /tmp/mongo_clone/iot/prvs.metadata.json
2026-06-26T02:00:03.596+0700	reading metadata for iot_backup.infos from /tmp/mongo_clone/iot/infos.metadata.json
2026-06-26T02:00:03.596+0700	reading metadata for iot_backup.prvcontrols from /tmp/mongo_clone/iot/prvcontrols.metadata.json
2026-06-26T02:00:03.596+0700	reading metadata for iot_backup.prvtimes from /tmp/mongo_clone/iot/prvtimes.metadata.json
2026-06-26T02:00:03.596+0700	reading metadata for iot_backup.sensors from /tmp/mongo_clone/iot/sensors.metadata.json
2026-06-26T02:00:03.596+0700	reading metadata for iot_backup.users from /tmp/mongo_clone/iot/users.metadata.json
2026-06-26T02:00:03.596+0700	reading metadata for iot_backup.alarms from /tmp/mongo_clone/iot/alarms.metadata.json
2026-06-26T02:00:03.596+0700	reading metadata for iot_backup.groups from /tmp/mongo_clone/iot/groups.metadata.json
2026-06-26T02:00:03.669+0700	restoring iot_backup.sensors from /tmp/mongo_clone/iot/sensors.bson
2026-06-26T02:00:03.690+0700	restoring iot_backup.prvdatas from /tmp/mongo_clone/iot/prvdatas.bson
2026-06-26T02:00:03.699+0700	restoring iot_backup.alarms from /tmp/mongo_clone/iot/alarms.bson
2026-06-26T02:00:03.711+0700	restoring iot_backup.prvcontrols from /tmp/mongo_clone/iot/prvcontrols.bson
2026-06-26T02:00:03.722+0700	finished restoring iot_backup.prvcontrols (409 documents, 0 failures)
2026-06-26T02:00:03.760+0700	restoring iot_backup.infos from /tmp/mongo_clone/iot/infos.bson
2026-06-26T02:00:03.771+0700	finished restoring iot_backup.infos (22 documents, 0 failures)
2026-06-26T02:00:03.819+0700	restoring iot_backup.prvs from /tmp/mongo_clone/iot/prvs.bson
2026-06-26T02:00:03.836+0700	finished restoring iot_backup.prvs (3 documents, 0 failures)
2026-06-26T02:00:03.880+0700	restoring iot_backup.groups from /tmp/mongo_clone/iot/groups.bson
2026-06-26T02:00:03.892+0700	finished restoring iot_backup.groups (12 documents, 0 failures)
2026-06-26T02:00:03.974+0700	restoring iot_backup.users from /tmp/mongo_clone/iot/users.bson
2026-06-26T02:00:03.993+0700	finished restoring iot_backup.users (2 documents, 0 failures)
2026-06-26T02:00:04.040+0700	restoring iot_backup.prvtimes from /tmp/mongo_clone/iot/prvtimes.bson
2026-06-26T02:00:04.051+0700	finished restoring iot_backup.prvtimes (0 documents, 0 failures)
2026-06-26T02:00:04.073+0700	finished restoring iot_backup.alarms (52037 documents, 0 failures)
2026-06-26T02:00:04.897+0700	finished restoring iot_backup.prvdatas (143853 documents, 0 failures)
2026-06-26T02:00:06.597+0700	[####....................]  iot_backup.sensors  46.9MB/238MB  (19.7%)
2026-06-26T02:00:09.596+0700	[#########...............]  iot_backup.sensors  96.4MB/238MB  (40.5%)
2026-06-26T02:00:12.596+0700	[##############..........]  iot_backup.sensors  148MB/238MB  (62.2%)
2026-06-26T02:00:15.596+0700	[###################.....]  iot_backup.sensors  198MB/238MB  (83.2%)
2026-06-26T02:00:17.929+0700	[########################]  iot_backup.sensors  238MB/238MB  (100.0%)
2026-06-26T02:00:17.929+0700	finished restoring iot_backup.sensors (2071982 documents, 0 failures)
2026-06-26T02:00:17.929+0700	no indexes to restore for collection iot_backup.users
2026-06-26T02:00:17.929+0700	no indexes to restore for collection iot_backup.groups
2026-06-26T02:00:17.929+0700	restoring indexes for collection iot_backup.prvdatas from metadata
2026-06-26T02:00:17.929+0700	index: &idx.IndexDocument{Options:primitive.M{"background":true, "expireAfterSeconds":2592000, "name":"createAt_1", "v":2}, Key:primitive.D{primitive.E{Key:"createAt", Value:1}}, PartialFilterExpression:primitive.D(nil)}
2026-06-26T02:00:17.929+0700	no indexes to restore for collection iot_backup.prvs
2026-06-26T02:00:17.929+0700	no indexes to restore for collection iot_backup.infos
2026-06-26T02:00:17.929+0700	restoring indexes for collection iot_backup.prvcontrols from metadata
2026-06-26T02:00:17.929+0700	index: &idx.IndexDocument{Options:primitive.M{"background":true, "expireAfterSeconds":86400, "name":"createAt_-1", "v":2}, Key:primitive.D{primitive.E{Key:"createAt", Value:-1}}, PartialFilterExpression:primitive.D(nil)}
2026-06-26T02:00:17.929+0700	no indexes to restore for collection iot_backup.prvtimes
2026-06-26T02:00:17.929+0700	restoring indexes for collection iot_backup.sensors from metadata
2026-06-26T02:00:17.929+0700	index: &idx.IndexDocument{Options:primitive.M{"background":true, "name":"user_1_createAt_1_index_1", "v":2}, Key:primitive.D{primitive.E{Key:"user", Value:1}, primitive.E{Key:"createAt", Value:1}, primitive.E{Key:"index", Value:1}}, PartialFilterExpression:primitive.D(nil)}
2026-06-26T02:00:17.929+0700	no indexes to restore for collection iot_backup.alarms
2026-06-26T02:00:20.838+0700	2268320 document(s) restored successfully. 0 document(s) failed to restore.
Backup clone done at Fri Jun 26 02:00:20 +07 2026
{ ok: 1, dropped: 'iot_backup' }
2026-06-27T02:00:01.546+0700	writing iot.sensors to /tmp/mongo_clone/iot/sensors.bson
2026-06-27T02:00:01.547+0700	writing iot.prvdatas to /tmp/mongo_clone/iot/prvdatas.bson
2026-06-27T02:00:01.547+0700	writing iot.alarms to /tmp/mongo_clone/iot/alarms.bson
2026-06-27T02:00:01.547+0700	writing iot.prvcontrols to /tmp/mongo_clone/iot/prvcontrols.bson
2026-06-27T02:00:01.549+0700	done dumping iot.prvcontrols (360 documents)
2026-06-27T02:00:01.549+0700	writing iot.infos to /tmp/mongo_clone/iot/infos.bson
2026-06-27T02:00:01.549+0700	done dumping iot.infos (22 documents)
2026-06-27T02:00:01.549+0700	writing iot.groups to /tmp/mongo_clone/iot/groups.bson
2026-06-27T02:00:01.550+0700	done dumping iot.groups (12 documents)
2026-06-27T02:00:01.550+0700	writing iot.prvs to /tmp/mongo_clone/iot/prvs.bson
2026-06-27T02:00:01.550+0700	done dumping iot.prvs (3 documents)
2026-06-27T02:00:01.550+0700	writing iot.users to /tmp/mongo_clone/iot/users.bson
2026-06-27T02:00:01.551+0700	done dumping iot.users (2 documents)
2026-06-27T02:00:01.551+0700	writing iot.prvtimes to /tmp/mongo_clone/iot/prvtimes.bson
2026-06-27T02:00:01.551+0700	done dumping iot.prvtimes (0 documents)
2026-06-27T02:00:01.618+0700	done dumping iot.alarms (52524 documents)
2026-06-27T02:00:01.711+0700	done dumping iot.prvdatas (143803 documents)
2026-06-27T02:00:03.324+0700	done dumping iot.sensors (2101043 documents)
2026-06-27T02:00:03.336+0700	The --db and --collection flags are deprecated for this use-case; please use --nsInclude instead, i.e. with --nsInclude=${DATABASE}.${COLLECTION}
2026-06-27T02:00:03.336+0700	building a list of collections to restore from /tmp/mongo_clone/iot dir
2026-06-27T02:00:03.336+0700	don't know what to do with file "/tmp/mongo_clone/iot/prelude.json", skipping...
2026-06-27T02:00:03.336+0700	reading metadata for iot_backup.groups from /tmp/mongo_clone/iot/groups.metadata.json
2026-06-27T02:00:03.336+0700	reading metadata for iot_backup.infos from /tmp/mongo_clone/iot/infos.metadata.json
2026-06-27T02:00:03.336+0700	reading metadata for iot_backup.prvdatas from /tmp/mongo_clone/iot/prvdatas.metadata.json
2026-06-27T02:00:03.337+0700	reading metadata for iot_backup.sensors from /tmp/mongo_clone/iot/sensors.metadata.json
2026-06-27T02:00:03.337+0700	reading metadata for iot_backup.alarms from /tmp/mongo_clone/iot/alarms.metadata.json
2026-06-27T02:00:03.337+0700	reading metadata for iot_backup.prvcontrols from /tmp/mongo_clone/iot/prvcontrols.metadata.json
2026-06-27T02:00:03.337+0700	reading metadata for iot_backup.prvs from /tmp/mongo_clone/iot/prvs.metadata.json
2026-06-27T02:00:03.337+0700	reading metadata for iot_backup.prvtimes from /tmp/mongo_clone/iot/prvtimes.metadata.json
2026-06-27T02:00:03.337+0700	reading metadata for iot_backup.users from /tmp/mongo_clone/iot/users.metadata.json
2026-06-27T02:00:03.525+0700	restoring iot_backup.sensors from /tmp/mongo_clone/iot/sensors.bson
2026-06-27T02:00:03.554+0700	restoring iot_backup.prvdatas from /tmp/mongo_clone/iot/prvdatas.bson
2026-06-27T02:00:03.606+0700	restoring iot_backup.alarms from /tmp/mongo_clone/iot/alarms.bson
2026-06-27T02:00:03.630+0700	restoring iot_backup.prvcontrols from /tmp/mongo_clone/iot/prvcontrols.bson
2026-06-27T02:00:03.640+0700	finished restoring iot_backup.prvcontrols (360 documents, 0 failures)
2026-06-27T02:00:03.715+0700	restoring iot_backup.infos from /tmp/mongo_clone/iot/infos.bson
2026-06-27T02:00:03.726+0700	finished restoring iot_backup.infos (22 documents, 0 failures)
2026-06-27T02:00:03.761+0700	restoring iot_backup.prvs from /tmp/mongo_clone/iot/prvs.bson
2026-06-27T02:00:03.773+0700	finished restoring iot_backup.prvs (3 documents, 0 failures)
2026-06-27T02:00:03.821+0700	restoring iot_backup.groups from /tmp/mongo_clone/iot/groups.bson
2026-06-27T02:00:03.838+0700	finished restoring iot_backup.groups (12 documents, 0 failures)
2026-06-27T02:00:03.855+0700	restoring iot_backup.users from /tmp/mongo_clone/iot/users.bson
2026-06-27T02:00:03.871+0700	finished restoring iot_backup.users (2 documents, 0 failures)
2026-06-27T02:00:03.905+0700	restoring iot_backup.prvtimes from /tmp/mongo_clone/iot/prvtimes.bson
2026-06-27T02:00:03.919+0700	finished restoring iot_backup.prvtimes (0 documents, 0 failures)
2026-06-27T02:00:03.962+0700	finished restoring iot_backup.alarms (52524 documents, 0 failures)
2026-06-27T02:00:04.754+0700	finished restoring iot_backup.prvdatas (143803 documents, 0 failures)
2026-06-27T02:00:06.336+0700	[####....................]  iot_backup.sensors  45.2MB/241MB  (18.7%)
2026-06-27T02:00:09.336+0700	[#########...............]  iot_backup.sensors  96.1MB/241MB  (39.8%)
2026-06-27T02:00:12.336+0700	[##############..........]  iot_backup.sensors  148MB/241MB  (61.1%)
2026-06-27T02:00:15.337+0700	[###################.....]  iot_backup.sensors  199MB/241MB  (82.6%)
2026-06-27T02:00:17.896+0700	[########################]  iot_backup.sensors  241MB/241MB  (100.0%)
2026-06-27T02:00:17.896+0700	finished restoring iot_backup.sensors (2101043 documents, 0 failures)
2026-06-27T02:00:17.896+0700	no indexes to restore for collection iot_backup.groups
2026-06-27T02:00:17.896+0700	restoring indexes for collection iot_backup.sensors from metadata
2026-06-27T02:00:17.896+0700	index: &idx.IndexDocument{Options:primitive.M{"background":true, "name":"user_1_createAt_1_index_1", "v":2}, Key:primitive.D{primitive.E{Key:"user", Value:1}, primitive.E{Key:"createAt", Value:1}, primitive.E{Key:"index", Value:1}}, PartialFilterExpression:primitive.D(nil)}
2026-06-27T02:00:17.896+0700	no indexes to restore for collection iot_backup.prvs
2026-06-27T02:00:17.896+0700	restoring indexes for collection iot_backup.prvcontrols from metadata
2026-06-27T02:00:17.896+0700	index: &idx.IndexDocument{Options:primitive.M{"background":true, "expireAfterSeconds":86400, "name":"createAt_-1", "v":2}, Key:primitive.D{primitive.E{Key:"createAt", Value:-1}}, PartialFilterExpression:primitive.D(nil)}
2026-06-27T02:00:17.896+0700	no indexes to restore for collection iot_backup.prvtimes
2026-06-27T02:00:17.896+0700	no indexes to restore for collection iot_backup.users
2026-06-27T02:00:17.896+0700	no indexes to restore for collection iot_backup.infos
2026-06-27T02:00:17.896+0700	restoring indexes for collection iot_backup.prvdatas from metadata
2026-06-27T02:00:17.896+0700	index: &idx.IndexDocument{Options:primitive.M{"background":true, "expireAfterSeconds":2592000, "name":"createAt_1", "v":2}, Key:primitive.D{primitive.E{Key:"createAt", Value:1}}, PartialFilterExpression:primitive.D(nil)}
2026-06-27T02:00:17.896+0700	no indexes to restore for collection iot_backup.alarms
2026-06-27T02:00:20.861+0700	2297769 document(s) restored successfully. 0 document(s) failed to restore.
Backup clone done at Sat Jun 27 02:00:20 +07 2026
{ ok: 1, dropped: 'iot_backup' }
2026-06-28T02:00:01.520+0700	writing iot.sensors to /tmp/mongo_clone/iot/sensors.bson
2026-06-28T02:00:01.520+0700	writing iot.prvdatas to /tmp/mongo_clone/iot/prvdatas.bson
2026-06-28T02:00:01.520+0700	writing iot.alarms to /tmp/mongo_clone/iot/alarms.bson
2026-06-28T02:00:01.521+0700	writing iot.prvcontrols to /tmp/mongo_clone/iot/prvcontrols.bson
2026-06-28T02:00:01.523+0700	done dumping iot.prvcontrols (404 documents)
2026-06-28T02:00:01.523+0700	writing iot.infos to /tmp/mongo_clone/iot/infos.bson
2026-06-28T02:00:01.523+0700	done dumping iot.infos (22 documents)
2026-06-28T02:00:01.523+0700	writing iot.groups to /tmp/mongo_clone/iot/groups.bson
2026-06-28T02:00:01.523+0700	done dumping iot.groups (12 documents)
2026-06-28T02:00:01.523+0700	writing iot.prvs to /tmp/mongo_clone/iot/prvs.bson
2026-06-28T02:00:01.524+0700	done dumping iot.prvs (3 documents)
2026-06-28T02:00:01.524+0700	writing iot.users to /tmp/mongo_clone/iot/users.bson
2026-06-28T02:00:01.524+0700	done dumping iot.users (2 documents)
2026-06-28T02:00:01.524+0700	writing iot.prvtimes to /tmp/mongo_clone/iot/prvtimes.bson
2026-06-28T02:00:01.524+0700	done dumping iot.prvtimes (0 documents)
2026-06-28T02:00:01.577+0700	done dumping iot.alarms (52836 documents)
2026-06-28T02:00:01.684+0700	done dumping iot.prvdatas (144531 documents)
2026-06-28T02:00:03.367+0700	done dumping iot.sensors (2129783 documents)
2026-06-28T02:00:03.377+0700	The --db and --collection flags are deprecated for this use-case; please use --nsInclude instead, i.e. with --nsInclude=${DATABASE}.${COLLECTION}
2026-06-28T02:00:03.378+0700	building a list of collections to restore from /tmp/mongo_clone/iot dir
2026-06-28T02:00:03.378+0700	don't know what to do with file "/tmp/mongo_clone/iot/prelude.json", skipping...
2026-06-28T02:00:03.378+0700	reading metadata for iot_backup.prvtimes from /tmp/mongo_clone/iot/prvtimes.metadata.json
2026-06-28T02:00:03.378+0700	reading metadata for iot_backup.sensors from /tmp/mongo_clone/iot/sensors.metadata.json
2026-06-28T02:00:03.378+0700	reading metadata for iot_backup.users from /tmp/mongo_clone/iot/users.metadata.json
2026-06-28T02:00:03.378+0700	reading metadata for iot_backup.alarms from /tmp/mongo_clone/iot/alarms.metadata.json
2026-06-28T02:00:03.378+0700	reading metadata for iot_backup.prvcontrols from /tmp/mongo_clone/iot/prvcontrols.metadata.json
2026-06-28T02:00:03.378+0700	reading metadata for iot_backup.prvdatas from /tmp/mongo_clone/iot/prvdatas.metadata.json
2026-06-28T02:00:03.378+0700	reading metadata for iot_backup.prvs from /tmp/mongo_clone/iot/prvs.metadata.json
2026-06-28T02:00:03.378+0700	reading metadata for iot_backup.groups from /tmp/mongo_clone/iot/groups.metadata.json
2026-06-28T02:00:03.378+0700	reading metadata for iot_backup.infos from /tmp/mongo_clone/iot/infos.metadata.json
2026-06-28T02:00:03.493+0700	restoring iot_backup.sensors from /tmp/mongo_clone/iot/sensors.bson
2026-06-28T02:00:03.500+0700	restoring iot_backup.prvdatas from /tmp/mongo_clone/iot/prvdatas.bson
2026-06-28T02:00:03.512+0700	restoring iot_backup.alarms from /tmp/mongo_clone/iot/alarms.bson
2026-06-28T02:00:03.529+0700	restoring iot_backup.prvcontrols from /tmp/mongo_clone/iot/prvcontrols.bson
2026-06-28T02:00:03.540+0700	finished restoring iot_backup.prvcontrols (404 documents, 0 failures)
2026-06-28T02:00:03.589+0700	restoring iot_backup.infos from /tmp/mongo_clone/iot/infos.bson
2026-06-28T02:00:03.606+0700	finished restoring iot_backup.infos (22 documents, 0 failures)
2026-06-28T02:00:03.632+0700	restoring iot_backup.prvs from /tmp/mongo_clone/iot/prvs.bson
2026-06-28T02:00:03.644+0700	finished restoring iot_backup.prvs (3 documents, 0 failures)
2026-06-28T02:00:03.725+0700	restoring iot_backup.groups from /tmp/mongo_clone/iot/groups.bson
2026-06-28T02:00:03.743+0700	finished restoring iot_backup.groups (12 documents, 0 failures)
2026-06-28T02:00:03.765+0700	restoring iot_backup.users from /tmp/mongo_clone/iot/users.bson
2026-06-28T02:00:03.775+0700	finished restoring iot_backup.users (2 documents, 0 failures)
2026-06-28T02:00:03.826+0700	restoring iot_backup.prvtimes from /tmp/mongo_clone/iot/prvtimes.bson
2026-06-28T02:00:03.839+0700	finished restoring iot_backup.prvtimes (0 documents, 0 failures)
2026-06-28T02:00:03.864+0700	finished restoring iot_backup.alarms (52836 documents, 0 failures)
2026-06-28T02:00:04.693+0700	finished restoring iot_backup.prvdatas (144531 documents, 0 failures)
2026-06-28T02:00:06.378+0700	[####....................]  iot_backup.sensors  46.8MB/245MB  (19.1%)
2026-06-28T02:00:09.378+0700	[#########...............]  iot_backup.sensors  96.3MB/245MB  (39.4%)
2026-06-28T02:00:12.377+0700	[##############..........]  iot_backup.sensors  147MB/245MB  (60.1%)
2026-06-28T02:00:15.378+0700	[###################.....]  iot_backup.sensors  197MB/245MB  (80.5%)
2026-06-28T02:00:18.202+0700	[########################]  iot_backup.sensors  245MB/245MB  (100.0%)
2026-06-28T02:00:18.202+0700	finished restoring iot_backup.sensors (2129783 documents, 0 failures)
2026-06-28T02:00:18.202+0700	no indexes to restore for collection iot_backup.users
2026-06-28T02:00:18.202+0700	restoring indexes for collection iot_backup.prvcontrols from metadata
2026-06-28T02:00:18.202+0700	index: &idx.IndexDocument{Options:primitive.M{"background":true, "expireAfterSeconds":86400, "name":"createAt_-1", "v":2}, Key:primitive.D{primitive.E{Key:"createAt", Value:-1}}, PartialFilterExpression:primitive.D(nil)}
2026-06-28T02:00:18.202+0700	no indexes to restore for collection iot_backup.groups
2026-06-28T02:00:18.202+0700	no indexes to restore for collection iot_backup.prvtimes
2026-06-28T02:00:18.202+0700	restoring indexes for collection iot_backup.sensors from metadata
2026-06-28T02:00:18.202+0700	index: &idx.IndexDocument{Options:primitive.M{"background":true, "name":"user_1_createAt_1_index_1", "v":2}, Key:primitive.D{primitive.E{Key:"user", Value:1}, primitive.E{Key:"createAt", Value:1}, primitive.E{Key:"index", Value:1}}, PartialFilterExpression:primitive.D(nil)}
2026-06-28T02:00:18.203+0700	no indexes to restore for collection iot_backup.prvs
2026-06-28T02:00:18.203+0700	no indexes to restore for collection iot_backup.infos
2026-06-28T02:00:18.203+0700	no indexes to restore for collection iot_backup.alarms
2026-06-28T02:00:18.203+0700	restoring indexes for collection iot_backup.prvdatas from metadata
2026-06-28T02:00:18.203+0700	index: &idx.IndexDocument{Options:primitive.M{"background":true, "expireAfterSeconds":2592000, "name":"createAt_1", "v":2}, Key:primitive.D{primitive.E{Key:"createAt", Value:1}}, PartialFilterExpression:primitive.D(nil)}
2026-06-28T02:00:21.210+0700	2327593 document(s) restored successfully. 0 document(s) failed to restore.
Backup clone done at Sun Jun 28 02:00:21 +07 2026
{ ok: 1, dropped: 'iot_backup' }
2026-06-29T02:00:01.949+0700	writing iot.sensors to /tmp/mongo_clone/iot/sensors.bson
2026-06-29T02:00:01.949+0700	writing iot.prvdatas to /tmp/mongo_clone/iot/prvdatas.bson
2026-06-29T02:00:01.949+0700	writing iot.alarms to /tmp/mongo_clone/iot/alarms.bson
2026-06-29T02:00:01.949+0700	writing iot.prvcontrols to /tmp/mongo_clone/iot/prvcontrols.bson
2026-06-29T02:00:01.951+0700	done dumping iot.prvcontrols (313 documents)
2026-06-29T02:00:01.951+0700	writing iot.infos to /tmp/mongo_clone/iot/infos.bson
2026-06-29T02:00:01.951+0700	done dumping iot.infos (23 documents)
2026-06-29T02:00:01.951+0700	writing iot.groups to /tmp/mongo_clone/iot/groups.bson
2026-06-29T02:00:01.954+0700	done dumping iot.groups (12 documents)
2026-06-29T02:00:01.954+0700	writing iot.prvs to /tmp/mongo_clone/iot/prvs.bson
2026-06-29T02:00:01.954+0700	done dumping iot.prvs (3 documents)
2026-06-29T02:00:01.954+0700	writing iot.users to /tmp/mongo_clone/iot/users.bson
2026-06-29T02:00:01.955+0700	done dumping iot.users (2 documents)
2026-06-29T02:00:01.955+0700	writing iot.prvtimes to /tmp/mongo_clone/iot/prvtimes.bson
2026-06-29T02:00:01.955+0700	done dumping iot.prvtimes (0 documents)
2026-06-29T02:00:02.001+0700	done dumping iot.alarms (53122 documents)
2026-06-29T02:00:02.093+0700	done dumping iot.prvdatas (144513 documents)
2026-06-29T02:00:03.743+0700	done dumping iot.sensors (2158824 documents)
2026-06-29T02:00:03.754+0700	The --db and --collection flags are deprecated for this use-case; please use --nsInclude instead, i.e. with --nsInclude=${DATABASE}.${COLLECTION}
2026-06-29T02:00:03.754+0700	building a list of collections to restore from /tmp/mongo_clone/iot dir
2026-06-29T02:00:03.754+0700	don't know what to do with file "/tmp/mongo_clone/iot/prelude.json", skipping...
2026-06-29T02:00:03.754+0700	reading metadata for iot_backup.users from /tmp/mongo_clone/iot/users.metadata.json
2026-06-29T02:00:03.754+0700	reading metadata for iot_backup.groups from /tmp/mongo_clone/iot/groups.metadata.json
2026-06-29T02:00:03.754+0700	reading metadata for iot_backup.prvcontrols from /tmp/mongo_clone/iot/prvcontrols.metadata.json
2026-06-29T02:00:03.754+0700	reading metadata for iot_backup.prvdatas from /tmp/mongo_clone/iot/prvdatas.metadata.json
2026-06-29T02:00:03.754+0700	reading metadata for iot_backup.prvs from /tmp/mongo_clone/iot/prvs.metadata.json
2026-06-29T02:00:03.754+0700	reading metadata for iot_backup.prvtimes from /tmp/mongo_clone/iot/prvtimes.metadata.json
2026-06-29T02:00:03.754+0700	reading metadata for iot_backup.sensors from /tmp/mongo_clone/iot/sensors.metadata.json
2026-06-29T02:00:03.754+0700	reading metadata for iot_backup.alarms from /tmp/mongo_clone/iot/alarms.metadata.json
2026-06-29T02:00:03.754+0700	reading metadata for iot_backup.infos from /tmp/mongo_clone/iot/infos.metadata.json
2026-06-29T02:00:03.803+0700	restoring iot_backup.sensors from /tmp/mongo_clone/iot/sensors.bson
2026-06-29T02:00:03.833+0700	restoring iot_backup.prvdatas from /tmp/mongo_clone/iot/prvdatas.bson
2026-06-29T02:00:03.846+0700	restoring iot_backup.alarms from /tmp/mongo_clone/iot/alarms.bson
2026-06-29T02:00:03.862+0700	restoring iot_backup.prvcontrols from /tmp/mongo_clone/iot/prvcontrols.bson
2026-06-29T02:00:03.873+0700	finished restoring iot_backup.prvcontrols (313 documents, 0 failures)
2026-06-29T02:00:03.931+0700	restoring iot_backup.infos from /tmp/mongo_clone/iot/infos.bson
2026-06-29T02:00:03.941+0700	finished restoring iot_backup.infos (23 documents, 0 failures)
2026-06-29T02:00:04.034+0700	restoring iot_backup.prvs from /tmp/mongo_clone/iot/prvs.bson
2026-06-29T02:00:04.050+0700	finished restoring iot_backup.prvs (3 documents, 0 failures)
2026-06-29T02:00:04.099+0700	restoring iot_backup.groups from /tmp/mongo_clone/iot/groups.bson
2026-06-29T02:00:04.112+0700	finished restoring iot_backup.groups (12 documents, 0 failures)
2026-06-29T02:00:04.180+0700	restoring iot_backup.users from /tmp/mongo_clone/iot/users.bson
2026-06-29T02:00:04.191+0700	finished restoring iot_backup.users (2 documents, 0 failures)
2026-06-29T02:00:04.196+0700	finished restoring iot_backup.alarms (53122 documents, 0 failures)
2026-06-29T02:00:04.218+0700	restoring iot_backup.prvtimes from /tmp/mongo_clone/iot/prvtimes.bson
2026-06-29T02:00:04.230+0700	finished restoring iot_backup.prvtimes (0 documents, 0 failures)
2026-06-29T02:00:05.046+0700	finished restoring iot_backup.prvdatas (144513 documents, 0 failures)
2026-06-29T02:00:06.755+0700	[####....................]  iot_backup.sensors  47.6MB/248MB  (19.2%)
2026-06-29T02:00:09.754+0700	[#########...............]  iot_backup.sensors  96.7MB/248MB  (39.0%)
2026-06-29T02:00:12.754+0700	[##############..........]  iot_backup.sensors  148MB/248MB  (59.6%)
2026-06-29T02:00:15.754+0700	[###################.....]  iot_backup.sensors  198MB/248MB  (79.7%)
2026-06-29T02:00:18.669+0700	[########################]  iot_backup.sensors  248MB/248MB  (100.0%)
2026-06-29T02:00:18.669+0700	finished restoring iot_backup.sensors (2158824 documents, 0 failures)
2026-06-29T02:00:18.669+0700	no indexes to restore for collection iot_backup.groups
2026-06-29T02:00:18.669+0700	no indexes to restore for collection iot_backup.prvtimes
2026-06-29T02:00:18.669+0700	no indexes to restore for collection iot_backup.infos
2026-06-29T02:00:18.669+0700	no indexes to restore for collection iot_backup.users
2026-06-29T02:00:18.669+0700	restoring indexes for collection iot_backup.prvcontrols from metadata
2026-06-29T02:00:18.669+0700	index: &idx.IndexDocument{Options:primitive.M{"background":true, "expireAfterSeconds":86400, "name":"createAt_-1", "v":2}, Key:primitive.D{primitive.E{Key:"createAt", Value:-1}}, PartialFilterExpression:primitive.D(nil)}
2026-06-29T02:00:18.669+0700	restoring indexes for collection iot_backup.prvdatas from metadata
2026-06-29T02:00:18.669+0700	index: &idx.IndexDocument{Options:primitive.M{"background":true, "expireAfterSeconds":2592000, "name":"createAt_1", "v":2}, Key:primitive.D{primitive.E{Key:"createAt", Value:1}}, PartialFilterExpression:primitive.D(nil)}
2026-06-29T02:00:18.669+0700	no indexes to restore for collection iot_backup.prvs
2026-06-29T02:00:18.669+0700	restoring indexes for collection iot_backup.sensors from metadata
2026-06-29T02:00:18.669+0700	index: &idx.IndexDocument{Options:primitive.M{"background":true, "name":"user_1_createAt_1_index_1", "v":2}, Key:primitive.D{primitive.E{Key:"user", Value:1}, primitive.E{Key:"createAt", Value:1}, primitive.E{Key:"index", Value:1}}, PartialFilterExpression:primitive.D(nil)}
2026-06-29T02:00:18.669+0700	no indexes to restore for collection iot_backup.alarms
2026-06-29T02:00:21.757+0700	2356812 document(s) restored successfully. 0 document(s) failed to restore.
Backup clone done at Mon Jun 29 02:00:21 +07 2026
{ ok: 1, dropped: 'iot_backup' }
2026-06-30T02:00:01.417+0700	writing iot.sensors to /tmp/mongo_clone/iot/sensors.bson
2026-06-30T02:00:01.417+0700	writing iot.prvdatas to /tmp/mongo_clone/iot/prvdatas.bson
2026-06-30T02:00:01.417+0700	writing iot.alarms to /tmp/mongo_clone/iot/alarms.bson
2026-06-30T02:00:01.417+0700	writing iot.prvcontrols to /tmp/mongo_clone/iot/prvcontrols.bson
2026-06-30T02:00:01.420+0700	done dumping iot.prvcontrols (412 documents)
2026-06-30T02:00:01.420+0700	writing iot.infos to /tmp/mongo_clone/iot/infos.bson
2026-06-30T02:00:01.421+0700	done dumping iot.infos (24 documents)
2026-06-30T02:00:01.421+0700	writing iot.groups to /tmp/mongo_clone/iot/groups.bson
2026-06-30T02:00:01.421+0700	done dumping iot.groups (11 documents)
2026-06-30T02:00:01.421+0700	writing iot.prvs to /tmp/mongo_clone/iot/prvs.bson
2026-06-30T02:00:01.421+0700	done dumping iot.prvs (3 documents)
2026-06-30T02:00:01.421+0700	writing iot.users to /tmp/mongo_clone/iot/users.bson
2026-06-30T02:00:01.422+0700	done dumping iot.users (2 documents)
2026-06-30T02:00:01.422+0700	writing iot.prvtimes to /tmp/mongo_clone/iot/prvtimes.bson
2026-06-30T02:00:01.422+0700	done dumping iot.prvtimes (0 documents)
2026-06-30T02:00:01.473+0700	done dumping iot.alarms (53469 documents)
2026-06-30T02:00:01.559+0700	done dumping iot.prvdatas (144553 documents)
2026-06-30T02:00:03.243+0700	done dumping iot.sensors (2188529 documents)
2026-06-30T02:00:03.253+0700	The --db and --collection flags are deprecated for this use-case; please use --nsInclude instead, i.e. with --nsInclude=${DATABASE}.${COLLECTION}
2026-06-30T02:00:03.254+0700	building a list of collections to restore from /tmp/mongo_clone/iot dir
2026-06-30T02:00:03.254+0700	don't know what to do with file "/tmp/mongo_clone/iot/prelude.json", skipping...
2026-06-30T02:00:03.254+0700	reading metadata for iot_backup.users from /tmp/mongo_clone/iot/users.metadata.json
2026-06-30T02:00:03.254+0700	reading metadata for iot_backup.groups from /tmp/mongo_clone/iot/groups.metadata.json
2026-06-30T02:00:03.254+0700	reading metadata for iot_backup.infos from /tmp/mongo_clone/iot/infos.metadata.json
2026-06-30T02:00:03.254+0700	reading metadata for iot_backup.prvcontrols from /tmp/mongo_clone/iot/prvcontrols.metadata.json
2026-06-30T02:00:03.254+0700	reading metadata for iot_backup.prvdatas from /tmp/mongo_clone/iot/prvdatas.metadata.json
2026-06-30T02:00:03.254+0700	reading metadata for iot_backup.prvtimes from /tmp/mongo_clone/iot/prvtimes.metadata.json
2026-06-30T02:00:03.254+0700	reading metadata for iot_backup.alarms from /tmp/mongo_clone/iot/alarms.metadata.json
2026-06-30T02:00:03.254+0700	reading metadata for iot_backup.prvs from /tmp/mongo_clone/iot/prvs.metadata.json
2026-06-30T02:00:03.254+0700	reading metadata for iot_backup.sensors from /tmp/mongo_clone/iot/sensors.metadata.json
2026-06-30T02:00:03.314+0700	restoring iot_backup.sensors from /tmp/mongo_clone/iot/sensors.bson
2026-06-30T02:00:03.329+0700	restoring iot_backup.prvdatas from /tmp/mongo_clone/iot/prvdatas.bson
2026-06-30T02:00:03.345+0700	restoring iot_backup.alarms from /tmp/mongo_clone/iot/alarms.bson
2026-06-30T02:00:03.367+0700	restoring iot_backup.prvcontrols from /tmp/mongo_clone/iot/prvcontrols.bson
2026-06-30T02:00:03.378+0700	finished restoring iot_backup.prvcontrols (412 documents, 0 failures)
2026-06-30T02:00:03.410+0700	restoring iot_backup.infos from /tmp/mongo_clone/iot/infos.bson
2026-06-30T02:00:03.427+0700	finished restoring iot_backup.infos (24 documents, 0 failures)
2026-06-30T02:00:03.458+0700	restoring iot_backup.prvs from /tmp/mongo_clone/iot/prvs.bson
2026-06-30T02:00:03.470+0700	finished restoring iot_backup.prvs (3 documents, 0 failures)
2026-06-30T02:00:03.512+0700	restoring iot_backup.groups from /tmp/mongo_clone/iot/groups.bson
2026-06-30T02:00:03.524+0700	finished restoring iot_backup.groups (11 documents, 0 failures)
2026-06-30T02:00:03.556+0700	restoring iot_backup.users from /tmp/mongo_clone/iot/users.bson
2026-06-30T02:00:03.568+0700	finished restoring iot_backup.users (2 documents, 0 failures)
2026-06-30T02:00:03.601+0700	restoring iot_backup.prvtimes from /tmp/mongo_clone/iot/prvtimes.bson
2026-06-30T02:00:03.612+0700	finished restoring iot_backup.prvtimes (0 documents, 0 failures)
2026-06-30T02:00:03.719+0700	finished restoring iot_backup.alarms (53469 documents, 0 failures)
2026-06-30T02:00:04.560+0700	finished restoring iot_backup.prvdatas (144553 documents, 0 failures)
2026-06-30T02:00:06.254+0700	[####....................]  iot_backup.sensors  46.7MB/251MB  (18.6%)
2026-06-30T02:00:09.254+0700	[#########...............]  iot_backup.sensors  96.8MB/251MB  (38.5%)
2026-06-30T02:00:12.253+0700	[##############..........]  iot_backup.sensors  148MB/251MB  (59.0%)
2026-06-30T02:00:15.253+0700	[##################......]  iot_backup.sensors  199MB/251MB  (79.1%)
2026-06-30T02:00:18.254+0700	[#######################.]  iot_backup.sensors  249MB/251MB  (99.2%)
2026-06-30T02:00:18.374+0700	[########################]  iot_backup.sensors  251MB/251MB  (100.0%)
2026-06-30T02:00:18.374+0700	finished restoring iot_backup.sensors (2188529 documents, 0 failures)
2026-06-30T02:00:18.375+0700	restoring indexes for collection iot_backup.sensors from metadata
2026-06-30T02:00:18.375+0700	index: &idx.IndexDocument{Options:primitive.M{"background":true, "name":"user_1_createAt_1_index_1", "v":2}, Key:primitive.D{primitive.E{Key:"user", Value:1}, primitive.E{Key:"createAt", Value:1}, primitive.E{Key:"index", Value:1}}, PartialFilterExpression:primitive.D(nil)}
2026-06-30T02:00:18.375+0700	no indexes to restore for collection iot_backup.alarms
2026-06-30T02:00:18.375+0700	restoring indexes for collection iot_backup.prvcontrols from metadata
2026-06-30T02:00:18.375+0700	index: &idx.IndexDocument{Options:primitive.M{"background":true, "expireAfterSeconds":86400, "name":"createAt_-1", "v":2}, Key:primitive.D{primitive.E{Key:"createAt", Value:-1}}, PartialFilterExpression:primitive.D(nil)}
2026-06-30T02:00:18.375+0700	no indexes to restore for collection iot_backup.groups
2026-06-30T02:00:18.375+0700	restoring indexes for collection iot_backup.prvdatas from metadata
2026-06-30T02:00:18.375+0700	index: &idx.IndexDocument{Options:primitive.M{"background":true, "expireAfterSeconds":2592000, "name":"createAt_1", "v":2}, Key:primitive.D{primitive.E{Key:"createAt", Value:1}}, PartialFilterExpression:primitive.D(nil)}
2026-06-30T02:00:18.375+0700	no indexes to restore for collection iot_backup.prvtimes
2026-06-30T02:00:18.375+0700	no indexes to restore for collection iot_backup.prvs
2026-06-30T02:00:18.375+0700	no indexes to restore for collection iot_backup.users
2026-06-30T02:00:18.375+0700	no indexes to restore for collection iot_backup.infos
2026-06-30T02:00:21.477+0700	2387003 document(s) restored successfully. 0 document(s) failed to restore.
Backup clone done at Tue Jun 30 02:00:21 +07 2026
{ ok: 1, dropped: 'iot_backup' }
2026-07-01T02:00:02.156+0700	writing iot.sensors to /tmp/mongo_clone/iot/sensors.bson
2026-07-01T02:00:02.156+0700	writing iot.prvdatas to /tmp/mongo_clone/iot/prvdatas.bson
2026-07-01T02:00:02.156+0700	writing iot.alarms to /tmp/mongo_clone/iot/alarms.bson
2026-07-01T02:00:02.156+0700	writing iot.prvcontrols to /tmp/mongo_clone/iot/prvcontrols.bson
2026-07-01T02:00:02.158+0700	done dumping iot.prvcontrols (364 documents)
2026-07-01T02:00:02.158+0700	writing iot.infos to /tmp/mongo_clone/iot/infos.bson
2026-07-01T02:00:02.159+0700	done dumping iot.infos (24 documents)
2026-07-01T02:00:02.159+0700	writing iot.groups to /tmp/mongo_clone/iot/groups.bson
2026-07-01T02:00:02.159+0700	done dumping iot.groups (11 documents)
2026-07-01T02:00:02.159+0700	writing iot.prvs to /tmp/mongo_clone/iot/prvs.bson
2026-07-01T02:00:02.159+0700	done dumping iot.prvs (3 documents)
2026-07-01T02:00:02.159+0700	writing iot.users to /tmp/mongo_clone/iot/users.bson
2026-07-01T02:00:02.160+0700	done dumping iot.users (2 documents)
2026-07-01T02:00:02.160+0700	writing iot.prvtimes to /tmp/mongo_clone/iot/prvtimes.bson
2026-07-01T02:00:02.160+0700	done dumping iot.prvtimes (0 documents)
2026-07-01T02:00:02.220+0700	done dumping iot.alarms (53712 documents)
2026-07-01T02:00:02.318+0700	done dumping iot.prvdatas (144295 documents)
2026-07-01T02:00:04.028+0700	done dumping iot.sensors (2218285 documents)
2026-07-01T02:00:04.039+0700	The --db and --collection flags are deprecated for this use-case; please use --nsInclude instead, i.e. with --nsInclude=${DATABASE}.${COLLECTION}
2026-07-01T02:00:04.039+0700	building a list of collections to restore from /tmp/mongo_clone/iot dir
2026-07-01T02:00:04.039+0700	don't know what to do with file "/tmp/mongo_clone/iot/prelude.json", skipping...
2026-07-01T02:00:04.039+0700	reading metadata for iot_backup.sensors from /tmp/mongo_clone/iot/sensors.metadata.json
2026-07-01T02:00:04.040+0700	reading metadata for iot_backup.alarms from /tmp/mongo_clone/iot/alarms.metadata.json
2026-07-01T02:00:04.040+0700	reading metadata for iot_backup.prvdatas from /tmp/mongo_clone/iot/prvdatas.metadata.json
2026-07-01T02:00:04.040+0700	reading metadata for iot_backup.prvcontrols from /tmp/mongo_clone/iot/prvcontrols.metadata.json
2026-07-01T02:00:04.040+0700	reading metadata for iot_backup.prvs from /tmp/mongo_clone/iot/prvs.metadata.json
2026-07-01T02:00:04.040+0700	reading metadata for iot_backup.prvtimes from /tmp/mongo_clone/iot/prvtimes.metadata.json
2026-07-01T02:00:04.040+0700	reading metadata for iot_backup.users from /tmp/mongo_clone/iot/users.metadata.json
2026-07-01T02:00:04.040+0700	reading metadata for iot_backup.groups from /tmp/mongo_clone/iot/groups.metadata.json
2026-07-01T02:00:04.040+0700	reading metadata for iot_backup.infos from /tmp/mongo_clone/iot/infos.metadata.json
2026-07-01T02:00:04.097+0700	restoring iot_backup.sensors from /tmp/mongo_clone/iot/sensors.bson
2026-07-01T02:00:04.117+0700	restoring iot_backup.prvdatas from /tmp/mongo_clone/iot/prvdatas.bson
2026-07-01T02:00:04.130+0700	restoring iot_backup.alarms from /tmp/mongo_clone/iot/alarms.bson
2026-07-01T02:00:04.165+0700	restoring iot_backup.prvcontrols from /tmp/mongo_clone/iot/prvcontrols.bson
2026-07-01T02:00:04.175+0700	finished restoring iot_backup.prvcontrols (364 documents, 0 failures)
2026-07-01T02:00:04.229+0700	restoring iot_backup.infos from /tmp/mongo_clone/iot/infos.bson
2026-07-01T02:00:04.240+0700	finished restoring iot_backup.infos (24 documents, 0 failures)
2026-07-01T02:00:04.313+0700	restoring iot_backup.prvs from /tmp/mongo_clone/iot/prvs.bson
2026-07-01T02:00:04.323+0700	finished restoring iot_backup.prvs (3 documents, 0 failures)
2026-07-01T02:00:04.416+0700	restoring iot_backup.groups from /tmp/mongo_clone/iot/groups.bson
2026-07-01T02:00:04.433+0700	finished restoring iot_backup.groups (11 documents, 0 failures)
2026-07-01T02:00:04.489+0700	restoring iot_backup.users from /tmp/mongo_clone/iot/users.bson
2026-07-01T02:00:04.502+0700	finished restoring iot_backup.users (2 documents, 0 failures)
2026-07-01T02:00:04.511+0700	finished restoring iot_backup.alarms (53712 documents, 0 failures)
2026-07-01T02:00:04.544+0700	restoring iot_backup.prvtimes from /tmp/mongo_clone/iot/prvtimes.bson
2026-07-01T02:00:04.557+0700	finished restoring iot_backup.prvtimes (0 documents, 0 failures)
2026-07-01T02:00:05.296+0700	finished restoring iot_backup.prvdatas (144295 documents, 0 failures)
2026-07-01T02:00:07.039+0700	[####....................]  iot_backup.sensors  47.0MB/255MB  (18.5%)
2026-07-01T02:00:10.039+0700	[#########...............]  iot_backup.sensors  98.0MB/255MB  (38.5%)
2026-07-01T02:00:13.039+0700	[##############..........]  iot_backup.sensors  149MB/255MB  (58.4%)
2026-07-01T02:00:16.039+0700	[##################......]  iot_backup.sensors  199MB/255MB  (78.3%)
2026-07-01T02:00:19.039+0700	[#######################.]  iot_backup.sensors  250MB/255MB  (98.3%)
2026-07-01T02:00:19.281+0700	[########################]  iot_backup.sensors  255MB/255MB  (100.0%)
2026-07-01T02:00:19.281+0700	finished restoring iot_backup.sensors (2218285 documents, 0 failures)
2026-07-01T02:00:19.281+0700	restoring indexes for collection iot_backup.prvcontrols from metadata
2026-07-01T02:00:19.281+0700	index: &idx.IndexDocument{Options:primitive.M{"background":true, "expireAfterSeconds":86400, "name":"createAt_-1", "v":2}, Key:primitive.D{primitive.E{Key:"createAt", Value:-1}}, PartialFilterExpression:primitive.D(nil)}
2026-07-01T02:00:19.281+0700	no indexes to restore for collection iot_backup.groups
2026-07-01T02:00:19.281+0700	no indexes to restore for collection iot_backup.infos
2026-07-01T02:00:19.281+0700	restoring indexes for collection iot_backup.sensors from metadata
2026-07-01T02:00:19.281+0700	index: &idx.IndexDocument{Options:primitive.M{"background":true, "name":"user_1_createAt_1_index_1", "v":2}, Key:primitive.D{primitive.E{Key:"user", Value:1}, primitive.E{Key:"createAt", Value:1}, primitive.E{Key:"index", Value:1}}, PartialFilterExpression:primitive.D(nil)}
2026-07-01T02:00:19.281+0700	no indexes to restore for collection iot_backup.alarms
2026-07-01T02:00:19.281+0700	restoring indexes for collection iot_backup.prvdatas from metadata
2026-07-01T02:00:19.281+0700	index: &idx.IndexDocument{Options:primitive.M{"background":true, "expireAfterSeconds":2592000, "name":"createAt_1", "v":2}, Key:primitive.D{primitive.E{Key:"createAt", Value:1}}, PartialFilterExpression:primitive.D(nil)}
2026-07-01T02:00:19.281+0700	no indexes to restore for collection iot_backup.prvs
2026-07-01T02:00:19.281+0700	no indexes to restore for collection iot_backup.prvtimes
2026-07-01T02:00:19.282+0700	no indexes to restore for collection iot_backup.users
2026-07-01T02:00:22.372+0700	2416696 document(s) restored successfully. 0 document(s) failed to restore.
Backup clone done at Wed Jul  1 02:00:22 +07 2026
{ ok: 1, dropped: 'iot_backup' }
2026-07-02T02:00:02.041+0700	writing iot.sensors to /tmp/mongo_clone/iot/sensors.bson
2026-07-02T02:00:02.041+0700	writing iot.alarms to /tmp/mongo_clone/iot/alarms.bson
2026-07-02T02:00:02.041+0700	writing iot.prvdatas to /tmp/mongo_clone/iot/prvdatas.bson
2026-07-02T02:00:02.042+0700	writing iot.prvcontrols to /tmp/mongo_clone/iot/prvcontrols.bson
2026-07-02T02:00:02.044+0700	done dumping iot.prvcontrols (386 documents)
2026-07-02T02:00:02.044+0700	writing iot.infos to /tmp/mongo_clone/iot/infos.bson
2026-07-02T02:00:02.044+0700	done dumping iot.infos (24 documents)
2026-07-02T02:00:02.044+0700	writing iot.groups to /tmp/mongo_clone/iot/groups.bson
2026-07-02T02:00:02.045+0700	done dumping iot.groups (11 documents)
2026-07-02T02:00:02.045+0700	writing iot.prvs to /tmp/mongo_clone/iot/prvs.bson
2026-07-02T02:00:02.046+0700	done dumping iot.prvs (3 documents)
2026-07-02T02:00:02.046+0700	writing iot.users to /tmp/mongo_clone/iot/users.bson
2026-07-02T02:00:02.046+0700	done dumping iot.users (2 documents)
2026-07-02T02:00:02.046+0700	writing iot.prvtimes to /tmp/mongo_clone/iot/prvtimes.bson
2026-07-02T02:00:02.046+0700	done dumping iot.prvtimes (0 documents)
2026-07-02T02:00:02.101+0700	done dumping iot.alarms (54034 documents)
2026-07-02T02:00:02.199+0700	done dumping iot.prvdatas (144183 documents)
2026-07-02T02:00:03.933+0700	done dumping iot.sensors (2248104 documents)
2026-07-02T02:00:03.948+0700	The --db and --collection flags are deprecated for this use-case; please use --nsInclude instead, i.e. with --nsInclude=${DATABASE}.${COLLECTION}
2026-07-02T02:00:03.948+0700	building a list of collections to restore from /tmp/mongo_clone/iot dir
2026-07-02T02:00:03.948+0700	don't know what to do with file "/tmp/mongo_clone/iot/prelude.json", skipping...
2026-07-02T02:00:03.948+0700	reading metadata for iot_backup.groups from /tmp/mongo_clone/iot/groups.metadata.json
2026-07-02T02:00:03.948+0700	reading metadata for iot_backup.prvs from /tmp/mongo_clone/iot/prvs.metadata.json
2026-07-02T02:00:03.948+0700	reading metadata for iot_backup.prvtimes from /tmp/mongo_clone/iot/prvtimes.metadata.json
2026-07-02T02:00:03.948+0700	reading metadata for iot_backup.sensors from /tmp/mongo_clone/iot/sensors.metadata.json
2026-07-02T02:00:03.948+0700	reading metadata for iot_backup.alarms from /tmp/mongo_clone/iot/alarms.metadata.json
2026-07-02T02:00:03.948+0700	reading metadata for iot_backup.infos from /tmp/mongo_clone/iot/infos.metadata.json
2026-07-02T02:00:03.948+0700	reading metadata for iot_backup.prvcontrols from /tmp/mongo_clone/iot/prvcontrols.metadata.json
2026-07-02T02:00:03.948+0700	reading metadata for iot_backup.prvdatas from /tmp/mongo_clone/iot/prvdatas.metadata.json
2026-07-02T02:00:03.948+0700	reading metadata for iot_backup.users from /tmp/mongo_clone/iot/users.metadata.json
2026-07-02T02:00:04.008+0700	restoring iot_backup.prvcontrols from /tmp/mongo_clone/iot/prvcontrols.bson
2026-07-02T02:00:04.019+0700	finished restoring iot_backup.prvcontrols (386 documents, 0 failures)
2026-07-02T02:00:04.028+0700	restoring iot_backup.prvdatas from /tmp/mongo_clone/iot/prvdatas.bson
2026-07-02T02:00:04.045+0700	restoring iot_backup.alarms from /tmp/mongo_clone/iot/alarms.bson
2026-07-02T02:00:04.063+0700	restoring iot_backup.sensors from /tmp/mongo_clone/iot/sensors.bson
2026-07-02T02:00:04.105+0700	restoring iot_backup.infos from /tmp/mongo_clone/iot/infos.bson
2026-07-02T02:00:04.116+0700	finished restoring iot_backup.infos (24 documents, 0 failures)
2026-07-02T02:00:04.229+0700	restoring iot_backup.prvs from /tmp/mongo_clone/iot/prvs.bson
2026-07-02T02:00:04.239+0700	finished restoring iot_backup.prvs (3 documents, 0 failures)
2026-07-02T02:00:04.290+0700	restoring iot_backup.groups from /tmp/mongo_clone/iot/groups.bson
2026-07-02T02:00:04.309+0700	finished restoring iot_backup.groups (11 documents, 0 failures)
2026-07-02T02:00:04.357+0700	restoring iot_backup.users from /tmp/mongo_clone/iot/users.bson
2026-07-02T02:00:04.367+0700	finished restoring iot_backup.users (2 documents, 0 failures)
2026-07-02T02:00:04.432+0700	finished restoring iot_backup.alarms (54034 documents, 0 failures)
2026-07-02T02:00:04.439+0700	restoring iot_backup.prvtimes from /tmp/mongo_clone/iot/prvtimes.bson
2026-07-02T02:00:04.451+0700	finished restoring iot_backup.prvtimes (0 documents, 0 failures)
2026-07-02T02:00:05.235+0700	finished restoring iot_backup.prvdatas (144183 documents, 0 failures)
2026-07-02T02:00:06.948+0700	[####....................]  iot_backup.sensors  45.7MB/258MB  (17.7%)
2026-07-02T02:00:09.948+0700	[########................]  iot_backup.sensors  94.2MB/258MB  (36.5%)
2026-07-02T02:00:12.948+0700	[#############...........]  iot_backup.sensors  144MB/258MB  (55.7%)
2026-07-02T02:00:15.948+0700	[#################.......]  iot_backup.sensors  193MB/258MB  (74.8%)
2026-07-02T02:00:18.948+0700	[######################..]  iot_backup.sensors  243MB/258MB  (94.3%)
2026-07-02T02:00:19.826+0700	[########################]  iot_backup.sensors  258MB/258MB  (100.0%)
2026-07-02T02:00:19.826+0700	finished restoring iot_backup.sensors (2248104 documents, 0 failures)
2026-07-02T02:00:19.826+0700	no indexes to restore for collection iot_backup.groups
2026-07-02T02:00:19.826+0700	restoring indexes for collection iot_backup.sensors from metadata
2026-07-02T02:00:19.826+0700	index: &idx.IndexDocument{Options:primitive.M{"background":true, "name":"user_1_createAt_1_index_1", "v":2}, Key:primitive.D{primitive.E{Key:"user", Value:1}, primitive.E{Key:"createAt", Value:1}, primitive.E{Key:"index", Value:1}}, PartialFilterExpression:primitive.D(nil)}
2026-07-02T02:00:19.826+0700	no indexes to restore for collection iot_backup.alarms
2026-07-02T02:00:19.826+0700	no indexes to restore for collection iot_backup.prvs
2026-07-02T02:00:19.826+0700	restoring indexes for collection iot_backup.prvdatas from metadata
2026-07-02T02:00:19.826+0700	index: &idx.IndexDocument{Options:primitive.M{"background":true, "expireAfterSeconds":2592000, "name":"createAt_1", "v":2}, Key:primitive.D{primitive.E{Key:"createAt", Value:1}}, PartialFilterExpression:primitive.D(nil)}
2026-07-02T02:00:19.826+0700	no indexes to restore for collection iot_backup.prvtimes
2026-07-02T02:00:19.827+0700	no indexes to restore for collection iot_backup.infos
2026-07-02T02:00:19.827+0700	no indexes to restore for collection iot_backup.users
2026-07-02T02:00:19.827+0700	restoring indexes for collection iot_backup.prvcontrols from metadata
2026-07-02T02:00:19.827+0700	index: &idx.IndexDocument{Options:primitive.M{"background":true, "expireAfterSeconds":86400, "name":"createAt_-1", "v":2}, Key:primitive.D{primitive.E{Key:"createAt", Value:-1}}, PartialFilterExpression:primitive.D(nil)}
2026-07-02T02:00:23.063+0700	2446747 document(s) restored successfully. 0 document(s) failed to restore.
Backup clone done at Thu Jul  2 02:00:23 +07 2026
{ ok: 1, dropped: 'iot_backup' }
2026-07-03T02:00:01.741+0700	writing iot.sensors to /tmp/mongo_clone/iot/sensors.bson
2026-07-03T02:00:01.741+0700	writing iot.prvdatas to /tmp/mongo_clone/iot/prvdatas.bson
2026-07-03T02:00:01.742+0700	writing iot.alarms to /tmp/mongo_clone/iot/alarms.bson
2026-07-03T02:00:01.742+0700	writing iot.prvcontrols to /tmp/mongo_clone/iot/prvcontrols.bson
2026-07-03T02:00:01.746+0700	done dumping iot.prvcontrols (357 documents)
2026-07-03T02:00:01.746+0700	writing iot.infos to /tmp/mongo_clone/iot/infos.bson
2026-07-03T02:00:01.747+0700	done dumping iot.infos (24 documents)
2026-07-03T02:00:01.747+0700	writing iot.groups to /tmp/mongo_clone/iot/groups.bson
2026-07-03T02:00:01.748+0700	done dumping iot.groups (11 documents)
2026-07-03T02:00:01.748+0700	writing iot.prvs to /tmp/mongo_clone/iot/prvs.bson
2026-07-03T02:00:01.748+0700	done dumping iot.prvs (3 documents)
2026-07-03T02:00:01.748+0700	writing iot.users to /tmp/mongo_clone/iot/users.bson
2026-07-03T02:00:01.748+0700	done dumping iot.users (2 documents)
2026-07-03T02:00:01.748+0700	writing iot.prvtimes to /tmp/mongo_clone/iot/prvtimes.bson
2026-07-03T02:00:01.749+0700	done dumping iot.prvtimes (0 documents)
2026-07-03T02:00:01.799+0700	done dumping iot.alarms (54292 documents)
2026-07-03T02:00:01.884+0700	done dumping iot.prvdatas (144277 documents)
2026-07-03T02:00:03.625+0700	done dumping iot.sensors (2277349 documents)
2026-07-03T02:00:03.636+0700	The --db and --collection flags are deprecated for this use-case; please use --nsInclude instead, i.e. with --nsInclude=${DATABASE}.${COLLECTION}
2026-07-03T02:00:03.637+0700	building a list of collections to restore from /tmp/mongo_clone/iot dir
2026-07-03T02:00:03.637+0700	don't know what to do with file "/tmp/mongo_clone/iot/prelude.json", skipping...
2026-07-03T02:00:03.637+0700	reading metadata for iot_backup.prvtimes from /tmp/mongo_clone/iot/prvtimes.metadata.json
2026-07-03T02:00:03.637+0700	reading metadata for iot_backup.alarms from /tmp/mongo_clone/iot/alarms.metadata.json
2026-07-03T02:00:03.637+0700	reading metadata for iot_backup.groups from /tmp/mongo_clone/iot/groups.metadata.json
2026-07-03T02:00:03.637+0700	reading metadata for iot_backup.infos from /tmp/mongo_clone/iot/infos.metadata.json
2026-07-03T02:00:03.637+0700	reading metadata for iot_backup.prvcontrols from /tmp/mongo_clone/iot/prvcontrols.metadata.json
2026-07-03T02:00:03.637+0700	reading metadata for iot_backup.prvdatas from /tmp/mongo_clone/iot/prvdatas.metadata.json
2026-07-03T02:00:03.637+0700	reading metadata for iot_backup.prvs from /tmp/mongo_clone/iot/prvs.metadata.json
2026-07-03T02:00:03.637+0700	reading metadata for iot_backup.sensors from /tmp/mongo_clone/iot/sensors.metadata.json
2026-07-03T02:00:03.637+0700	reading metadata for iot_backup.users from /tmp/mongo_clone/iot/users.metadata.json
2026-07-03T02:00:03.723+0700	restoring iot_backup.sensors from /tmp/mongo_clone/iot/sensors.bson
2026-07-03T02:00:03.732+0700	restoring iot_backup.prvdatas from /tmp/mongo_clone/iot/prvdatas.bson
2026-07-03T02:00:03.745+0700	restoring iot_backup.alarms from /tmp/mongo_clone/iot/alarms.bson
2026-07-03T02:00:03.762+0700	restoring iot_backup.prvcontrols from /tmp/mongo_clone/iot/prvcontrols.bson
2026-07-03T02:00:03.772+0700	finished restoring iot_backup.prvcontrols (357 documents, 0 failures)
2026-07-03T02:00:03.819+0700	restoring iot_backup.infos from /tmp/mongo_clone/iot/infos.bson
2026-07-03T02:00:03.836+0700	finished restoring iot_backup.infos (24 documents, 0 failures)
2026-07-03T02:00:03.860+0700	restoring iot_backup.prvs from /tmp/mongo_clone/iot/prvs.bson
2026-07-03T02:00:03.872+0700	finished restoring iot_backup.prvs (3 documents, 0 failures)
2026-07-03T02:00:03.914+0700	restoring iot_backup.groups from /tmp/mongo_clone/iot/groups.bson
2026-07-03T02:00:03.926+0700	finished restoring iot_backup.groups (11 documents, 0 failures)
2026-07-03T02:00:03.991+0700	restoring iot_backup.users from /tmp/mongo_clone/iot/users.bson
2026-07-03T02:00:04.008+0700	finished restoring iot_backup.users (2 documents, 0 failures)
2026-07-03T02:00:04.102+0700	restoring iot_backup.prvtimes from /tmp/mongo_clone/iot/prvtimes.bson
2026-07-03T02:00:04.121+0700	finished restoring iot_backup.prvtimes (0 documents, 0 failures)
2026-07-03T02:00:04.137+0700	finished restoring iot_backup.alarms (54292 documents, 0 failures)
2026-07-03T02:00:04.966+0700	finished restoring iot_backup.prvdatas (144277 documents, 0 failures)
2026-07-03T02:00:06.637+0700	[####....................]  iot_backup.sensors  46.7MB/262MB  (17.8%)
2026-07-03T02:00:09.637+0700	[########................]  iot_backup.sensors  96.5MB/262MB  (36.9%)
2026-07-03T02:00:12.637+0700	[#############...........]  iot_backup.sensors  147MB/262MB  (56.2%)
2026-07-03T02:00:15.637+0700	[##################......]  iot_backup.sensors  197MB/262MB  (75.3%)
2026-07-03T02:00:18.637+0700	[######################..]  iot_backup.sensors  248MB/262MB  (94.7%)
2026-07-03T02:00:19.464+0700	[########################]  iot_backup.sensors  262MB/262MB  (100.0%)
2026-07-03T02:00:19.464+0700	finished restoring iot_backup.sensors (2277349 documents, 0 failures)
2026-07-03T02:00:19.464+0700	no indexes to restore for collection iot_backup.prvtimes
2026-07-03T02:00:19.464+0700	no indexes to restore for collection iot_backup.infos
2026-07-03T02:00:19.464+0700	restoring indexes for collection iot_backup.sensors from metadata
2026-07-03T02:00:19.465+0700	index: &idx.IndexDocument{Options:primitive.M{"background":true, "name":"user_1_createAt_1_index_1", "v":2}, Key:primitive.D{primitive.E{Key:"user", Value:1}, primitive.E{Key:"createAt", Value:1}, primitive.E{Key:"index", Value:1}}, PartialFilterExpression:primitive.D(nil)}
2026-07-03T02:00:19.465+0700	no indexes to restore for collection iot_backup.prvs
2026-07-03T02:00:19.465+0700	no indexes to restore for collection iot_backup.users
2026-07-03T02:00:19.465+0700	no indexes to restore for collection iot_backup.alarms
2026-07-03T02:00:19.465+0700	no indexes to restore for collection iot_backup.groups
2026-07-03T02:00:19.465+0700	restoring indexes for collection iot_backup.prvcontrols from metadata
2026-07-03T02:00:19.465+0700	index: &idx.IndexDocument{Options:primitive.M{"background":true, "expireAfterSeconds":86400, "name":"createAt_-1", "v":2}, Key:primitive.D{primitive.E{Key:"createAt", Value:-1}}, PartialFilterExpression:primitive.D(nil)}
2026-07-03T02:00:19.465+0700	restoring indexes for collection iot_backup.prvdatas from metadata
2026-07-03T02:00:19.465+0700	index: &idx.IndexDocument{Options:primitive.M{"background":true, "expireAfterSeconds":2592000, "name":"createAt_1", "v":2}, Key:primitive.D{primitive.E{Key:"createAt", Value:1}}, PartialFilterExpression:primitive.D(nil)}
2026-07-03T02:00:22.713+0700	2476315 document(s) restored successfully. 0 document(s) failed to restore.
Backup clone done at Fri Jul  3 02:00:22 +07 2026
{ ok: 1, dropped: 'iot_backup' }
2026-07-04T02:00:01.432+0700	writing iot.sensors to /tmp/mongo_clone/iot/sensors.bson
2026-07-04T02:00:01.432+0700	writing iot.prvdatas to /tmp/mongo_clone/iot/prvdatas.bson
2026-07-04T02:00:01.432+0700	writing iot.alarms to /tmp/mongo_clone/iot/alarms.bson
2026-07-04T02:00:01.432+0700	writing iot.prvcontrols to /tmp/mongo_clone/iot/prvcontrols.bson
2026-07-04T02:00:01.434+0700	done dumping iot.prvcontrols (385 documents)
2026-07-04T02:00:01.434+0700	writing iot.infos to /tmp/mongo_clone/iot/infos.bson
2026-07-04T02:00:01.434+0700	done dumping iot.infos (24 documents)
2026-07-04T02:00:01.434+0700	writing iot.groups to /tmp/mongo_clone/iot/groups.bson
2026-07-04T02:00:01.435+0700	done dumping iot.groups (11 documents)
2026-07-04T02:00:01.435+0700	writing iot.prvs to /tmp/mongo_clone/iot/prvs.bson
2026-07-04T02:00:01.435+0700	done dumping iot.prvs (3 documents)
2026-07-04T02:00:01.435+0700	writing iot.users to /tmp/mongo_clone/iot/users.bson
2026-07-04T02:00:01.435+0700	done dumping iot.users (2 documents)
2026-07-04T02:00:01.435+0700	writing iot.prvtimes to /tmp/mongo_clone/iot/prvtimes.bson
2026-07-04T02:00:01.435+0700	done dumping iot.prvtimes (0 documents)
2026-07-04T02:00:01.485+0700	done dumping iot.alarms (54502 documents)
2026-07-04T02:00:01.575+0700	done dumping iot.prvdatas (144412 documents)
2026-07-04T02:00:03.313+0700	done dumping iot.sensors (2306636 documents)
2026-07-04T02:00:03.323+0700	The --db and --collection flags are deprecated for this use-case; please use --nsInclude instead, i.e. with --nsInclude=${DATABASE}.${COLLECTION}
2026-07-04T02:00:03.323+0700	building a list of collections to restore from /tmp/mongo_clone/iot dir
2026-07-04T02:00:03.323+0700	don't know what to do with file "/tmp/mongo_clone/iot/prelude.json", skipping...
2026-07-04T02:00:03.323+0700	reading metadata for iot_backup.groups from /tmp/mongo_clone/iot/groups.metadata.json
2026-07-04T02:00:03.323+0700	reading metadata for iot_backup.infos from /tmp/mongo_clone/iot/infos.metadata.json
2026-07-04T02:00:03.323+0700	reading metadata for iot_backup.prvcontrols from /tmp/mongo_clone/iot/prvcontrols.metadata.json
2026-07-04T02:00:03.324+0700	reading metadata for iot_backup.prvdatas from /tmp/mongo_clone/iot/prvdatas.metadata.json
2026-07-04T02:00:03.324+0700	reading metadata for iot_backup.sensors from /tmp/mongo_clone/iot/sensors.metadata.json
2026-07-04T02:00:03.324+0700	reading metadata for iot_backup.users from /tmp/mongo_clone/iot/users.metadata.json
2026-07-04T02:00:03.324+0700	reading metadata for iot_backup.alarms from /tmp/mongo_clone/iot/alarms.metadata.json
2026-07-04T02:00:03.324+0700	reading metadata for iot_backup.prvs from /tmp/mongo_clone/iot/prvs.metadata.json
2026-07-04T02:00:03.324+0700	reading metadata for iot_backup.prvtimes from /tmp/mongo_clone/iot/prvtimes.metadata.json
2026-07-04T02:00:03.392+0700	restoring iot_backup.sensors from /tmp/mongo_clone/iot/sensors.bson
2026-07-04T02:00:03.402+0700	restoring iot_backup.prvdatas from /tmp/mongo_clone/iot/prvdatas.bson
2026-07-04T02:00:03.452+0700	restoring iot_backup.alarms from /tmp/mongo_clone/iot/alarms.bson
2026-07-04T02:00:03.482+0700	restoring iot_backup.prvcontrols from /tmp/mongo_clone/iot/prvcontrols.bson
2026-07-04T02:00:03.492+0700	finished restoring iot_backup.prvcontrols (385 documents, 0 failures)
2026-07-04T02:00:03.547+0700	restoring iot_backup.infos from /tmp/mongo_clone/iot/infos.bson
2026-07-04T02:00:03.557+0700	finished restoring iot_backup.infos (24 documents, 0 failures)
2026-07-04T02:00:03.618+0700	restoring iot_backup.prvs from /tmp/mongo_clone/iot/prvs.bson
2026-07-04T02:00:03.628+0700	finished restoring iot_backup.prvs (3 documents, 0 failures)
2026-07-04T02:00:03.666+0700	restoring iot_backup.groups from /tmp/mongo_clone/iot/groups.bson
2026-07-04T02:00:03.684+0700	finished restoring iot_backup.groups (11 documents, 0 failures)
2026-07-04T02:00:03.728+0700	restoring iot_backup.users from /tmp/mongo_clone/iot/users.bson
2026-07-04T02:00:03.745+0700	finished restoring iot_backup.users (2 documents, 0 failures)
2026-07-04T02:00:03.804+0700	finished restoring iot_backup.alarms (54502 documents, 0 failures)
2026-07-04T02:00:03.806+0700	restoring iot_backup.prvtimes from /tmp/mongo_clone/iot/prvtimes.bson
2026-07-04T02:00:03.819+0700	finished restoring iot_backup.prvtimes (0 documents, 0 failures)
2026-07-04T02:00:04.620+0700	finished restoring iot_backup.prvdatas (144412 documents, 0 failures)
2026-07-04T02:00:06.324+0700	[####....................]  iot_backup.sensors  47.5MB/265MB  (17.9%)
2026-07-04T02:00:09.323+0700	[########................]  iot_backup.sensors  95.1MB/265MB  (35.9%)
2026-07-04T02:00:12.323+0700	[#############...........]  iot_backup.sensors  145MB/265MB  (54.9%)
2026-07-04T02:00:15.323+0700	[#################.......]  iot_backup.sensors  195MB/265MB  (73.5%)
2026-07-04T02:00:18.323+0700	[######################..]  iot_backup.sensors  245MB/265MB  (92.3%)
2026-07-04T02:00:19.485+0700	[########################]  iot_backup.sensors  265MB/265MB  (100.0%)
2026-07-04T02:00:19.485+0700	finished restoring iot_backup.sensors (2306636 documents, 0 failures)
2026-07-04T02:00:19.485+0700	restoring indexes for collection iot_backup.prvcontrols from metadata
2026-07-04T02:00:19.485+0700	index: &idx.IndexDocument{Options:primitive.M{"background":true, "expireAfterSeconds":86400, "name":"createAt_-1", "v":2}, Key:primitive.D{primitive.E{Key:"createAt", Value:-1}}, PartialFilterExpression:primitive.D(nil)}
2026-07-04T02:00:19.485+0700	restoring indexes for collection iot_backup.prvdatas from metadata
2026-07-04T02:00:19.486+0700	index: &idx.IndexDocument{Options:primitive.M{"background":true, "expireAfterSeconds":2592000, "name":"createAt_1", "v":2}, Key:primitive.D{primitive.E{Key:"createAt", Value:1}}, PartialFilterExpression:primitive.D(nil)}
2026-07-04T02:00:19.486+0700	restoring indexes for collection iot_backup.sensors from metadata
2026-07-04T02:00:19.486+0700	index: &idx.IndexDocument{Options:primitive.M{"background":true, "name":"user_1_createAt_1_index_1", "v":2}, Key:primitive.D{primitive.E{Key:"user", Value:1}, primitive.E{Key:"createAt", Value:1}, primitive.E{Key:"index", Value:1}}, PartialFilterExpression:primitive.D(nil)}
2026-07-04T02:00:19.486+0700	no indexes to restore for collection iot_backup.users
2026-07-04T02:00:19.486+0700	no indexes to restore for collection iot_backup.groups
2026-07-04T02:00:19.486+0700	no indexes to restore for collection iot_backup.alarms
2026-07-04T02:00:19.486+0700	no indexes to restore for collection iot_backup.prvs
2026-07-04T02:00:19.486+0700	no indexes to restore for collection iot_backup.prvtimes
2026-07-04T02:00:19.486+0700	no indexes to restore for collection iot_backup.infos
2026-07-04T02:00:22.745+0700	2505975 document(s) restored successfully. 0 document(s) failed to restore.
Backup clone done at Sat Jul  4 02:00:22 +07 2026
{ ok: 1, dropped: 'iot_backup' }
2026-07-05T02:00:02.350+0700	writing iot.sensors to /tmp/mongo_clone/iot/sensors.bson
2026-07-05T02:00:02.350+0700	writing iot.prvdatas to /tmp/mongo_clone/iot/prvdatas.bson
2026-07-05T02:00:02.351+0700	writing iot.alarms to /tmp/mongo_clone/iot/alarms.bson
2026-07-05T02:00:02.351+0700	writing iot.prvcontrols to /tmp/mongo_clone/iot/prvcontrols.bson
2026-07-05T02:00:02.354+0700	done dumping iot.prvcontrols (390 documents)
2026-07-05T02:00:02.354+0700	writing iot.infos to /tmp/mongo_clone/iot/infos.bson
2026-07-05T02:00:02.354+0700	done dumping iot.infos (24 documents)
2026-07-05T02:00:02.354+0700	writing iot.groups to /tmp/mongo_clone/iot/groups.bson
2026-07-05T02:00:02.355+0700	done dumping iot.groups (11 documents)
2026-07-05T02:00:02.355+0700	writing iot.prvs to /tmp/mongo_clone/iot/prvs.bson
2026-07-05T02:00:02.355+0700	done dumping iot.prvs (3 documents)
2026-07-05T02:00:02.355+0700	writing iot.users to /tmp/mongo_clone/iot/users.bson
2026-07-05T02:00:02.356+0700	done dumping iot.users (2 documents)
2026-07-05T02:00:02.356+0700	writing iot.prvtimes to /tmp/mongo_clone/iot/prvtimes.bson
2026-07-05T02:00:02.356+0700	done dumping iot.prvtimes (0 documents)
2026-07-05T02:00:02.429+0700	done dumping iot.alarms (54808 documents)
2026-07-05T02:00:02.512+0700	done dumping iot.prvdatas (144248 documents)
2026-07-05T02:00:04.287+0700	done dumping iot.sensors (2335955 documents)
2026-07-05T02:00:04.297+0700	The --db and --collection flags are deprecated for this use-case; please use --nsInclude instead, i.e. with --nsInclude=${DATABASE}.${COLLECTION}
2026-07-05T02:00:04.297+0700	building a list of collections to restore from /tmp/mongo_clone/iot dir
2026-07-05T02:00:04.297+0700	don't know what to do with file "/tmp/mongo_clone/iot/prelude.json", skipping...
2026-07-05T02:00:04.298+0700	reading metadata for iot_backup.users from /tmp/mongo_clone/iot/users.metadata.json
2026-07-05T02:00:04.298+0700	reading metadata for iot_backup.alarms from /tmp/mongo_clone/iot/alarms.metadata.json
2026-07-05T02:00:04.298+0700	reading metadata for iot_backup.infos from /tmp/mongo_clone/iot/infos.metadata.json
2026-07-05T02:00:04.298+0700	reading metadata for iot_backup.prvs from /tmp/mongo_clone/iot/prvs.metadata.json
2026-07-05T02:00:04.298+0700	reading metadata for iot_backup.prvtimes from /tmp/mongo_clone/iot/prvtimes.metadata.json
2026-07-05T02:00:04.298+0700	reading metadata for iot_backup.sensors from /tmp/mongo_clone/iot/sensors.metadata.json
2026-07-05T02:00:04.298+0700	reading metadata for iot_backup.groups from /tmp/mongo_clone/iot/groups.metadata.json
2026-07-05T02:00:04.298+0700	reading metadata for iot_backup.prvcontrols from /tmp/mongo_clone/iot/prvcontrols.metadata.json
2026-07-05T02:00:04.298+0700	reading metadata for iot_backup.prvdatas from /tmp/mongo_clone/iot/prvdatas.metadata.json
2026-07-05T02:00:04.370+0700	restoring iot_backup.sensors from /tmp/mongo_clone/iot/sensors.bson
2026-07-05T02:00:04.393+0700	restoring iot_backup.prvdatas from /tmp/mongo_clone/iot/prvdatas.bson
2026-07-05T02:00:04.402+0700	restoring iot_backup.alarms from /tmp/mongo_clone/iot/alarms.bson
2026-07-05T02:00:04.419+0700	restoring iot_backup.prvcontrols from /tmp/mongo_clone/iot/prvcontrols.bson
2026-07-05T02:00:04.433+0700	finished restoring iot_backup.prvcontrols (390 documents, 0 failures)
2026-07-05T02:00:04.486+0700	restoring iot_backup.infos from /tmp/mongo_clone/iot/infos.bson
2026-07-05T02:00:04.502+0700	finished restoring iot_backup.infos (24 documents, 0 failures)
2026-07-05T02:00:04.550+0700	restoring iot_backup.prvs from /tmp/mongo_clone/iot/prvs.bson
2026-07-05T02:00:04.561+0700	finished restoring iot_backup.prvs (3 documents, 0 failures)
2026-07-05T02:00:04.589+0700	restoring iot_backup.groups from /tmp/mongo_clone/iot/groups.bson
2026-07-05T02:00:04.605+0700	finished restoring iot_backup.groups (11 documents, 0 failures)
2026-07-05T02:00:04.651+0700	restoring iot_backup.users from /tmp/mongo_clone/iot/users.bson
2026-07-05T02:00:04.666+0700	finished restoring iot_backup.users (2 documents, 0 failures)
2026-07-05T02:00:04.713+0700	restoring iot_backup.prvtimes from /tmp/mongo_clone/iot/prvtimes.bson
2026-07-05T02:00:04.731+0700	finished restoring iot_backup.prvtimes (0 documents, 0 failures)
2026-07-05T02:00:04.795+0700	finished restoring iot_backup.alarms (54808 documents, 0 failures)
2026-07-05T02:00:05.591+0700	finished restoring iot_backup.prvdatas (144248 documents, 0 failures)
2026-07-05T02:00:07.298+0700	[####....................]  iot_backup.sensors  47.5MB/268MB  (17.7%)
2026-07-05T02:00:10.297+0700	[########................]  iot_backup.sensors  98.6MB/268MB  (36.8%)
2026-07-05T02:00:13.297+0700	[#############...........]  iot_backup.sensors  150MB/268MB  (55.9%)
2026-07-05T02:00:16.297+0700	[##################......]  iot_backup.sensors  202MB/268MB  (75.2%)
2026-07-05T02:00:19.297+0700	[######################..]  iot_backup.sensors  254MB/268MB  (94.8%)
2026-07-05T02:00:20.107+0700	[########################]  iot_backup.sensors  268MB/268MB  (100.0%)
2026-07-05T02:00:20.107+0700	finished restoring iot_backup.sensors (2335955 documents, 0 failures)
2026-07-05T02:00:20.107+0700	no indexes to restore for collection iot_backup.groups
2026-07-05T02:00:20.107+0700	no indexes to restore for collection iot_backup.infos
2026-07-05T02:00:20.107+0700	no indexes to restore for collection iot_backup.prvs
2026-07-05T02:00:20.107+0700	no indexes to restore for collection iot_backup.prvtimes
2026-07-05T02:00:20.107+0700	no indexes to restore for collection iot_backup.users
2026-07-05T02:00:20.107+0700	restoring indexes for collection iot_backup.prvcontrols from metadata
2026-07-05T02:00:20.107+0700	index: &idx.IndexDocument{Options:primitive.M{"background":true, "expireAfterSeconds":86400, "name":"createAt_-1", "v":2}, Key:primitive.D{primitive.E{Key:"createAt", Value:-1}}, PartialFilterExpression:primitive.D(nil)}
2026-07-05T02:00:20.107+0700	no indexes to restore for collection iot_backup.alarms
2026-07-05T02:00:20.107+0700	restoring indexes for collection iot_backup.prvdatas from metadata
2026-07-05T02:00:20.107+0700	index: &idx.IndexDocument{Options:primitive.M{"background":true, "expireAfterSeconds":2592000, "name":"createAt_1", "v":2}, Key:primitive.D{primitive.E{Key:"createAt", Value:1}}, PartialFilterExpression:primitive.D(nil)}
2026-07-05T02:00:20.107+0700	restoring indexes for collection iot_backup.sensors from metadata
2026-07-05T02:00:20.107+0700	index: &idx.IndexDocument{Options:primitive.M{"background":true, "name":"user_1_createAt_1_index_1", "v":2}, Key:primitive.D{primitive.E{Key:"user", Value:1}, primitive.E{Key:"createAt", Value:1}, primitive.E{Key:"index", Value:1}}, PartialFilterExpression:primitive.D(nil)}
2026-07-05T02:00:23.443+0700	2535441 document(s) restored successfully. 0 document(s) failed to restore.
Backup clone done at Sun Jul  5 02:00:23 +07 2026
{ ok: 1, dropped: 'iot_backup' }
2026-07-06T02:00:02.108+0700	writing iot.sensors to /tmp/mongo_clone/iot/sensors.bson
2026-07-06T02:00:02.108+0700	writing iot.prvdatas to /tmp/mongo_clone/iot/prvdatas.bson
2026-07-06T02:00:02.108+0700	writing iot.alarms to /tmp/mongo_clone/iot/alarms.bson
2026-07-06T02:00:02.108+0700	writing iot.prvcontrols to /tmp/mongo_clone/iot/prvcontrols.bson
2026-07-06T02:00:02.110+0700	done dumping iot.prvcontrols (321 documents)
2026-07-06T02:00:02.110+0700	writing iot.infos to /tmp/mongo_clone/iot/infos.bson
2026-07-06T02:00:02.111+0700	done dumping iot.infos (24 documents)
2026-07-06T02:00:02.111+0700	writing iot.groups to /tmp/mongo_clone/iot/groups.bson
2026-07-06T02:00:02.112+0700	done dumping iot.groups (11 documents)
2026-07-06T02:00:02.112+0700	writing iot.prvs to /tmp/mongo_clone/iot/prvs.bson
2026-07-06T02:00:02.112+0700	done dumping iot.prvs (3 documents)
2026-07-06T02:00:02.112+0700	writing iot.users to /tmp/mongo_clone/iot/users.bson
2026-07-06T02:00:02.112+0700	done dumping iot.users (2 documents)
2026-07-06T02:00:02.112+0700	writing iot.prvtimes to /tmp/mongo_clone/iot/prvtimes.bson
2026-07-06T02:00:02.112+0700	done dumping iot.prvtimes (0 documents)
2026-07-06T02:00:02.165+0700	done dumping iot.alarms (55377 documents)
2026-07-06T02:00:02.247+0700	done dumping iot.prvdatas (144211 documents)
2026-07-06T02:00:04.028+0700	done dumping iot.sensors (2365773 documents)
2026-07-06T02:00:04.038+0700	The --db and --collection flags are deprecated for this use-case; please use --nsInclude instead, i.e. with --nsInclude=${DATABASE}.${COLLECTION}
2026-07-06T02:00:04.038+0700	building a list of collections to restore from /tmp/mongo_clone/iot dir
2026-07-06T02:00:04.038+0700	don't know what to do with file "/tmp/mongo_clone/iot/prelude.json", skipping...
2026-07-06T02:00:04.038+0700	reading metadata for iot_backup.groups from /tmp/mongo_clone/iot/groups.metadata.json
2026-07-06T02:00:04.038+0700	reading metadata for iot_backup.prvtimes from /tmp/mongo_clone/iot/prvtimes.metadata.json
2026-07-06T02:00:04.038+0700	reading metadata for iot_backup.sensors from /tmp/mongo_clone/iot/sensors.metadata.json
2026-07-06T02:00:04.038+0700	reading metadata for iot_backup.alarms from /tmp/mongo_clone/iot/alarms.metadata.json
2026-07-06T02:00:04.038+0700	reading metadata for iot_backup.infos from /tmp/mongo_clone/iot/infos.metadata.json
2026-07-06T02:00:04.038+0700	reading metadata for iot_backup.prvcontrols from /tmp/mongo_clone/iot/prvcontrols.metadata.json
2026-07-06T02:00:04.038+0700	reading metadata for iot_backup.prvdatas from /tmp/mongo_clone/iot/prvdatas.metadata.json
2026-07-06T02:00:04.038+0700	reading metadata for iot_backup.prvs from /tmp/mongo_clone/iot/prvs.metadata.json
2026-07-06T02:00:04.038+0700	reading metadata for iot_backup.users from /tmp/mongo_clone/iot/users.metadata.json
2026-07-06T02:00:04.100+0700	restoring iot_backup.sensors from /tmp/mongo_clone/iot/sensors.bson
2026-07-06T02:00:04.110+0700	restoring iot_backup.prvdatas from /tmp/mongo_clone/iot/prvdatas.bson
2026-07-06T02:00:04.121+0700	restoring iot_backup.alarms from /tmp/mongo_clone/iot/alarms.bson
2026-07-06T02:00:04.139+0700	restoring iot_backup.prvcontrols from /tmp/mongo_clone/iot/prvcontrols.bson
2026-07-06T02:00:04.150+0700	finished restoring iot_backup.prvcontrols (321 documents, 0 failures)
2026-07-06T02:00:04.199+0700	restoring iot_backup.infos from /tmp/mongo_clone/iot/infos.bson
2026-07-06T02:00:04.219+0700	finished restoring iot_backup.infos (24 documents, 0 failures)
2026-07-06T02:00:04.244+0700	restoring iot_backup.prvs from /tmp/mongo_clone/iot/prvs.bson
2026-07-06T02:00:04.256+0700	finished restoring iot_backup.prvs (3 documents, 0 failures)
2026-07-06T02:00:04.308+0700	restoring iot_backup.groups from /tmp/mongo_clone/iot/groups.bson
2026-07-06T02:00:04.324+0700	finished restoring iot_backup.groups (11 documents, 0 failures)
2026-07-06T02:00:04.367+0700	restoring iot_backup.users from /tmp/mongo_clone/iot/users.bson
2026-07-06T02:00:04.379+0700	finished restoring iot_backup.users (2 documents, 0 failures)
2026-07-06T02:00:04.401+0700	restoring iot_backup.prvtimes from /tmp/mongo_clone/iot/prvtimes.bson
2026-07-06T02:00:04.413+0700	finished restoring iot_backup.prvtimes (0 documents, 0 failures)
2026-07-06T02:00:04.526+0700	finished restoring iot_backup.alarms (55377 documents, 0 failures)
2026-07-06T02:00:05.355+0700	finished restoring iot_backup.prvdatas (144211 documents, 0 failures)
2026-07-06T02:00:07.038+0700	[####....................]  iot_backup.sensors  47.1MB/272MB  (17.3%)
2026-07-06T02:00:10.038+0700	[########................]  iot_backup.sensors  96.3MB/272MB  (35.5%)
2026-07-06T02:00:13.038+0700	[############............]  iot_backup.sensors  147MB/272MB  (54.0%)
2026-07-06T02:00:16.038+0700	[#################.......]  iot_backup.sensors  198MB/272MB  (73.0%)
2026-07-06T02:00:19.038+0700	[######################..]  iot_backup.sensors  250MB/272MB  (92.1%)
2026-07-06T02:00:20.307+0700	[########################]  iot_backup.sensors  272MB/272MB  (100.0%)
2026-07-06T02:00:20.308+0700	finished restoring iot_backup.sensors (2365773 documents, 0 failures)
2026-07-06T02:00:20.308+0700	no indexes to restore for collection iot_backup.prvs
2026-07-06T02:00:20.308+0700	no indexes to restore for collection iot_backup.groups
2026-07-06T02:00:20.308+0700	restoring indexes for collection iot_backup.prvdatas from metadata
2026-07-06T02:00:20.308+0700	index: &idx.IndexDocument{Options:primitive.M{"background":true, "expireAfterSeconds":2592000, "name":"createAt_1", "v":2}, Key:primitive.D{primitive.E{Key:"createAt", Value:1}}, PartialFilterExpression:primitive.D(nil)}
2026-07-06T02:00:20.308+0700	no indexes to restore for collection iot_backup.alarms
2026-07-06T02:00:20.308+0700	no indexes to restore for collection iot_backup.infos
2026-07-06T02:00:20.308+0700	restoring indexes for collection iot_backup.prvcontrols from metadata
2026-07-06T02:00:20.308+0700	index: &idx.IndexDocument{Options:primitive.M{"background":true, "expireAfterSeconds":86400, "name":"createAt_-1", "v":2}, Key:primitive.D{primitive.E{Key:"createAt", Value:-1}}, PartialFilterExpression:primitive.D(nil)}
2026-07-06T02:00:20.308+0700	no indexes to restore for collection iot_backup.users
2026-07-06T02:00:20.308+0700	no indexes to restore for collection iot_backup.prvtimes
2026-07-06T02:00:20.308+0700	restoring indexes for collection iot_backup.sensors from metadata
2026-07-06T02:00:20.308+0700	index: &idx.IndexDocument{Options:primitive.M{"background":true, "name":"user_1_createAt_1_index_1", "v":2}, Key:primitive.D{primitive.E{Key:"user", Value:1}, primitive.E{Key:"createAt", Value:1}, primitive.E{Key:"index", Value:1}}, PartialFilterExpression:primitive.D(nil)}
2026-07-06T02:00:23.634+0700	2565722 document(s) restored successfully. 0 document(s) failed to restore.
Backup clone done at Mon Jul  6 02:00:23 +07 2026
{ ok: 1, dropped: 'iot_backup' }
2026-07-07T02:00:02.245+0700	writing iot.sensors to /tmp/mongo_clone/iot/sensors.bson
2026-07-07T02:00:02.245+0700	writing iot.prvdatas to /tmp/mongo_clone/iot/prvdatas.bson
2026-07-07T02:00:02.245+0700	writing iot.alarms to /tmp/mongo_clone/iot/alarms.bson
2026-07-07T02:00:02.246+0700	writing iot.prvcontrols to /tmp/mongo_clone/iot/prvcontrols.bson
2026-07-07T02:00:02.251+0700	done dumping iot.prvcontrols (398 documents)
2026-07-07T02:00:02.251+0700	writing iot.infos to /tmp/mongo_clone/iot/infos.bson
2026-07-07T02:00:02.252+0700	done dumping iot.infos (24 documents)
2026-07-07T02:00:02.252+0700	writing iot.groups to /tmp/mongo_clone/iot/groups.bson
2026-07-07T02:00:02.252+0700	done dumping iot.groups (11 documents)
2026-07-07T02:00:02.252+0700	writing iot.prvs to /tmp/mongo_clone/iot/prvs.bson
2026-07-07T02:00:02.252+0700	done dumping iot.prvs (3 documents)
2026-07-07T02:00:02.252+0700	writing iot.users to /tmp/mongo_clone/iot/users.bson
2026-07-07T02:00:02.253+0700	done dumping iot.users (2 documents)
2026-07-07T02:00:02.253+0700	writing iot.prvtimes to /tmp/mongo_clone/iot/prvtimes.bson
2026-07-07T02:00:02.253+0700	done dumping iot.prvtimes (0 documents)
2026-07-07T02:00:02.299+0700	done dumping iot.alarms (55744 documents)
2026-07-07T02:00:02.393+0700	done dumping iot.prvdatas (144030 documents)
2026-07-07T02:00:04.183+0700	done dumping iot.sensors (2395842 documents)
2026-07-07T02:00:04.195+0700	The --db and --collection flags are deprecated for this use-case; please use --nsInclude instead, i.e. with --nsInclude=${DATABASE}.${COLLECTION}
2026-07-07T02:00:04.195+0700	building a list of collections to restore from /tmp/mongo_clone/iot dir
2026-07-07T02:00:04.195+0700	don't know what to do with file "/tmp/mongo_clone/iot/prelude.json", skipping...
2026-07-07T02:00:04.195+0700	reading metadata for iot_backup.groups from /tmp/mongo_clone/iot/groups.metadata.json
2026-07-07T02:00:04.195+0700	reading metadata for iot_backup.infos from /tmp/mongo_clone/iot/infos.metadata.json
2026-07-07T02:00:04.195+0700	reading metadata for iot_backup.prvs from /tmp/mongo_clone/iot/prvs.metadata.json
2026-07-07T02:00:04.195+0700	reading metadata for iot_backup.prvtimes from /tmp/mongo_clone/iot/prvtimes.metadata.json
2026-07-07T02:00:04.195+0700	reading metadata for iot_backup.users from /tmp/mongo_clone/iot/users.metadata.json
2026-07-07T02:00:04.195+0700	reading metadata for iot_backup.alarms from /tmp/mongo_clone/iot/alarms.metadata.json
2026-07-07T02:00:04.195+0700	reading metadata for iot_backup.prvcontrols from /tmp/mongo_clone/iot/prvcontrols.metadata.json
2026-07-07T02:00:04.195+0700	reading metadata for iot_backup.prvdatas from /tmp/mongo_clone/iot/prvdatas.metadata.json
2026-07-07T02:00:04.195+0700	reading metadata for iot_backup.sensors from /tmp/mongo_clone/iot/sensors.metadata.json
2026-07-07T02:00:04.255+0700	restoring iot_backup.sensors from /tmp/mongo_clone/iot/sensors.bson
2026-07-07T02:00:04.270+0700	restoring iot_backup.prvdatas from /tmp/mongo_clone/iot/prvdatas.bson
2026-07-07T02:00:04.322+0700	restoring iot_backup.alarms from /tmp/mongo_clone/iot/alarms.bson
2026-07-07T02:00:04.341+0700	restoring iot_backup.prvcontrols from /tmp/mongo_clone/iot/prvcontrols.bson
2026-07-07T02:00:04.351+0700	finished restoring iot_backup.prvcontrols (398 documents, 0 failures)
2026-07-07T02:00:04.399+0700	restoring iot_backup.infos from /tmp/mongo_clone/iot/infos.bson
2026-07-07T02:00:04.416+0700	finished restoring iot_backup.infos (24 documents, 0 failures)
2026-07-07T02:00:04.454+0700	restoring iot_backup.prvs from /tmp/mongo_clone/iot/prvs.bson
2026-07-07T02:00:04.466+0700	finished restoring iot_backup.prvs (3 documents, 0 failures)
2026-07-07T02:00:04.519+0700	restoring iot_backup.groups from /tmp/mongo_clone/iot/groups.bson
2026-07-07T02:00:04.529+0700	finished restoring iot_backup.groups (11 documents, 0 failures)
2026-07-07T02:00:04.603+0700	restoring iot_backup.users from /tmp/mongo_clone/iot/users.bson
2026-07-07T02:00:04.613+0700	finished restoring iot_backup.users (2 documents, 0 failures)
2026-07-07T02:00:04.651+0700	restoring iot_backup.prvtimes from /tmp/mongo_clone/iot/prvtimes.bson
2026-07-07T02:00:04.669+0700	finished restoring iot_backup.prvtimes (0 documents, 0 failures)
2026-07-07T02:00:04.705+0700	finished restoring iot_backup.alarms (55744 documents, 0 failures)
2026-07-07T02:00:05.478+0700	finished restoring iot_backup.prvdatas (144030 documents, 0 failures)
2026-07-07T02:00:07.195+0700	[####....................]  iot_backup.sensors  47.6MB/275MB  (17.3%)
2026-07-07T02:00:10.195+0700	[########................]  iot_backup.sensors  98.2MB/275MB  (35.7%)
2026-07-07T02:00:13.194+0700	[############............]  iot_backup.sensors  148MB/275MB  (54.0%)
2026-07-07T02:00:16.195+0700	[#################.......]  iot_backup.sensors  200MB/275MB  (72.8%)
2026-07-07T02:00:19.194+0700	[#####################...]  iot_backup.sensors  251MB/275MB  (91.4%)
2026-07-07T02:00:20.586+0700	[########################]  iot_backup.sensors  275MB/275MB  (100.0%)
2026-07-07T02:00:20.586+0700	finished restoring iot_backup.sensors (2395842 documents, 0 failures)
2026-07-07T02:00:20.586+0700	no indexes to restore for collection iot_backup.groups
2026-07-07T02:00:20.587+0700	no indexes to restore for collection iot_backup.prvtimes
2026-07-07T02:00:20.587+0700	restoring indexes for collection iot_backup.prvdatas from metadata
2026-07-07T02:00:20.587+0700	index: &idx.IndexDocument{Options:primitive.M{"background":true, "expireAfterSeconds":2592000, "name":"createAt_1", "v":2}, Key:primitive.D{primitive.E{Key:"createAt", Value:1}}, PartialFilterExpression:primitive.D(nil)}
2026-07-07T02:00:20.587+0700	no indexes to restore for collection iot_backup.infos
2026-07-07T02:00:20.587+0700	no indexes to restore for collection iot_backup.prvs
2026-07-07T02:00:20.587+0700	no indexes to restore for collection iot_backup.users
2026-07-07T02:00:20.587+0700	no indexes to restore for collection iot_backup.alarms
2026-07-07T02:00:20.587+0700	restoring indexes for collection iot_backup.prvcontrols from metadata
2026-07-07T02:00:20.587+0700	index: &idx.IndexDocument{Options:primitive.M{"background":true, "expireAfterSeconds":86400, "name":"createAt_-1", "v":2}, Key:primitive.D{primitive.E{Key:"createAt", Value:-1}}, PartialFilterExpression:primitive.D(nil)}
2026-07-07T02:00:20.587+0700	restoring indexes for collection iot_backup.sensors from metadata
2026-07-07T02:00:20.587+0700	index: &idx.IndexDocument{Options:primitive.M{"background":true, "name":"user_1_createAt_1_index_1", "v":2}, Key:primitive.D{primitive.E{Key:"user", Value:1}, primitive.E{Key:"createAt", Value:1}, primitive.E{Key:"index", Value:1}}, PartialFilterExpression:primitive.D(nil)}
2026-07-07T02:00:23.978+0700	2596054 document(s) restored successfully. 0 document(s) failed to restore.
Backup clone done at Tue Jul  7 02:00:24 +07 2026
{ ok: 1, dropped: 'iot_backup' }
2026-07-08T02:00:01.623+0700	writing iot.sensors to /tmp/mongo_clone/iot/sensors.bson
2026-07-08T02:00:01.623+0700	writing iot.prvdatas to /tmp/mongo_clone/iot/prvdatas.bson
2026-07-08T02:00:01.623+0700	writing iot.alarms to /tmp/mongo_clone/iot/alarms.bson
2026-07-08T02:00:01.623+0700	writing iot.prvcontrols to /tmp/mongo_clone/iot/prvcontrols.bson
2026-07-08T02:00:01.625+0700	done dumping iot.prvcontrols (374 documents)
2026-07-08T02:00:01.625+0700	writing iot.infos to /tmp/mongo_clone/iot/infos.bson
2026-07-08T02:00:01.625+0700	done dumping iot.infos (24 documents)
2026-07-08T02:00:01.625+0700	writing iot.groups to /tmp/mongo_clone/iot/groups.bson
2026-07-08T02:00:01.626+0700	done dumping iot.groups (12 documents)
2026-07-08T02:00:01.626+0700	writing iot.prvs to /tmp/mongo_clone/iot/prvs.bson
2026-07-08T02:00:01.626+0700	done dumping iot.prvs (3 documents)
2026-07-08T02:00:01.626+0700	writing iot.users to /tmp/mongo_clone/iot/users.bson
2026-07-08T02:00:01.626+0700	done dumping iot.users (2 documents)
2026-07-08T02:00:01.626+0700	writing iot.prvtimes to /tmp/mongo_clone/iot/prvtimes.bson
2026-07-08T02:00:01.626+0700	done dumping iot.prvtimes (0 documents)
2026-07-08T02:00:01.680+0700	done dumping iot.alarms (56051 documents)
2026-07-08T02:00:01.764+0700	done dumping iot.prvdatas (144338 documents)
2026-07-08T02:00:03.626+0700	done dumping iot.sensors (2425948 documents)
2026-07-08T02:00:03.637+0700	The --db and --collection flags are deprecated for this use-case; please use --nsInclude instead, i.e. with --nsInclude=${DATABASE}.${COLLECTION}
2026-07-08T02:00:03.637+0700	building a list of collections to restore from /tmp/mongo_clone/iot dir
2026-07-08T02:00:03.638+0700	don't know what to do with file "/tmp/mongo_clone/iot/prelude.json", skipping...
2026-07-08T02:00:03.638+0700	reading metadata for iot_backup.alarms from /tmp/mongo_clone/iot/alarms.metadata.json
2026-07-08T02:00:03.638+0700	reading metadata for iot_backup.groups from /tmp/mongo_clone/iot/groups.metadata.json
2026-07-08T02:00:03.638+0700	reading metadata for iot_backup.prvcontrols from /tmp/mongo_clone/iot/prvcontrols.metadata.json
2026-07-08T02:00:03.638+0700	reading metadata for iot_backup.prvtimes from /tmp/mongo_clone/iot/prvtimes.metadata.json
2026-07-08T02:00:03.638+0700	reading metadata for iot_backup.infos from /tmp/mongo_clone/iot/infos.metadata.json
2026-07-08T02:00:03.638+0700	reading metadata for iot_backup.prvdatas from /tmp/mongo_clone/iot/prvdatas.metadata.json
2026-07-08T02:00:03.638+0700	reading metadata for iot_backup.prvs from /tmp/mongo_clone/iot/prvs.metadata.json
2026-07-08T02:00:03.638+0700	reading metadata for iot_backup.sensors from /tmp/mongo_clone/iot/sensors.metadata.json
2026-07-08T02:00:03.638+0700	reading metadata for iot_backup.users from /tmp/mongo_clone/iot/users.metadata.json
2026-07-08T02:00:03.724+0700	restoring iot_backup.sensors from /tmp/mongo_clone/iot/sensors.bson
2026-07-08T02:00:03.756+0700	restoring iot_backup.prvdatas from /tmp/mongo_clone/iot/prvdatas.bson
2026-07-08T02:00:03.771+0700	restoring iot_backup.alarms from /tmp/mongo_clone/iot/alarms.bson
2026-07-08T02:00:03.785+0700	restoring iot_backup.prvcontrols from /tmp/mongo_clone/iot/prvcontrols.bson
2026-07-08T02:00:03.796+0700	finished restoring iot_backup.prvcontrols (374 documents, 0 failures)
2026-07-08T02:00:03.829+0700	restoring iot_backup.infos from /tmp/mongo_clone/iot/infos.bson
2026-07-08T02:00:03.840+0700	finished restoring iot_backup.infos (24 documents, 0 failures)
2026-07-08T02:00:03.975+0700	restoring iot_backup.prvs from /tmp/mongo_clone/iot/prvs.bson
2026-07-08T02:00:03.991+0700	finished restoring iot_backup.prvs (3 documents, 0 failures)
2026-07-08T02:00:04.023+0700	restoring iot_backup.groups from /tmp/mongo_clone/iot/groups.bson
2026-07-08T02:00:04.042+0700	finished restoring iot_backup.groups (12 documents, 0 failures)
2026-07-08T02:00:04.080+0700	restoring iot_backup.users from /tmp/mongo_clone/iot/users.bson
2026-07-08T02:00:04.091+0700	finished restoring iot_backup.users (2 documents, 0 failures)
2026-07-08T02:00:04.148+0700	restoring iot_backup.prvtimes from /tmp/mongo_clone/iot/prvtimes.bson
2026-07-08T02:00:04.161+0700	finished restoring iot_backup.prvtimes (0 documents, 0 failures)
2026-07-08T02:00:04.170+0700	finished restoring iot_backup.alarms (56051 documents, 0 failures)
2026-07-08T02:00:04.974+0700	finished restoring iot_backup.prvdatas (144338 documents, 0 failures)
2026-07-08T02:00:06.637+0700	[####....................]  iot_backup.sensors  47.5MB/279MB  (17.0%)
2026-07-08T02:00:09.637+0700	[########................]  iot_backup.sensors  97.7MB/279MB  (35.1%)
2026-07-08T02:00:12.637+0700	[############............]  iot_backup.sensors  148MB/279MB  (53.3%)
2026-07-08T02:00:15.637+0700	[#################.......]  iot_backup.sensors  199MB/279MB  (71.4%)
2026-07-08T02:00:18.637+0700	[#####################...]  iot_backup.sensors  250MB/279MB  (89.8%)
2026-07-08T02:00:20.285+0700	[########################]  iot_backup.sensors  279MB/279MB  (100.0%)
2026-07-08T02:00:20.285+0700	finished restoring iot_backup.sensors (2425948 documents, 0 failures)
2026-07-08T02:00:20.285+0700	no indexes to restore for collection iot_backup.prvs
2026-07-08T02:00:20.285+0700	restoring indexes for collection iot_backup.sensors from metadata
2026-07-08T02:00:20.285+0700	index: &idx.IndexDocument{Options:primitive.M{"background":true, "name":"user_1_createAt_1_index_1", "v":2}, Key:primitive.D{primitive.E{Key:"user", Value:1}, primitive.E{Key:"createAt", Value:1}, primitive.E{Key:"index", Value:1}}, PartialFilterExpression:primitive.D(nil)}
2026-07-08T02:00:20.285+0700	no indexes to restore for collection iot_backup.users
2026-07-08T02:00:20.285+0700	no indexes to restore for collection iot_backup.groups
2026-07-08T02:00:20.285+0700	no indexes to restore for collection iot_backup.prvtimes
2026-07-08T02:00:20.285+0700	restoring indexes for collection iot_backup.prvdatas from metadata
2026-07-08T02:00:20.285+0700	index: &idx.IndexDocument{Options:primitive.M{"background":true, "expireAfterSeconds":2592000, "name":"createAt_1", "v":2}, Key:primitive.D{primitive.E{Key:"createAt", Value:1}}, PartialFilterExpression:primitive.D(nil)}
2026-07-08T02:00:20.285+0700	no indexes to restore for collection iot_backup.alarms
2026-07-08T02:00:20.285+0700	restoring indexes for collection iot_backup.prvcontrols from metadata
2026-07-08T02:00:20.285+0700	index: &idx.IndexDocument{Options:primitive.M{"background":true, "expireAfterSeconds":86400, "name":"createAt_-1", "v":2}, Key:primitive.D{primitive.E{Key:"createAt", Value:-1}}, PartialFilterExpression:primitive.D(nil)}
2026-07-08T02:00:20.285+0700	no indexes to restore for collection iot_backup.infos
2026-07-08T02:00:23.707+0700	2626752 document(s) restored successfully. 0 document(s) failed to restore.
Backup clone done at Wed Jul  8 02:00:23 +07 2026
{ ok: 1, dropped: 'iot_backup' }
2026-07-09T02:00:02.333+0700	writing iot.sensors to /tmp/mongo_clone/iot/sensors.bson
2026-07-09T02:00:02.333+0700	writing iot.alarms to /tmp/mongo_clone/iot/alarms.bson
2026-07-09T02:00:02.333+0700	writing iot.prvdatas to /tmp/mongo_clone/iot/prvdatas.bson
2026-07-09T02:00:02.333+0700	writing iot.prvcontrols to /tmp/mongo_clone/iot/prvcontrols.bson
2026-07-09T02:00:02.335+0700	done dumping iot.prvcontrols (729 documents)
2026-07-09T02:00:02.335+0700	writing iot.infos to /tmp/mongo_clone/iot/infos.bson
2026-07-09T02:00:02.336+0700	done dumping iot.infos (24 documents)
2026-07-09T02:00:02.336+0700	writing iot.groups to /tmp/mongo_clone/iot/groups.bson
2026-07-09T02:00:02.336+0700	done dumping iot.groups (12 documents)
2026-07-09T02:00:02.336+0700	writing iot.prvs to /tmp/mongo_clone/iot/prvs.bson
2026-07-09T02:00:02.336+0700	done dumping iot.prvs (3 documents)
2026-07-09T02:00:02.336+0700	writing iot.users to /tmp/mongo_clone/iot/users.bson
2026-07-09T02:00:02.336+0700	done dumping iot.users (2 documents)
2026-07-09T02:00:02.336+0700	writing iot.prvtimes to /tmp/mongo_clone/iot/prvtimes.bson
2026-07-09T02:00:02.337+0700	done dumping iot.prvtimes (0 documents)
2026-07-09T02:00:02.390+0700	done dumping iot.alarms (56380 documents)
2026-07-09T02:00:02.477+0700	done dumping iot.prvdatas (144281 documents)
2026-07-09T02:00:04.298+0700	done dumping iot.sensors (2456822 documents)
2026-07-09T02:00:04.310+0700	The --db and --collection flags are deprecated for this use-case; please use --nsInclude instead, i.e. with --nsInclude=${DATABASE}.${COLLECTION}
2026-07-09T02:00:04.310+0700	building a list of collections to restore from /tmp/mongo_clone/iot dir
2026-07-09T02:00:04.310+0700	don't know what to do with file "/tmp/mongo_clone/iot/prelude.json", skipping...
2026-07-09T02:00:04.310+0700	reading metadata for iot_backup.prvs from /tmp/mongo_clone/iot/prvs.metadata.json
2026-07-09T02:00:04.310+0700	reading metadata for iot_backup.groups from /tmp/mongo_clone/iot/groups.metadata.json
2026-07-09T02:00:04.310+0700	reading metadata for iot_backup.infos from /tmp/mongo_clone/iot/infos.metadata.json
2026-07-09T02:00:04.310+0700	reading metadata for iot_backup.prvdatas from /tmp/mongo_clone/iot/prvdatas.metadata.json
2026-07-09T02:00:04.310+0700	reading metadata for iot_backup.prvtimes from /tmp/mongo_clone/iot/prvtimes.metadata.json
2026-07-09T02:00:04.310+0700	reading metadata for iot_backup.sensors from /tmp/mongo_clone/iot/sensors.metadata.json
2026-07-09T02:00:04.310+0700	reading metadata for iot_backup.users from /tmp/mongo_clone/iot/users.metadata.json
2026-07-09T02:00:04.310+0700	reading metadata for iot_backup.alarms from /tmp/mongo_clone/iot/alarms.metadata.json
2026-07-09T02:00:04.310+0700	reading metadata for iot_backup.prvcontrols from /tmp/mongo_clone/iot/prvcontrols.metadata.json
2026-07-09T02:00:04.407+0700	restoring iot_backup.sensors from /tmp/mongo_clone/iot/sensors.bson
2026-07-09T02:00:04.416+0700	restoring iot_backup.prvdatas from /tmp/mongo_clone/iot/prvdatas.bson
2026-07-09T02:00:04.431+0700	restoring iot_backup.alarms from /tmp/mongo_clone/iot/alarms.bson
2026-07-09T02:00:04.446+0700	restoring iot_backup.prvcontrols from /tmp/mongo_clone/iot/prvcontrols.bson
2026-07-09T02:00:04.456+0700	finished restoring iot_backup.prvcontrols (729 documents, 0 failures)
2026-07-09T02:00:04.487+0700	restoring iot_backup.infos from /tmp/mongo_clone/iot/infos.bson
2026-07-09T02:00:04.497+0700	finished restoring iot_backup.infos (24 documents, 0 failures)
2026-07-09T02:00:04.543+0700	restoring iot_backup.prvs from /tmp/mongo_clone/iot/prvs.bson
2026-07-09T02:00:04.554+0700	finished restoring iot_backup.prvs (3 documents, 0 failures)
2026-07-09T02:00:04.599+0700	restoring iot_backup.groups from /tmp/mongo_clone/iot/groups.bson
2026-07-09T02:00:04.617+0700	finished restoring iot_backup.groups (12 documents, 0 failures)
2026-07-09T02:00:04.653+0700	restoring iot_backup.users from /tmp/mongo_clone/iot/users.bson
2026-07-09T02:00:04.669+0700	finished restoring iot_backup.users (2 documents, 0 failures)
2026-07-09T02:00:04.706+0700	restoring iot_backup.prvtimes from /tmp/mongo_clone/iot/prvtimes.bson
2026-07-09T02:00:04.717+0700	finished restoring iot_backup.prvtimes (0 documents, 0 failures)
2026-07-09T02:00:04.850+0700	finished restoring iot_backup.alarms (56380 documents, 0 failures)
2026-07-09T02:00:05.588+0700	finished restoring iot_backup.prvdatas (144281 documents, 0 failures)
2026-07-09T02:00:07.309+0700	[####....................]  iot_backup.sensors  48.1MB/282MB  (17.1%)
2026-07-09T02:00:10.310+0700	[########................]  iot_backup.sensors  98.7MB/282MB  (35.0%)
2026-07-09T02:00:13.310+0700	[############............]  iot_backup.sensors  151MB/282MB  (53.5%)
2026-07-09T02:00:16.309+0700	[#################.......]  iot_backup.sensors  202MB/282MB  (71.6%)
2026-07-09T02:00:19.309+0700	[#####################...]  iot_backup.sensors  254MB/282MB  (90.1%)
2026-07-09T02:00:20.943+0700	[########################]  iot_backup.sensors  282MB/282MB  (100.0%)
2026-07-09T02:00:20.943+0700	finished restoring iot_backup.sensors (2456822 documents, 0 failures)
2026-07-09T02:00:20.943+0700	no indexes to restore for collection iot_backup.groups
2026-07-09T02:00:20.943+0700	restoring indexes for collection iot_backup.sensors from metadata
2026-07-09T02:00:20.943+0700	index: &idx.IndexDocument{Options:primitive.M{"background":true, "name":"user_1_createAt_1_index_1", "v":2}, Key:primitive.D{primitive.E{Key:"user", Value:1}, primitive.E{Key:"createAt", Value:1}, primitive.E{Key:"index", Value:1}}, PartialFilterExpression:primitive.D(nil)}
2026-07-09T02:00:20.943+0700	no indexes to restore for collection iot_backup.prvtimes
2026-07-09T02:00:20.944+0700	no indexes to restore for collection iot_backup.users
2026-07-09T02:00:20.944+0700	no indexes to restore for collection iot_backup.alarms
2026-07-09T02:00:20.944+0700	restoring indexes for collection iot_backup.prvcontrols from metadata
2026-07-09T02:00:20.944+0700	index: &idx.IndexDocument{Options:primitive.M{"background":true, "expireAfterSeconds":86400, "name":"createAt_-1", "v":2}, Key:primitive.D{primitive.E{Key:"createAt", Value:-1}}, PartialFilterExpression:primitive.D(nil)}
2026-07-09T02:00:20.944+0700	no indexes to restore for collection iot_backup.prvs
2026-07-09T02:00:20.944+0700	no indexes to restore for collection iot_backup.infos
2026-07-09T02:00:20.944+0700	restoring indexes for collection iot_backup.prvdatas from metadata
2026-07-09T02:00:20.944+0700	index: &idx.IndexDocument{Options:primitive.M{"background":true, "expireAfterSeconds":2592000, "name":"createAt_1", "v":2}, Key:primitive.D{primitive.E{Key:"createAt", Value:1}}, PartialFilterExpression:primitive.D(nil)}
2026-07-09T02:00:24.392+0700	2658253 document(s) restored successfully. 0 document(s) failed to restore.
Backup clone done at Thu Jul  9 02:00:24 +07 2026
{ ok: 1, dropped: 'iot_backup' }
2026-07-10T02:00:02.041+0700	writing iot.sensors to /tmp/mongo_clone/iot/sensors.bson
2026-07-10T02:00:02.042+0700	writing iot.prvdatas to /tmp/mongo_clone/iot/prvdatas.bson
2026-07-10T02:00:02.042+0700	writing iot.alarms to /tmp/mongo_clone/iot/alarms.bson
2026-07-10T02:00:02.042+0700	writing iot.prvcontrols to /tmp/mongo_clone/iot/prvcontrols.bson
2026-07-10T02:00:02.044+0700	done dumping iot.prvcontrols (930 documents)
2026-07-10T02:00:02.044+0700	writing iot.infos to /tmp/mongo_clone/iot/infos.bson
2026-07-10T02:00:02.044+0700	done dumping iot.infos (24 documents)
2026-07-10T02:00:02.044+0700	writing iot.groups to /tmp/mongo_clone/iot/groups.bson
2026-07-10T02:00:02.045+0700	done dumping iot.groups (12 documents)
2026-07-10T02:00:02.045+0700	writing iot.prvs to /tmp/mongo_clone/iot/prvs.bson
2026-07-10T02:00:02.045+0700	done dumping iot.prvs (3 documents)
2026-07-10T02:00:02.045+0700	writing iot.users to /tmp/mongo_clone/iot/users.bson
2026-07-10T02:00:02.045+0700	done dumping iot.users (2 documents)
2026-07-10T02:00:02.045+0700	writing iot.prvtimes to /tmp/mongo_clone/iot/prvtimes.bson
2026-07-10T02:00:02.045+0700	done dumping iot.prvtimes (0 documents)
2026-07-10T02:00:02.103+0700	done dumping iot.alarms (56699 documents)
2026-07-10T02:00:02.187+0700	done dumping iot.prvdatas (144424 documents)
2026-07-10T02:00:04.100+0700	done dumping iot.sensors (2488224 documents)
2026-07-10T02:00:04.110+0700	The --db and --collection flags are deprecated for this use-case; please use --nsInclude instead, i.e. with --nsInclude=${DATABASE}.${COLLECTION}
2026-07-10T02:00:04.110+0700	building a list of collections to restore from /tmp/mongo_clone/iot dir
2026-07-10T02:00:04.110+0700	don't know what to do with file "/tmp/mongo_clone/iot/prelude.json", skipping...
2026-07-10T02:00:04.110+0700	reading metadata for iot_backup.prvtimes from /tmp/mongo_clone/iot/prvtimes.metadata.json
2026-07-10T02:00:04.110+0700	reading metadata for iot_backup.sensors from /tmp/mongo_clone/iot/sensors.metadata.json
2026-07-10T02:00:04.111+0700	reading metadata for iot_backup.groups from /tmp/mongo_clone/iot/groups.metadata.json
2026-07-10T02:00:04.111+0700	reading metadata for iot_backup.infos from /tmp/mongo_clone/iot/infos.metadata.json
2026-07-10T02:00:04.111+0700	reading metadata for iot_backup.prvdatas from /tmp/mongo_clone/iot/prvdatas.metadata.json
2026-07-10T02:00:04.111+0700	reading metadata for iot_backup.prvs from /tmp/mongo_clone/iot/prvs.metadata.json
2026-07-10T02:00:04.111+0700	reading metadata for iot_backup.users from /tmp/mongo_clone/iot/users.metadata.json
2026-07-10T02:00:04.111+0700	reading metadata for iot_backup.alarms from /tmp/mongo_clone/iot/alarms.metadata.json
2026-07-10T02:00:04.111+0700	reading metadata for iot_backup.prvcontrols from /tmp/mongo_clone/iot/prvcontrols.metadata.json
2026-07-10T02:00:04.169+0700	restoring iot_backup.sensors from /tmp/mongo_clone/iot/sensors.bson
2026-07-10T02:00:04.181+0700	restoring iot_backup.prvdatas from /tmp/mongo_clone/iot/prvdatas.bson
2026-07-10T02:00:04.191+0700	restoring iot_backup.alarms from /tmp/mongo_clone/iot/alarms.bson
2026-07-10T02:00:04.204+0700	restoring iot_backup.prvcontrols from /tmp/mongo_clone/iot/prvcontrols.bson
2026-07-10T02:00:04.214+0700	finished restoring iot_backup.prvcontrols (930 documents, 0 failures)
2026-07-10T02:00:04.281+0700	restoring iot_backup.infos from /tmp/mongo_clone/iot/infos.bson
2026-07-10T02:00:04.293+0700	finished restoring iot_backup.infos (24 documents, 0 failures)
2026-07-10T02:00:04.327+0700	restoring iot_backup.prvs from /tmp/mongo_clone/iot/prvs.bson
2026-07-10T02:00:04.338+0700	finished restoring iot_backup.prvs (3 documents, 0 failures)
2026-07-10T02:00:04.380+0700	restoring iot_backup.groups from /tmp/mongo_clone/iot/groups.bson
2026-07-10T02:00:04.397+0700	finished restoring iot_backup.groups (12 documents, 0 failures)
2026-07-10T02:00:04.432+0700	restoring iot_backup.users from /tmp/mongo_clone/iot/users.bson
2026-07-10T02:00:04.445+0700	finished restoring iot_backup.users (2 documents, 0 failures)
2026-07-10T02:00:04.481+0700	restoring iot_backup.prvtimes from /tmp/mongo_clone/iot/prvtimes.bson
2026-07-10T02:00:04.494+0700	finished restoring iot_backup.prvtimes (0 documents, 0 failures)
2026-07-10T02:00:04.574+0700	finished restoring iot_backup.alarms (56699 documents, 0 failures)
2026-07-10T02:00:05.354+0700	finished restoring iot_backup.prvdatas (144424 documents, 0 failures)
2026-07-10T02:00:07.110+0700	[####....................]  iot_backup.sensors  48.1MB/286MB  (16.9%)
2026-07-10T02:00:10.110+0700	[########................]  iot_backup.sensors  98.8MB/286MB  (34.6%)
2026-07-10T02:00:13.110+0700	[############............]  iot_backup.sensors  150MB/286MB  (52.5%)
2026-07-10T02:00:16.110+0700	[#################.......]  iot_backup.sensors  202MB/286MB  (70.8%)
2026-07-10T02:00:19.111+0700	[#####################...]  iot_backup.sensors  254MB/286MB  (89.0%)
2026-07-10T02:00:20.933+0700	[########################]  iot_backup.sensors  286MB/286MB  (100.0%)
2026-07-10T02:00:20.933+0700	finished restoring iot_backup.sensors (2488224 documents, 0 failures)
2026-07-10T02:00:20.933+0700	no indexes to restore for collection iot_backup.infos
2026-07-10T02:00:20.933+0700	restoring indexes for collection iot_backup.prvdatas from metadata
2026-07-10T02:00:20.933+0700	index: &idx.IndexDocument{Options:primitive.M{"background":true, "expireAfterSeconds":2592000, "name":"createAt_1", "v":2}, Key:primitive.D{primitive.E{Key:"createAt", Value:1}}, PartialFilterExpression:primitive.D(nil)}
2026-07-10T02:00:20.933+0700	no indexes to restore for collection iot_backup.users
2026-07-10T02:00:20.933+0700	no indexes to restore for collection iot_backup.alarms
2026-07-10T02:00:20.933+0700	restoring indexes for collection iot_backup.sensors from metadata
2026-07-10T02:00:20.933+0700	index: &idx.IndexDocument{Options:primitive.M{"background":true, "name":"user_1_createAt_1_index_1", "v":2}, Key:primitive.D{primitive.E{Key:"user", Value:1}, primitive.E{Key:"createAt", Value:1}, primitive.E{Key:"index", Value:1}}, PartialFilterExpression:primitive.D(nil)}
2026-07-10T02:00:20.933+0700	no indexes to restore for collection iot_backup.groups
2026-07-10T02:00:20.933+0700	no indexes to restore for collection iot_backup.prvs
2026-07-10T02:00:20.933+0700	restoring indexes for collection iot_backup.prvcontrols from metadata
2026-07-10T02:00:20.933+0700	index: &idx.IndexDocument{Options:primitive.M{"background":true, "expireAfterSeconds":86400, "name":"createAt_-1", "v":2}, Key:primitive.D{primitive.E{Key:"createAt", Value:-1}}, PartialFilterExpression:primitive.D(nil)}
2026-07-10T02:00:20.933+0700	no indexes to restore for collection iot_backup.prvtimes
2026-07-10T02:00:24.492+0700	2690318 document(s) restored successfully. 0 document(s) failed to restore.
Backup clone done at Fri Jul 10 02:00:24 +07 2026
